check_id,source,site,check_type,url,viewport_browser,detail,result,severity,issue_id,evidence,steps,expected,actual,selector,console,network,screenshot,video,likely_cause
C0001,crawl,www.thecurecompany.com,http_status,https://www.thecurecompany.com/about,desktop 1366x900 Chromium (Playwright),HTTP 200 (expected 200),pass,,,,,,,,,,screenshots/pages/desktop_about.png,,
C0002,crawl,www.thecurecompany.com,load_time_under_3s,https://www.thecurecompany.com/about,desktop 1366x900 Chromium (Playwright),navigation start to load event 3096 ms (single concurrent sample),fail,Medium,M-12,,,< 3000 ms,3096 ms,,,,screenshots/pages/desktop_about.png,,
C0003,crawl,www.thecurecompany.com,mobile_overflow_390,https://www.thecurecompany.com/about,mobile 390x844 Chromium (Playwright),scrollWidth 390 vs viewport 390,pass,,,,,,,,,,screenshots/pages/mobile_about.png,,
C0004,crawl,www.thecurecompany.com,console_errors_excl_alpineiq,https://www.thecurecompany.com/about,desktop 1366x900 Chromium (Playwright),"0 non-AlpineIQ errors; 2 AlpineIQ rate-limit errors (429, induced by crawl volume) ignored",pass,,,,,,,,,,screenshots/pages/desktop_about.png,,
C0005,crawl,www.thecurecompany.com,images_load,https://www.thecurecompany.com/about,desktop 1366x900 Chromium (Playwright),"12 loaded, 0 broken, 0 lazy never loaded (not tested)",pass,,,,,,,,,,screenshots/pages/desktop_about.png,,
C0006,crawl,www.thecurecompany.com,img_alt_text,https://www.thecurecompany.com/about,desktop 1366x900 Chromium (Playwright),2/2 visible non-decorative images have alt,pass,,,,,,,,,,screenshots/pages/desktop_about.png,,
C0007,crawl,www.thecurecompany.com,has_h1,https://www.thecurecompany.com/about,desktop 1366x900 Chromium (Playwright),"H1 count 0; title ""About The Cure Company | Premium Cannabis Crafted with Passion""",fail,Low,L-5,,,,,,,,screenshots/pages/desktop_about.png,,
C0008,crawl,www.thecurecompany.com,http_status,https://www.thecurecompany.com/address,desktop 1366x900 Chromium (Playwright),HTTP 200 (expected 200),pass,,,,,,,,,,screenshots/pages/desktop_address.png,,
C0009,crawl,www.thecurecompany.com,load_time_under_3s,https://www.thecurecompany.com/address,desktop 1366x900 Chromium (Playwright),navigation start to load event 1050 ms (single concurrent sample),pass,,,,,< 3000 ms,1050 ms,,,,screenshots/pages/desktop_address.png,,
C0010,crawl,www.thecurecompany.com,mobile_overflow_390,https://www.thecurecompany.com/address,mobile 390x844 Chromium (Playwright),scrollWidth 390 vs viewport 390,pass,,,,,,,,,,screenshots/pages/mobile_address.png,,
C0011,crawl,www.thecurecompany.com,console_errors_excl_alpineiq,https://www.thecurecompany.com/address,desktop 1366x900 Chromium (Playwright),"0 non-AlpineIQ errors; 2 AlpineIQ rate-limit errors (429, induced by crawl volume) ignored",pass,,,,,,,,,,screenshots/pages/desktop_address.png,,
C0012,crawl,www.thecurecompany.com,images_load,https://www.thecurecompany.com/address,desktop 1366x900 Chromium (Playwright),"10 loaded, 0 broken, 0 lazy never loaded (not tested)",pass,,,,,,,,,,screenshots/pages/desktop_address.png,,
C0013,crawl,www.thecurecompany.com,has_h1,https://www.thecurecompany.com/address,desktop 1366x900 Chromium (Playwright),"H1 count 0; title ""Login""",fail,Low,L-5,,,,,,,,screenshots/pages/desktop_address.png,,
C0014,crawl,www.thecurecompany.com,http_status,https://www.thecurecompany.com/category?name=concentrates,desktop 1366x900 Chromium (Playwright),HTTP 200 (expected 200),pass,,,,,,,,,,screenshots/pages/desktop_category_name_concentrates.png,,
C0015,crawl,www.thecurecompany.com,load_time_under_3s,https://www.thecurecompany.com/category?name=concentrates,desktop 1366x900 Chromium (Playwright),navigation start to load event 3801 ms (single concurrent sample),fail,Medium,M-12,,,< 3000 ms,3801 ms,,,,screenshots/pages/desktop_category_name_concentrates.png,,
C0016,crawl,www.thecurecompany.com,mobile_overflow_390,https://www.thecurecompany.com/category?name=concentrates,mobile 390x844 Chromium (Playwright),scrollWidth 390 vs viewport 390,pass,,,,,,,,,,screenshots/pages/mobile_category_name_concentrates.png,,
C0017,crawl,www.thecurecompany.com,console_errors_excl_alpineiq,https://www.thecurecompany.com/category?name=concentrates,desktop 1366x900 Chromium (Playwright),"0 non-AlpineIQ errors; 2 AlpineIQ rate-limit errors (429, induced by crawl volume) ignored",pass,,,,,,,,,,screenshots/pages/desktop_category_name_concentrates.png,,
C0018,crawl,www.thecurecompany.com,images_load,https://www.thecurecompany.com/category?name=concentrates,desktop 1366x900 Chromium (Playwright),"15 loaded, 0 broken, 6 lazy never loaded (not tested)",pass,,,,,,,,,,screenshots/pages/desktop_category_name_concentrates.png,,
C0019,crawl,www.thecurecompany.com,img_alt_text,https://www.thecurecompany.com/category?name=concentrates,desktop 1366x900 Chromium (Playwright),5/5 visible non-decorative images have alt,pass,,,,,,,,,,screenshots/pages/desktop_category_name_concentrates.png,,
C0020,crawl,www.thecurecompany.com,has_h1,https://www.thecurecompany.com/category?name=concentrates,desktop 1366x900 Chromium (Playwright),"H1 count 0; title ""Category""",fail,Low,L-5,,,,,,,,screenshots/pages/desktop_category_name_concentrates.png,,
C0021,crawl,www.thecurecompany.com,http_status,https://www.thecurecompany.com/category?name=edibles,desktop 1366x900 Chromium (Playwright),HTTP 200 (expected 200),pass,,,,,,,,,,screenshots/pages/desktop_category_name_edibles.png,,
C0022,crawl,www.thecurecompany.com,load_time_under_3s,https://www.thecurecompany.com/category?name=edibles,desktop 1366x900 Chromium (Playwright),navigation start to load event 3453 ms (single concurrent sample),fail,Medium,M-12,,,< 3000 ms,3453 ms,,,,screenshots/pages/desktop_category_name_edibles.png,,
C0023,crawl,www.thecurecompany.com,mobile_overflow_390,https://www.thecurecompany.com/category?name=edibles,mobile 390x844 Chromium (Playwright),scrollWidth 390 vs viewport 390,pass,,,,,,,,,,screenshots/pages/mobile_category_name_edibles.png,,
C0024,crawl,www.thecurecompany.com,console_errors_excl_alpineiq,https://www.thecurecompany.com/category?name=edibles,desktop 1366x900 Chromium (Playwright),"0 non-AlpineIQ errors; 2 AlpineIQ rate-limit errors (429, induced by crawl volume) ignored",pass,,,,,,,,,,screenshots/pages/desktop_category_name_edibles.png,,
C0025,crawl,www.thecurecompany.com,images_load,https://www.thecurecompany.com/category?name=edibles,desktop 1366x900 Chromium (Playwright),"18 loaded, 0 broken, 6 lazy never loaded (not tested)",pass,,,,,,,,,,screenshots/pages/desktop_category_name_edibles.png,,
C0026,crawl,www.thecurecompany.com,img_alt_text,https://www.thecurecompany.com/category?name=edibles,desktop 1366x900 Chromium (Playwright),8/8 visible non-decorative images have alt,pass,,,,,,,,,,screenshots/pages/desktop_category_name_edibles.png,,
C0027,crawl,www.thecurecompany.com,has_h1,https://www.thecurecompany.com/category?name=edibles,desktop 1366x900 Chromium (Playwright),"H1 count 0; title ""Category""",fail,Low,L-5,,,,,,,,screenshots/pages/desktop_category_name_edibles.png,,
C0028,crawl,www.thecurecompany.com,http_status,https://www.thecurecompany.com/category?name=flower,desktop 1366x900 Chromium (Playwright),HTTP 200 (expected 200),pass,,,,,,,,,,screenshots/pages/desktop_category_name_flower.png,,
C0029,crawl,www.thecurecompany.com,load_time_under_3s,https://www.thecurecompany.com/category?name=flower,desktop 1366x900 Chromium (Playwright),navigation start to load event 3120 ms (single concurrent sample),fail,Medium,M-12,,,< 3000 ms,3120 ms,,,,screenshots/pages/desktop_category_name_flower.png,,
C0030,crawl,www.thecurecompany.com,mobile_overflow_390,https://www.thecurecompany.com/category?name=flower,mobile 390x844 Chromium (Playwright),scrollWidth 390 vs viewport 390,pass,,,,,,,,,,screenshots/pages/mobile_category_name_flower.png,,
C0031,crawl,www.thecurecompany.com,console_errors_excl_alpineiq,https://www.thecurecompany.com/category?name=flower,desktop 1366x900 Chromium (Playwright),"0 non-AlpineIQ errors; 2 AlpineIQ rate-limit errors (429, induced by crawl volume) ignored",pass,,,,,,,,,,screenshots/pages/desktop_category_name_flower.png,,
C0032,crawl,www.thecurecompany.com,images_load,https://www.thecurecompany.com/category?name=flower,desktop 1366x900 Chromium (Playwright),"33 loaded, 0 broken, 6 lazy never loaded (not tested)",pass,,,,,,,,,,screenshots/pages/desktop_category_name_flower.png,,
C0033,crawl,www.thecurecompany.com,img_alt_text,https://www.thecurecompany.com/category?name=flower,desktop 1366x900 Chromium (Playwright),23/23 visible non-decorative images have alt,pass,,,,,,,,,,screenshots/pages/desktop_category_name_flower.png,,
C0034,crawl,www.thecurecompany.com,has_h1,https://www.thecurecompany.com/category?name=flower,desktop 1366x900 Chromium (Playwright),"H1 count 0; title ""Category""",fail,Low,L-5,,,,,,,,screenshots/pages/desktop_category_name_flower.png,,
C0035,crawl,www.thecurecompany.com,http_status,https://www.thecurecompany.com/category?name=prerolls,desktop 1366x900 Chromium (Playwright),HTTP 200 (expected 200),pass,,,,,,,,,,screenshots/pages/desktop_category_name_prerolls.png,,
C0036,crawl,www.thecurecompany.com,load_time_under_3s,https://www.thecurecompany.com/category?name=prerolls,desktop 1366x900 Chromium (Playwright),navigation start to load event 3098 ms (single concurrent sample),fail,Medium,M-12,,,< 3000 ms,3098 ms,,,,screenshots/pages/desktop_category_name_prerolls.png,,
C0037,crawl,www.thecurecompany.com,mobile_overflow_390,https://www.thecurecompany.com/category?name=prerolls,mobile 390x844 Chromium (Playwright),scrollWidth 390 vs viewport 390,pass,,,,,,,,,,screenshots/pages/mobile_category_name_prerolls.png,,
C0038,crawl,www.thecurecompany.com,console_errors_excl_alpineiq,https://www.thecurecompany.com/category?name=prerolls,desktop 1366x900 Chromium (Playwright),"0 non-AlpineIQ errors; 2 AlpineIQ rate-limit errors (429, induced by crawl volume) ignored",pass,,,,,,,,,,screenshots/pages/desktop_category_name_prerolls.png,,
C0039,crawl,www.thecurecompany.com,images_load,https://www.thecurecompany.com/category?name=prerolls,desktop 1366x900 Chromium (Playwright),"33 loaded, 0 broken, 6 lazy never loaded (not tested)",pass,,,,,,,,,,screenshots/pages/desktop_category_name_prerolls.png,,
C0040,crawl,www.thecurecompany.com,img_alt_text,https://www.thecurecompany.com/category?name=prerolls,desktop 1366x900 Chromium (Playwright),23/23 visible non-decorative images have alt,pass,,,,,,,,,,screenshots/pages/desktop_category_name_prerolls.png,,
C0041,crawl,www.thecurecompany.com,has_h1,https://www.thecurecompany.com/category?name=prerolls,desktop 1366x900 Chromium (Playwright),"H1 count 0; title ""Category""",fail,Low,L-5,,,,,,,,screenshots/pages/desktop_category_name_prerolls.png,,
C0042,crawl,www.thecurecompany.com,http_status,https://www.thecurecompany.com/category?name=topicals,desktop 1366x900 Chromium (Playwright),HTTP 200 (expected 200),pass,,,,,,,,,,screenshots/pages/desktop_category_name_topicals.png,,
C0043,crawl,www.thecurecompany.com,load_time_under_3s,https://www.thecurecompany.com/category?name=topicals,desktop 1366x900 Chromium (Playwright),navigation start to load event 3276 ms (single concurrent sample),fail,Medium,M-12,,,< 3000 ms,3276 ms,,,,screenshots/pages/desktop_category_name_topicals.png,,
C0044,crawl,www.thecurecompany.com,mobile_overflow_390,https://www.thecurecompany.com/category?name=topicals,mobile 390x844 Chromium (Playwright),scrollWidth 390 vs viewport 390,pass,,,,,,,,,,screenshots/pages/mobile_category_name_topicals.png,,
C0045,crawl,www.thecurecompany.com,console_errors_excl_alpineiq,https://www.thecurecompany.com/category?name=topicals,desktop 1366x900 Chromium (Playwright),"0 non-AlpineIQ errors; 2 AlpineIQ rate-limit errors (429, induced by crawl volume) ignored",pass,,,,,,,,,,screenshots/pages/desktop_category_name_topicals.png,,
C0046,crawl,www.thecurecompany.com,images_load,https://www.thecurecompany.com/category?name=topicals,desktop 1366x900 Chromium (Playwright),"13 loaded, 0 broken, 6 lazy never loaded (not tested)",pass,,,,,,,,,,screenshots/pages/desktop_category_name_topicals.png,,
C0047,crawl,www.thecurecompany.com,img_alt_text,https://www.thecurecompany.com/category?name=topicals,desktop 1366x900 Chromium (Playwright),3/3 visible non-decorative images have alt,pass,,,,,,,,,,screenshots/pages/desktop_category_name_topicals.png,,
C0048,crawl,www.thecurecompany.com,has_h1,https://www.thecurecompany.com/category?name=topicals,desktop 1366x900 Chromium (Playwright),"H1 count 0; title ""Category""",fail,Low,L-5,,,,,,,,screenshots/pages/desktop_category_name_topicals.png,,
C0049,crawl,www.thecurecompany.com,http_status,https://www.thecurecompany.com/category?name=vaporizers,desktop 1366x900 Chromium (Playwright),HTTP 200 (expected 200),pass,,,,,,,,,,screenshots/pages/desktop_category_name_vaporizers.png,,
C0050,crawl,www.thecurecompany.com,load_time_under_3s,https://www.thecurecompany.com/category?name=vaporizers,desktop 1366x900 Chromium (Playwright),navigation start to load event 3179 ms (single concurrent sample),fail,Medium,M-12,,,< 3000 ms,3179 ms,,,,screenshots/pages/desktop_category_name_vaporizers.png,,
C0051,crawl,www.thecurecompany.com,mobile_overflow_390,https://www.thecurecompany.com/category?name=vaporizers,mobile 390x844 Chromium (Playwright),scrollWidth 390 vs viewport 390,pass,,,,,,,,,,screenshots/pages/mobile_category_name_vaporizers.png,,
C0052,crawl,www.thecurecompany.com,console_errors_excl_alpineiq,https://www.thecurecompany.com/category?name=vaporizers,desktop 1366x900 Chromium (Playwright),"0 non-AlpineIQ errors; 2 AlpineIQ rate-limit errors (429, induced by crawl volume) ignored",pass,,,,,,,,,,screenshots/pages/desktop_category_name_vaporizers.png,,
C0053,crawl,www.thecurecompany.com,images_load,https://www.thecurecompany.com/category?name=vaporizers,desktop 1366x900 Chromium (Playwright),"33 loaded, 0 broken, 6 lazy never loaded (not tested)",pass,,,,,,,,,,screenshots/pages/desktop_category_name_vaporizers.png,,
C0054,crawl,www.thecurecompany.com,img_alt_text,https://www.thecurecompany.com/category?name=vaporizers,desktop 1366x900 Chromium (Playwright),22/22 visible non-decorative images have alt,pass,,,,,,,,,,screenshots/pages/desktop_category_name_vaporizers.png,,
C0055,crawl,www.thecurecompany.com,has_h1,https://www.thecurecompany.com/category?name=vaporizers,desktop 1366x900 Chromium (Playwright),"H1 count 0; title ""Category""",fail,Low,L-5,,,,,,,,screenshots/pages/desktop_category_name_vaporizers.png,,
C0056,crawl,www.thecurecompany.com,http_status,https://www.thecurecompany.com/checkout,desktop 1366x900 Chromium (Playwright),HTTP 200 (expected 200),pass,,,,,,,,,,screenshots/pages/desktop_checkout.png,,
C0057,crawl,www.thecurecompany.com,load_time_under_3s,https://www.thecurecompany.com/checkout,desktop 1366x900 Chromium (Playwright),navigation start to load event 3081 ms (single concurrent sample),fail,Medium,M-12,,,< 3000 ms,3081 ms,,,,screenshots/pages/desktop_checkout.png,,
C0058,crawl,www.thecurecompany.com,mobile_overflow_390,https://www.thecurecompany.com/checkout,mobile 390x844 Chromium (Playwright),scrollWidth 390 vs viewport 390,pass,,,,,,,,,,screenshots/pages/mobile_checkout.png,,
C0059,crawl,www.thecurecompany.com,console_errors_excl_alpineiq,https://www.thecurecompany.com/checkout,desktop 1366x900 Chromium (Playwright),"0 non-AlpineIQ errors; 2 AlpineIQ rate-limit errors (429, induced by crawl volume) ignored",pass,,,,,,,,,,screenshots/pages/desktop_checkout.png,,
C0060,crawl,www.thecurecompany.com,images_load,https://www.thecurecompany.com/checkout,desktop 1366x900 Chromium (Playwright),"8 loaded, 0 broken, 0 lazy never loaded (not tested)",pass,,,,,,,,,,screenshots/pages/desktop_checkout.png,,
C0061,crawl,www.thecurecompany.com,has_h1,https://www.thecurecompany.com/checkout,desktop 1366x900 Chromium (Playwright),"H1 count 0; title ""Checkout""",fail,Low,L-5,,,,,,,,screenshots/pages/desktop_checkout.png,,
C0062,crawl,www.thecurecompany.com,http_status,https://www.thecurecompany.com/collectibles,desktop 1366x900 Chromium (Playwright),HTTP 200 (expected 200),pass,,,,,,,,,,screenshots/pages/desktop_collectibles.png,,
C0063,crawl,www.thecurecompany.com,load_time_under_3s,https://www.thecurecompany.com/collectibles,desktop 1366x900 Chromium (Playwright),navigation start to load event 847 ms (single concurrent sample),pass,,,,,< 3000 ms,847 ms,,,,screenshots/pages/desktop_collectibles.png,,
C0064,crawl,www.thecurecompany.com,mobile_overflow_390,https://www.thecurecompany.com/collectibles,mobile 390x844 Chromium (Playwright),scrollWidth 390 vs viewport 390,pass,,,,,,,,,,screenshots/pages/mobile_collectibles.png,,
C0065,crawl,www.thecurecompany.com,console_errors_excl_alpineiq,https://www.thecurecompany.com/collectibles,desktop 1366x900 Chromium (Playwright),"0 non-AlpineIQ errors; 2 AlpineIQ rate-limit errors (429, induced by crawl volume) ignored",pass,,,,,,,,,,screenshots/pages/desktop_collectibles.png,,
C0066,crawl,www.thecurecompany.com,images_load,https://www.thecurecompany.com/collectibles,desktop 1366x900 Chromium (Playwright),"10 loaded, 0 broken, 0 lazy never loaded (not tested)",pass,,,,,,,,,,screenshots/pages/desktop_collectibles.png,,
C0067,crawl,www.thecurecompany.com,has_h1,https://www.thecurecompany.com/collectibles,desktop 1366x900 Chromium (Playwright),"H1 count 0; title ""Login""",fail,Low,L-5,,,,,,,,screenshots/pages/desktop_collectibles.png,,
C0068,crawl,www.thecurecompany.com,http_status,https://www.thecurecompany.com/contact,desktop 1366x900 Chromium (Playwright),HTTP 200 (expected 200),pass,,,,,,,,,,screenshots/pages/desktop_contact.png,,
C0069,crawl,www.thecurecompany.com,load_time_under_3s,https://www.thecurecompany.com/contact,desktop 1366x900 Chromium (Playwright),navigation start to load event 3320 ms (single concurrent sample),fail,Medium,M-12,,,< 3000 ms,3320 ms,,,,screenshots/pages/desktop_contact.png,,
C0070,crawl,www.thecurecompany.com,mobile_overflow_390,https://www.thecurecompany.com/contact,mobile 390x844 Chromium (Playwright),scrollWidth 390 vs viewport 390,pass,,,,,,,,,,screenshots/pages/mobile_contact.png,,
C0071,crawl,www.thecurecompany.com,console_errors_excl_alpineiq,https://www.thecurecompany.com/contact,desktop 1366x900 Chromium (Playwright),"0 non-AlpineIQ errors; 2 AlpineIQ rate-limit errors (429, induced by crawl volume) ignored",pass,,,,,,,,,,screenshots/pages/desktop_contact.png,,
C0072,crawl,www.thecurecompany.com,images_load,https://www.thecurecompany.com/contact,desktop 1366x900 Chromium (Playwright),"10 loaded, 0 broken, 4 lazy never loaded (not tested)",pass,,,,,,,,,,screenshots/pages/desktop_contact.png,,
C0073,crawl,www.thecurecompany.com,has_h1,https://www.thecurecompany.com/contact,desktop 1366x900 Chromium (Playwright),"H1 count 0; title ""Contact""",fail,Low,L-5,,,,,,,,screenshots/pages/desktop_contact.png,,
C0074,crawl,www.thecurecompany.com,http_status,https://www.thecurecompany.com/delete-account,desktop 1366x900 Chromium (Playwright),HTTP 200 (expected 200),pass,,,,,,,,,,screenshots/pages/desktop_delete-account.png,,
C0075,crawl,www.thecurecompany.com,load_time_under_3s,https://www.thecurecompany.com/delete-account,desktop 1366x900 Chromium (Playwright),navigation start to load event 1062 ms (single concurrent sample),pass,,,,,< 3000 ms,1062 ms,,,,screenshots/pages/desktop_delete-account.png,,
C0076,crawl,www.thecurecompany.com,mobile_overflow_390,https://www.thecurecompany.com/delete-account,mobile 390x844 Chromium (Playwright),scrollWidth 390 vs viewport 390,pass,,,,,,,,,,screenshots/pages/mobile_delete-account.png,,
C0077,crawl,www.thecurecompany.com,console_errors_excl_alpineiq,https://www.thecurecompany.com/delete-account,desktop 1366x900 Chromium (Playwright),"0 non-AlpineIQ errors; 2 AlpineIQ rate-limit errors (429, induced by crawl volume) ignored",pass,,,,,,,,,,screenshots/pages/desktop_delete-account.png,,
C0078,crawl,www.thecurecompany.com,images_load,https://www.thecurecompany.com/delete-account,desktop 1366x900 Chromium (Playwright),"10 loaded, 0 broken, 0 lazy never loaded (not tested)",pass,,,,,,,,,,screenshots/pages/desktop_delete-account.png,,
C0079,crawl,www.thecurecompany.com,has_h1,https://www.thecurecompany.com/delete-account,desktop 1366x900 Chromium (Playwright),"H1 count 0; title ""Login""",fail,Low,L-5,,,,,,,,screenshots/pages/desktop_delete-account.png,,
C0080,crawl,www.thecurecompany.com,http_status,https://www.thecurecompany.com/dispensaries,desktop 1366x900 Chromium (Playwright),HTTP 200 (expected 200),pass,,,,,,,,,,screenshots/pages/desktop_dispensaries.png,,
C0081,crawl,www.thecurecompany.com,load_time_under_3s,https://www.thecurecompany.com/dispensaries,desktop 1366x900 Chromium (Playwright),navigation start to load event 3229 ms (single concurrent sample),fail,Medium,M-12,,,< 3000 ms,3229 ms,,,,screenshots/pages/desktop_dispensaries.png,,
C0082,crawl,www.thecurecompany.com,mobile_overflow_390,https://www.thecurecompany.com/dispensaries,mobile 390x844 Chromium (Playwright),scrollWidth 390 vs viewport 390,pass,,,,,,,,,,screenshots/pages/mobile_dispensaries.png,,
C0083,crawl,www.thecurecompany.com,console_errors_excl_alpineiq,https://www.thecurecompany.com/dispensaries,desktop 1366x900 Chromium (Playwright),"0 non-AlpineIQ errors; 2 AlpineIQ rate-limit errors (429, induced by crawl volume) ignored",pass,,,,,,,,,,screenshots/pages/desktop_dispensaries.png,,
C0084,crawl,www.thecurecompany.com,images_load,https://www.thecurecompany.com/dispensaries,desktop 1366x900 Chromium (Playwright),"40 loaded, 0 broken, 4 lazy never loaded (not tested)",pass,,,,,,,,,,screenshots/pages/desktop_dispensaries.png,,
C0085,crawl,www.thecurecompany.com,img_alt_text,https://www.thecurecompany.com/dispensaries,desktop 1366x900 Chromium (Playwright),6/6 visible non-decorative images have alt,pass,,,,,,,,,,screenshots/pages/desktop_dispensaries.png,,
C0086,crawl,www.thecurecompany.com,has_h1,https://www.thecurecompany.com/dispensaries,desktop 1366x900 Chromium (Playwright),"H1 count 1; title ""Find a Dispensary Near Me | The Cure Company Locations""",pass,,,,,,,,,,screenshots/pages/desktop_dispensaries.png,,
C0087,crawl,www.thecurecompany.com,http_status,https://www.thecurecompany.com/forgot-password,desktop 1366x900 Chromium (Playwright),HTTP 200 (expected 200),pass,,,,,,,,,,screenshots/pages/desktop_forgot-password.png,,
C0088,crawl,www.thecurecompany.com,load_time_under_3s,https://www.thecurecompany.com/forgot-password,desktop 1366x900 Chromium (Playwright),navigation start to load event 3257 ms (single concurrent sample),fail,Medium,M-12,,,< 3000 ms,3257 ms,,,,screenshots/pages/desktop_forgot-password.png,,
C0089,crawl,www.thecurecompany.com,mobile_overflow_390,https://www.thecurecompany.com/forgot-password,mobile 390x844 Chromium (Playwright),scrollWidth 390 vs viewport 390,pass,,,,,,,,,,screenshots/pages/mobile_forgot-password.png,,
C0090,crawl,www.thecurecompany.com,console_errors_excl_alpineiq,https://www.thecurecompany.com/forgot-password,desktop 1366x900 Chromium (Playwright),"0 non-AlpineIQ errors; 2 AlpineIQ rate-limit errors (429, induced by crawl volume) ignored",pass,,,,,,,,,,screenshots/pages/desktop_forgot-password.png,,
C0091,crawl,www.thecurecompany.com,images_load,https://www.thecurecompany.com/forgot-password,desktop 1366x900 Chromium (Playwright),"10 loaded, 0 broken, 0 lazy never loaded (not tested)",pass,,,,,,,,,,screenshots/pages/desktop_forgot-password.png,,
C0092,crawl,www.thecurecompany.com,has_h1,https://www.thecurecompany.com/forgot-password,desktop 1366x900 Chromium (Playwright),"H1 count 0; title ""Forgot Password""",fail,Low,L-5,,,,,,,,screenshots/pages/desktop_forgot-password.png,,
C0093,crawl,www.thecurecompany.com,http_status,https://www.thecurecompany.com/framework,desktop 1366x900 Chromium (Playwright),HTTP 200 (expected 200),pass,,,,,,,,,,screenshots/pages/desktop_framework.png,,
C0094,crawl,www.thecurecompany.com,load_time_under_3s,https://www.thecurecompany.com/framework,desktop 1366x900 Chromium (Playwright),navigation start to load event 3036 ms (single concurrent sample),fail,Medium,M-12,,,< 3000 ms,3036 ms,,,,screenshots/pages/desktop_framework.png,,
C0095,crawl,www.thecurecompany.com,mobile_overflow_390,https://www.thecurecompany.com/framework,mobile 390x844 Chromium (Playwright),scrollWidth 390 vs viewport 390,pass,,,,,,,,,,screenshots/pages/mobile_framework.png,,
C0096,crawl,www.thecurecompany.com,console_errors_excl_alpineiq,https://www.thecurecompany.com/framework,desktop 1366x900 Chromium (Playwright),"0 non-AlpineIQ errors; 2 AlpineIQ rate-limit errors (429, induced by crawl volume) ignored",pass,,,,,,,,,,screenshots/pages/desktop_framework.png,,
C0097,crawl,www.thecurecompany.com,images_load,https://www.thecurecompany.com/framework,desktop 1366x900 Chromium (Playwright),"11 loaded, 0 broken, 1 lazy never loaded (not tested)",pass,,,,,,,,,,screenshots/pages/desktop_framework.png,,
C0098,crawl,www.thecurecompany.com,img_alt_text,https://www.thecurecompany.com/framework,desktop 1366x900 Chromium (Playwright),1/1 visible non-decorative images have alt,pass,,,,,,,,,,screenshots/pages/desktop_framework.png,,
C0099,crawl,www.thecurecompany.com,has_h1,https://www.thecurecompany.com/framework,desktop 1366x900 Chromium (Playwright),"H1 count 0; title ""Framework - Mochakk Hollywood Takeover""",fail,Low,L-5,,,,,,,,screenshots/pages/desktop_framework.png,,
C0100,crawl,www.thecurecompany.com,http_status,https://www.thecurecompany.com/genetics,desktop 1366x900 Chromium (Playwright),HTTP 200 (expected 200),pass,,,,,,,,,,screenshots/pages/desktop_genetics.png,,
C0101,crawl,www.thecurecompany.com,load_time_under_3s,https://www.thecurecompany.com/genetics,desktop 1366x900 Chromium (Playwright),navigation start to load event 3308 ms (single concurrent sample),fail,Medium,M-12,,,< 3000 ms,3308 ms,,,,screenshots/pages/desktop_genetics.png,,
C0102,crawl,www.thecurecompany.com,mobile_overflow_390,https://www.thecurecompany.com/genetics,mobile 390x844 Chromium (Playwright),scrollWidth 390 vs viewport 390,pass,,,,,,,,,,screenshots/pages/mobile_genetics.png,,
C0103,crawl,www.thecurecompany.com,console_errors_excl_alpineiq,https://www.thecurecompany.com/genetics,desktop 1366x900 Chromium (Playwright),"0 non-AlpineIQ errors; 2 AlpineIQ rate-limit errors (429, induced by crawl volume) ignored",pass,,,,,,,,,,screenshots/pages/desktop_genetics.png,,
C0104,crawl,www.thecurecompany.com,images_load,https://www.thecurecompany.com/genetics,desktop 1366x900 Chromium (Playwright),"22 loaded, 0 broken, 0 lazy never loaded (not tested)",pass,,,,,,,,,,screenshots/pages/desktop_genetics.png,,
C0105,crawl,www.thecurecompany.com,img_alt_text,https://www.thecurecompany.com/genetics,desktop 1366x900 Chromium (Playwright),4/4 visible non-decorative images have alt,pass,,,,,,,,,,screenshots/pages/desktop_genetics.png,,
C0106,crawl,www.thecurecompany.com,has_h1,https://www.thecurecompany.com/genetics,desktop 1366x900 Chromium (Playwright),"H1 count 5; title ""Genetics""",pass,,,,,,,,,,screenshots/pages/desktop_genetics.png,,
C0107,crawl,www.thecurecompany.com,http_status,https://www.thecurecompany.com,desktop 1366x900 Chromium (Playwright),HTTP 200 (expected 200),pass,,,,,,,,,,screenshots/pages/desktop_home.png,,
C0108,crawl,www.thecurecompany.com,load_time_under_3s,https://www.thecurecompany.com,desktop 1366x900 Chromium (Playwright),navigation start to load event 3200 ms (single concurrent sample),fail,Medium,M-12,,,< 3000 ms,3200 ms,,,,screenshots/pages/desktop_home.png,,
C0109,crawl,www.thecurecompany.com,mobile_overflow_390,https://www.thecurecompany.com,mobile 390x844 Chromium (Playwright),scrollWidth 390 vs viewport 390,pass,,,,,,,,,,screenshots/pages/mobile_home.png,,
C0110,crawl,www.thecurecompany.com,console_errors_excl_alpineiq,https://www.thecurecompany.com,desktop 1366x900 Chromium (Playwright),"0 non-AlpineIQ errors; 0 AlpineIQ rate-limit errors (429, induced by crawl volume) ignored",pass,,,,,,,,,,screenshots/pages/desktop_home.png,,
C0111,crawl,www.thecurecompany.com,images_load,https://www.thecurecompany.com,desktop 1366x900 Chromium (Playwright),"43 loaded, 0 broken, 4 lazy never loaded (not tested)",pass,,,,,,,,,,screenshots/pages/desktop_home.png,,
C0112,crawl,www.thecurecompany.com,img_alt_text,https://www.thecurecompany.com,desktop 1366x900 Chromium (Playwright),9/9 visible non-decorative images have alt,pass,,,,,,,,,,screenshots/pages/desktop_home.png,,
C0113,crawl,www.thecurecompany.com,has_h1,https://www.thecurecompany.com,desktop 1366x900 Chromium (Playwright),"H1 count 5; title ""The Cure Company: Premium Cannabis Dispensaries in California""",pass,,,,,,,,,,screenshots/pages/desktop_home.png,,
C0114,crawl,www.thecurecompany.com,http_status,https://www.thecurecompany.com/locations/ccc,desktop 1366x900 Chromium (Playwright),HTTP 200 (expected 200),pass,,,,,,,,,,screenshots/pages/desktop_locations_ccc.png,,
C0115,crawl,www.thecurecompany.com,load_time_under_3s,https://www.thecurecompany.com/locations/ccc,desktop 1366x900 Chromium (Playwright),navigation start to load event 3183 ms (single concurrent sample),fail,Medium,M-12,,,< 3000 ms,3183 ms,,,,screenshots/pages/desktop_locations_ccc.png,,
C0116,crawl,www.thecurecompany.com,mobile_overflow_390,https://www.thecurecompany.com/locations/ccc,mobile 390x844 Chromium (Playwright),scrollWidth 390 vs viewport 390,pass,,,,,,,,,,screenshots/pages/mobile_locations_ccc.png,,
C0117,crawl,www.thecurecompany.com,console_errors_excl_alpineiq,https://www.thecurecompany.com/locations/ccc,desktop 1366x900 Chromium (Playwright),"0 non-AlpineIQ errors; 2 AlpineIQ rate-limit errors (429, induced by crawl volume) ignored",pass,,,,,,,,,,screenshots/pages/desktop_locations_ccc.png,,
C0118,crawl,www.thecurecompany.com,images_load,https://www.thecurecompany.com/locations/ccc,desktop 1366x900 Chromium (Playwright),"21 loaded, 0 broken, 4 lazy never loaded (not tested)",pass,,,,,,,,,,screenshots/pages/desktop_locations_ccc.png,,
C0119,crawl,www.thecurecompany.com,img_alt_text,https://www.thecurecompany.com/locations/ccc,desktop 1366x900 Chromium (Playwright),2/5 visible non-decorative images have alt,fail,Low,L-10,,,,,.static_locations_thumbnail,,,screenshots/pages/desktop_locations_ccc.png,,
C0120,crawl,www.thecurecompany.com,has_h1,https://www.thecurecompany.com/locations/ccc,desktop 1366x900 Chromium (Playwright),"H1 count 0; title ""Shop City Compassionate Caregivers Dispensary | The Cure Company""",fail,Low,L-5,,,,,,,,screenshots/pages/desktop_locations_ccc.png,,
C0121,crawl,www.thecurecompany.com,http_status,https://www.thecurecompany.com/locations/crenshaw-dispensary,desktop 1366x900 Chromium (Playwright),HTTP 200 (expected 200),pass,,,,,,,,,,screenshots/pages/desktop_locations_crenshaw-dispensary.png,,
C0122,crawl,www.thecurecompany.com,load_time_under_3s,https://www.thecurecompany.com/locations/crenshaw-dispensary,desktop 1366x900 Chromium (Playwright),navigation start to load event 3129 ms (single concurrent sample),fail,Medium,M-12,,,< 3000 ms,3129 ms,,,,screenshots/pages/desktop_locations_crenshaw-dispensary.png,,
C0123,crawl,www.thecurecompany.com,mobile_overflow_390,https://www.thecurecompany.com/locations/crenshaw-dispensary,mobile 390x844 Chromium (Playwright),scrollWidth 390 vs viewport 390,pass,,,,,,,,,,screenshots/pages/mobile_locations_crenshaw-dispensary.png,,
C0124,crawl,www.thecurecompany.com,console_errors_excl_alpineiq,https://www.thecurecompany.com/locations/crenshaw-dispensary,desktop 1366x900 Chromium (Playwright),"0 non-AlpineIQ errors; 2 AlpineIQ rate-limit errors (429, induced by crawl volume) ignored",pass,,,,,,,,,,screenshots/pages/desktop_locations_crenshaw-dispensary.png,,
C0125,crawl,www.thecurecompany.com,images_load,https://www.thecurecompany.com/locations/crenshaw-dispensary,desktop 1366x900 Chromium (Playwright),"22 loaded, 0 broken, 4 lazy never loaded (not tested)",pass,,,,,,,,,,screenshots/pages/desktop_locations_crenshaw-dispensary.png,,
C0126,crawl,www.thecurecompany.com,img_alt_text,https://www.thecurecompany.com/locations/crenshaw-dispensary,desktop 1366x900 Chromium (Playwright),5/5 visible non-decorative images have alt,pass,,,,,,,,,,screenshots/pages/desktop_locations_crenshaw-dispensary.png,,
C0127,crawl,www.thecurecompany.com,has_h1,https://www.thecurecompany.com/locations/crenshaw-dispensary,desktop 1366x900 Chromium (Playwright),"H1 count 0; title ""Shop Crenshaw Dispensary | The Cure Company""",fail,Low,L-5,,,,,,,,screenshots/pages/desktop_locations_crenshaw-dispensary.png,,
C0128,crawl,www.thecurecompany.com,http_status,https://www.thecurecompany.com/locations/dtpg,desktop 1366x900 Chromium (Playwright),HTTP 200 (expected 200),pass,,,,,,,,,,screenshots/pages/desktop_locations_dtpg.png,,
C0129,crawl,www.thecurecompany.com,load_time_under_3s,https://www.thecurecompany.com/locations/dtpg,desktop 1366x900 Chromium (Playwright),navigation start to load event 3175 ms (single concurrent sample),fail,Medium,M-12,,,< 3000 ms,3175 ms,,,,screenshots/pages/desktop_locations_dtpg.png,,
C0130,crawl,www.thecurecompany.com,mobile_overflow_390,https://www.thecurecompany.com/locations/dtpg,mobile 390x844 Chromium (Playwright),scrollWidth 390 vs viewport 390,pass,,,,,,,,,,screenshots/pages/mobile_locations_dtpg.png,,
C0131,crawl,www.thecurecompany.com,console_errors_excl_alpineiq,https://www.thecurecompany.com/locations/dtpg,desktop 1366x900 Chromium (Playwright),"0 non-AlpineIQ errors; 2 AlpineIQ rate-limit errors (429, induced by crawl volume) ignored",pass,,,,,,,,,,screenshots/pages/desktop_locations_dtpg.png,,
C0132,crawl,www.thecurecompany.com,images_load,https://www.thecurecompany.com/locations/dtpg,desktop 1366x900 Chromium (Playwright),"22 loaded, 0 broken, 4 lazy never loaded (not tested)",pass,,,,,,,,,,screenshots/pages/desktop_locations_dtpg.png,,
C0133,crawl,www.thecurecompany.com,img_alt_text,https://www.thecurecompany.com/locations/dtpg,desktop 1366x900 Chromium (Playwright),2/5 visible non-decorative images have alt,fail,Low,L-10,,,,,.static_locations_thumbnail,,,screenshots/pages/desktop_locations_dtpg.png,,
C0134,crawl,www.thecurecompany.com,has_h1,https://www.thecurecompany.com/locations/dtpg,desktop 1366x900 Chromium (Playwright),"H1 count 0; title ""Shop DTPG Dispensary | The Cure Company – Downtown LA Cannabis Shop""",fail,Low,L-5,,,,,,,,screenshots/pages/desktop_locations_dtpg.png,,
C0135,crawl,www.thecurecompany.com,http_status,https://www.thecurecompany.com/locations/melrose-dispensary,desktop 1366x900 Chromium (Playwright),HTTP 200 (expected 200),pass,,,,,,,,,,screenshots/pages/desktop_locations_melrose-dispensary.png,,
C0136,crawl,www.thecurecompany.com,load_time_under_3s,https://www.thecurecompany.com/locations/melrose-dispensary,desktop 1366x900 Chromium (Playwright),navigation start to load event 3199 ms (single concurrent sample),fail,Medium,M-12,,,< 3000 ms,3199 ms,,,,screenshots/pages/desktop_locations_melrose-dispensary.png,,
C0137,crawl,www.thecurecompany.com,mobile_overflow_390,https://www.thecurecompany.com/locations/melrose-dispensary,mobile 390x844 Chromium (Playwright),scrollWidth 390 vs viewport 390,pass,,,,,,,,,,screenshots/pages/mobile_locations_melrose-dispensary.png,,
C0138,crawl,www.thecurecompany.com,console_errors_excl_alpineiq,https://www.thecurecompany.com/locations/melrose-dispensary,desktop 1366x900 Chromium (Playwright),"0 non-AlpineIQ errors; 2 AlpineIQ rate-limit errors (429, induced by crawl volume) ignored",pass,,,,,,,,,,screenshots/pages/desktop_locations_melrose-dispensary.png,,
C0139,crawl,www.thecurecompany.com,images_load,https://www.thecurecompany.com/locations/melrose-dispensary,desktop 1366x900 Chromium (Playwright),"22 loaded, 0 broken, 4 lazy never loaded (not tested)",pass,,,,,,,,,,screenshots/pages/desktop_locations_melrose-dispensary.png,,
C0140,crawl,www.thecurecompany.com,img_alt_text,https://www.thecurecompany.com/locations/melrose-dispensary,desktop 1366x900 Chromium (Playwright),6/6 visible non-decorative images have alt,pass,,,,,,,,,,screenshots/pages/desktop_locations_melrose-dispensary.png,,
C0141,crawl,www.thecurecompany.com,has_h1,https://www.thecurecompany.com/locations/melrose-dispensary,desktop 1366x900 Chromium (Playwright),"H1 count 0; title ""Shop Melrose Dispensary | The Cure Company – Premium Cannabis on Melrose Ave""",fail,Low,L-5,,,,,,,,screenshots/pages/desktop_locations_melrose-dispensary.png,,
C0142,crawl,www.thecurecompany.com,http_status,https://www.thecurecompany.com/locations/pico-dispensary,desktop 1366x900 Chromium (Playwright),HTTP 200 (expected 200),pass,,,,,,,,,,screenshots/pages/desktop_locations_pico-dispensary.png,,
C0143,crawl,www.thecurecompany.com,load_time_under_3s,https://www.thecurecompany.com/locations/pico-dispensary,desktop 1366x900 Chromium (Playwright),navigation start to load event 3081 ms (single concurrent sample),fail,Medium,M-12,,,< 3000 ms,3081 ms,,,,screenshots/pages/desktop_locations_pico-dispensary.png,,
C0144,crawl,www.thecurecompany.com,mobile_overflow_390,https://www.thecurecompany.com/locations/pico-dispensary,mobile 390x844 Chromium (Playwright),scrollWidth 390 vs viewport 390,pass,,,,,,,,,,screenshots/pages/mobile_locations_pico-dispensary.png,,
C0145,crawl,www.thecurecompany.com,console_errors_excl_alpineiq,https://www.thecurecompany.com/locations/pico-dispensary,desktop 1366x900 Chromium (Playwright),"0 non-AlpineIQ errors; 2 AlpineIQ rate-limit errors (429, induced by crawl volume) ignored",pass,,,,,,,,,,screenshots/pages/desktop_locations_pico-dispensary.png,,
C0146,crawl,www.thecurecompany.com,images_load,https://www.thecurecompany.com/locations/pico-dispensary,desktop 1366x900 Chromium (Playwright),"20 loaded, 0 broken, 4 lazy never loaded (not tested)",pass,,,,,,,,,,screenshots/pages/desktop_locations_pico-dispensary.png,,
C0147,crawl,www.thecurecompany.com,img_alt_text,https://www.thecurecompany.com/locations/pico-dispensary,desktop 1366x900 Chromium (Playwright),4/5 visible non-decorative images have alt,fail,Low,L-10,,,,,.static_locations_thumbnail,,,screenshots/pages/desktop_locations_pico-dispensary.png,,
C0148,crawl,www.thecurecompany.com,has_h1,https://www.thecurecompany.com/locations/pico-dispensary,desktop 1366x900 Chromium (Playwright),"H1 count 0; title ""Shop Pico Dispensary | The Cure Company – Trusted Cannabis in West Los Angeles""",fail,Low,L-5,,,,,,,,screenshots/pages/desktop_locations_pico-dispensary.png,,
C0149,crawl,www.thecurecompany.com,http_status,https://www.thecurecompany.com/locations/south-la-dispensary,desktop 1366x900 Chromium (Playwright),HTTP 200 (expected 200),pass,,,,,,,,,,screenshots/pages/desktop_locations_south-la-dispensary.png,,
C0150,crawl,www.thecurecompany.com,load_time_under_3s,https://www.thecurecompany.com/locations/south-la-dispensary,desktop 1366x900 Chromium (Playwright),navigation start to load event 3326 ms (single concurrent sample),fail,Medium,M-12,,,< 3000 ms,3326 ms,,,,screenshots/pages/desktop_locations_south-la-dispensary.png,,
C0151,crawl,www.thecurecompany.com,mobile_overflow_390,https://www.thecurecompany.com/locations/south-la-dispensary,mobile 390x844 Chromium (Playwright),scrollWidth 390 vs viewport 390,pass,,,,,,,,,,screenshots/pages/mobile_locations_south-la-dispensary.png,,
C0152,crawl,www.thecurecompany.com,console_errors_excl_alpineiq,https://www.thecurecompany.com/locations/south-la-dispensary,desktop 1366x900 Chromium (Playwright),"0 non-AlpineIQ errors; 2 AlpineIQ rate-limit errors (429, induced by crawl volume) ignored",pass,,,,,,,,,,screenshots/pages/desktop_locations_south-la-dispensary.png,,
C0153,crawl,www.thecurecompany.com,images_load,https://www.thecurecompany.com/locations/south-la-dispensary,desktop 1366x900 Chromium (Playwright),"22 loaded, 0 broken, 4 lazy never loaded (not tested)",pass,,,,,,,,,,screenshots/pages/desktop_locations_south-la-dispensary.png,,
C0154,crawl,www.thecurecompany.com,img_alt_text,https://www.thecurecompany.com/locations/south-la-dispensary,desktop 1366x900 Chromium (Playwright),2/5 visible non-decorative images have alt,fail,Low,L-10,,,,,.static_locations_thumbnail,,,screenshots/pages/desktop_locations_south-la-dispensary.png,,
C0155,crawl,www.thecurecompany.com,has_h1,https://www.thecurecompany.com/locations/south-la-dispensary,desktop 1366x900 Chromium (Playwright),"H1 count 0; title ""Shop South LA Dispensary | The Cure Company""",fail,Low,L-5,,,,,,,,screenshots/pages/desktop_locations_south-la-dispensary.png,,
C0156,crawl,www.thecurecompany.com,http_status,https://www.thecurecompany.com/login,desktop 1366x900 Chromium (Playwright),HTTP 200 (expected 200),pass,,,,,,,,,,screenshots/pages/desktop_login.png,,
C0157,crawl,www.thecurecompany.com,load_time_under_3s,https://www.thecurecompany.com/login,desktop 1366x900 Chromium (Playwright),navigation start to load event 3384 ms (single concurrent sample),fail,Medium,M-12,,,< 3000 ms,3384 ms,,,,screenshots/pages/desktop_login.png,,
C0158,crawl,www.thecurecompany.com,mobile_overflow_390,https://www.thecurecompany.com/login,mobile 390x844 Chromium (Playwright),scrollWidth 390 vs viewport 390,pass,,,,,,,,,,screenshots/pages/mobile_login.png,,
C0159,crawl,www.thecurecompany.com,console_errors_excl_alpineiq,https://www.thecurecompany.com/login,desktop 1366x900 Chromium (Playwright),"0 non-AlpineIQ errors; 2 AlpineIQ rate-limit errors (429, induced by crawl volume) ignored",pass,,,,,,,,,,screenshots/pages/desktop_login.png,,
C0160,crawl,www.thecurecompany.com,images_load,https://www.thecurecompany.com/login,desktop 1366x900 Chromium (Playwright),"10 loaded, 0 broken, 0 lazy never loaded (not tested)",pass,,,,,,,,,,screenshots/pages/desktop_login.png,,
C0161,crawl,www.thecurecompany.com,has_h1,https://www.thecurecompany.com/login,desktop 1366x900 Chromium (Playwright),"H1 count 0; title ""Login""",fail,Low,L-5,,,,,,,,screenshots/pages/desktop_login.png,,
C0162,crawl,www.thecurecompany.com,http_status,https://www.thecurecompany.com/orders,desktop 1366x900 Chromium (Playwright),HTTP 200 (expected 200),pass,,,,,,,,,,screenshots/pages/desktop_orders.png,,
C0163,crawl,www.thecurecompany.com,load_time_under_3s,https://www.thecurecompany.com/orders,desktop 1366x900 Chromium (Playwright),navigation start to load event 995 ms (single concurrent sample),pass,,,,,< 3000 ms,995 ms,,,,screenshots/pages/desktop_orders.png,,
C0164,crawl,www.thecurecompany.com,mobile_overflow_390,https://www.thecurecompany.com/orders,mobile 390x844 Chromium (Playwright),scrollWidth 390 vs viewport 390,pass,,,,,,,,,,screenshots/pages/mobile_orders.png,,
C0165,crawl,www.thecurecompany.com,console_errors_excl_alpineiq,https://www.thecurecompany.com/orders,desktop 1366x900 Chromium (Playwright),"0 non-AlpineIQ errors; 2 AlpineIQ rate-limit errors (429, induced by crawl volume) ignored",pass,,,,,,,,,,screenshots/pages/desktop_orders.png,,
C0166,crawl,www.thecurecompany.com,images_load,https://www.thecurecompany.com/orders,desktop 1366x900 Chromium (Playwright),"10 loaded, 0 broken, 0 lazy never loaded (not tested)",pass,,,,,,,,,,screenshots/pages/desktop_orders.png,,
C0167,crawl,www.thecurecompany.com,has_h1,https://www.thecurecompany.com/orders,desktop 1366x900 Chromium (Playwright),"H1 count 0; title ""Login""",fail,Low,L-5,,,,,,,,screenshots/pages/desktop_orders.png,,
C0168,crawl,www.thecurecompany.com,http_status,https://www.thecurecompany.com/privacy,desktop 1366x900 Chromium (Playwright),HTTP 200 (expected 200),pass,,,,,,,,,,screenshots/pages/desktop_privacy.png,,
C0169,crawl,www.thecurecompany.com,load_time_under_3s,https://www.thecurecompany.com/privacy,desktop 1366x900 Chromium (Playwright),navigation start to load event 3306 ms (single concurrent sample),fail,Medium,M-12,,,< 3000 ms,3306 ms,,,,screenshots/pages/desktop_privacy.png,,
C0170,crawl,www.thecurecompany.com,mobile_overflow_390,https://www.thecurecompany.com/privacy,mobile 390x844 Chromium (Playwright),scrollWidth 390 vs viewport 390,pass,,,,,,,,,,screenshots/pages/mobile_privacy.png,,
C0171,crawl,www.thecurecompany.com,console_errors_excl_alpineiq,https://www.thecurecompany.com/privacy,desktop 1366x900 Chromium (Playwright),"0 non-AlpineIQ errors; 2 AlpineIQ rate-limit errors (429, induced by crawl volume) ignored",pass,,,,,,,,,,screenshots/pages/desktop_privacy.png,,
C0172,crawl,www.thecurecompany.com,images_load,https://www.thecurecompany.com/privacy,desktop 1366x900 Chromium (Playwright),"8 loaded, 0 broken, 0 lazy never loaded (not tested)",pass,,,,,,,,,,screenshots/pages/desktop_privacy.png,,
C0173,crawl,www.thecurecompany.com,has_h1,https://www.thecurecompany.com/privacy,desktop 1366x900 Chromium (Playwright),"H1 count 0; title ""Privacy""",fail,Low,L-5,,,,,,,,screenshots/pages/desktop_privacy.png,,
C0174,crawl,www.thecurecompany.com,http_status,https://www.thecurecompany.com/product?slug=.5g-pod---do-si-dos-stiiizy-root-category-0.5-33839,desktop 1366x900 Chromium (Playwright),HTTP 200 (expected 200),pass,,,,,,,,,,screenshots/pages/desktop_product_slug_.5g-pod---do-si-dos-stiiizy-root-category-0.5-33839.png,,
C0175,crawl,www.thecurecompany.com,load_time_under_3s,https://www.thecurecompany.com/product?slug=.5g-pod---do-si-dos-stiiizy-root-category-0.5-33839,desktop 1366x900 Chromium (Playwright),navigation start to load event 2989 ms (single concurrent sample),pass,,,,,< 3000 ms,2989 ms,,,,screenshots/pages/desktop_product_slug_.5g-pod---do-si-dos-stiiizy-root-category-0.5-33839.png,,
C0176,crawl,www.thecurecompany.com,mobile_overflow_390,https://www.thecurecompany.com/product?slug=.5g-pod---do-si-dos-stiiizy-root-category-0.5-33839,mobile 390x844 Chromium (Playwright),scrollWidth 390 vs viewport 390,pass,,,,,,,,,,screenshots/pages/mobile_product_slug_.5g-pod---do-si-dos-stiiizy-root-category-0.5-33839.png,,
C0177,crawl,www.thecurecompany.com,console_errors_excl_alpineiq,https://www.thecurecompany.com/product?slug=.5g-pod---do-si-dos-stiiizy-root-category-0.5-33839,desktop 1366x900 Chromium (Playwright),"0 non-AlpineIQ errors; 3 AlpineIQ rate-limit errors (429, induced by crawl volume) ignored",pass,,,,,,,,,,screenshots/pages/desktop_product_slug_.5g-pod---do-si-dos-stiiizy-root-category-0.5-33839.png,,
C0178,crawl,www.thecurecompany.com,images_load,https://www.thecurecompany.com/product?slug=.5g-pod---do-si-dos-stiiizy-root-category-0.5-33839,desktop 1366x900 Chromium (Playwright),"17 loaded, 1 broken, 17 lazy never loaded (not tested)",fail,Medium,M-13,,,,,.image-167,,https://s3.us-west-1.amazonaws.com/mbdocsbucket/photos/3583/products/39a41a2580cba2e7618d27c22a8f6640.png -> HTTP 403,screenshots/pages/desktop_product_slug_.5g-pod---do-si-dos-stiiizy-root-category-0.5-33839.png,,
C0179,crawl,www.thecurecompany.com,img_alt_text,https://www.thecurecompany.com/product?slug=.5g-pod---do-si-dos-stiiizy-root-category-0.5-33839,desktop 1366x900 Chromium (Playwright),20/20 visible non-decorative images have alt,pass,,,,,,,,,,screenshots/pages/desktop_product_slug_.5g-pod---do-si-dos-stiiizy-root-category-0.5-33839.png,,
C0180,crawl,www.thecurecompany.com,has_h1,https://www.thecurecompany.com/product?slug=.5g-pod---do-si-dos-stiiizy-root-category-0.5-33839,desktop 1366x900 Chromium (Playwright),"H1 count 0; title "".5G POD - DO SI DOS STIIIZY""",fail,Low,L-5,,,,,,,,screenshots/pages/desktop_product_slug_.5g-pod---do-si-dos-stiiizy-root-category-0.5-33839.png,,
C0181,crawl,www.thecurecompany.com,product_renders,https://www.thecurecompany.com/product?slug=.5g-pod---do-si-dos-stiiizy-root-category-0.5-33839,desktop 1366x900 Chromium (Playwright),product name and price rendered,pass,,,,,,,,,,screenshots/pages/desktop_product_slug_.5g-pod---do-si-dos-stiiizy-root-category-0.5-33839.png,,
C0182,crawl,www.thecurecompany.com,product_category_label,https://www.thecurecompany.com/product?slug=.5g-pod---do-si-dos-stiiizy-root-category-0.5-33839,desktop 1366x900 Chromium (Playwright),"category label is not the placeholder ""Root category""",pass,,,,,,,,,,screenshots/pages/desktop_product_slug_.5g-pod---do-si-dos-stiiizy-root-category-0.5-33839.png,,
C0183,crawl,www.thecurecompany.com,http_status,https://www.thecurecompany.com/product?slug=.5g-pod---gdp-stiiizy-root-category-0.5-35407,desktop 1366x900 Chromium (Playwright),HTTP 200 (expected 200),pass,,,,,,,,,,screenshots/pages/desktop_product_slug_.5g-pod---gdp-stiiizy-root-category-0.5-35407.png,,
C0184,crawl,www.thecurecompany.com,load_time_under_3s,https://www.thecurecompany.com/product?slug=.5g-pod---gdp-stiiizy-root-category-0.5-35407,desktop 1366x900 Chromium (Playwright),navigation start to load event 3112 ms (single concurrent sample),fail,Medium,M-12,,,< 3000 ms,3112 ms,,,,screenshots/pages/desktop_product_slug_.5g-pod---gdp-stiiizy-root-category-0.5-35407.png,,
C0185,crawl,www.thecurecompany.com,mobile_overflow_390,https://www.thecurecompany.com/product?slug=.5g-pod---gdp-stiiizy-root-category-0.5-35407,mobile 390x844 Chromium (Playwright),scrollWidth 390 vs viewport 390,pass,,,,,,,,,,screenshots/pages/mobile_product_slug_.5g-pod---gdp-stiiizy-root-category-0.5-35407.png,,
C0186,crawl,www.thecurecompany.com,console_errors_excl_alpineiq,https://www.thecurecompany.com/product?slug=.5g-pod---gdp-stiiizy-root-category-0.5-35407,desktop 1366x900 Chromium (Playwright),"0 non-AlpineIQ errors; 3 AlpineIQ rate-limit errors (429, induced by crawl volume) ignored",pass,,,,,,,,,,screenshots/pages/desktop_product_slug_.5g-pod---gdp-stiiizy-root-category-0.5-35407.png,,
C0187,crawl,www.thecurecompany.com,images_load,https://www.thecurecompany.com/product?slug=.5g-pod---gdp-stiiizy-root-category-0.5-35407,desktop 1366x900 Chromium (Playwright),"18 loaded, 0 broken, 17 lazy never loaded (not tested)",pass,,,,,,,,,,screenshots/pages/desktop_product_slug_.5g-pod---gdp-stiiizy-root-category-0.5-35407.png,,
C0188,crawl,www.thecurecompany.com,img_alt_text,https://www.thecurecompany.com/product?slug=.5g-pod---gdp-stiiizy-root-category-0.5-35407,desktop 1366x900 Chromium (Playwright),20/20 visible non-decorative images have alt,pass,,,,,,,,,,screenshots/pages/desktop_product_slug_.5g-pod---gdp-stiiizy-root-category-0.5-35407.png,,
C0189,crawl,www.thecurecompany.com,has_h1,https://www.thecurecompany.com/product?slug=.5g-pod---gdp-stiiizy-root-category-0.5-35407,desktop 1366x900 Chromium (Playwright),"H1 count 0; title "".5G POD - GDP STIIIZY""",fail,Low,L-5,,,,,,,,screenshots/pages/desktop_product_slug_.5g-pod---gdp-stiiizy-root-category-0.5-35407.png,,
C0190,crawl,www.thecurecompany.com,product_renders,https://www.thecurecompany.com/product?slug=.5g-pod---gdp-stiiizy-root-category-0.5-35407,desktop 1366x900 Chromium (Playwright),product name and price rendered,pass,,,,,,,,,,screenshots/pages/desktop_product_slug_.5g-pod---gdp-stiiizy-root-category-0.5-35407.png,,
C0191,crawl,www.thecurecompany.com,product_category_label,https://www.thecurecompany.com/product?slug=.5g-pod---gdp-stiiizy-root-category-0.5-35407,desktop 1366x900 Chromium (Playwright),"category label is not the placeholder ""Root category""",pass,,,,,,,,,,screenshots/pages/desktop_product_slug_.5g-pod---gdp-stiiizy-root-category-0.5-35407.png,,
C0192,crawl,www.thecurecompany.com,http_status,https://www.thecurecompany.com/product?slug=.5g-pod---pineapple-runtz-stiiizy-vape-pens-0.5-38951,desktop 1366x900 Chromium (Playwright),HTTP 200 (expected 200),pass,,,,,,,,,,screenshots/pages/desktop_product_slug_.5g-pod---pineapple-runtz-stiiizy-vape-pens-0.5-38951.png,,
C0193,crawl,www.thecurecompany.com,load_time_under_3s,https://www.thecurecompany.com/product?slug=.5g-pod---pineapple-runtz-stiiizy-vape-pens-0.5-38951,desktop 1366x900 Chromium (Playwright),navigation start to load event 3239 ms (single concurrent sample),fail,Medium,M-12,,,< 3000 ms,3239 ms,,,,screenshots/pages/desktop_product_slug_.5g-pod---pineapple-runtz-stiiizy-vape-pens-0.5-38951.png,,
C0194,crawl,www.thecurecompany.com,mobile_overflow_390,https://www.thecurecompany.com/product?slug=.5g-pod---pineapple-runtz-stiiizy-vape-pens-0.5-38951,mobile 390x844 Chromium (Playwright),scrollWidth 390 vs viewport 390,pass,,,,,,,,,,screenshots/pages/mobile_product_slug_.5g-pod---pineapple-runtz-stiiizy-vape-pens-0.5-38951.png,,
C0195,crawl,www.thecurecompany.com,console_errors_excl_alpineiq,https://www.thecurecompany.com/product?slug=.5g-pod---pineapple-runtz-stiiizy-vape-pens-0.5-38951,desktop 1366x900 Chromium (Playwright),"0 non-AlpineIQ errors; 2 AlpineIQ rate-limit errors (429, induced by crawl volume) ignored",pass,,,,,,,,,,screenshots/pages/desktop_product_slug_.5g-pod---pineapple-runtz-stiiizy-vape-pens-0.5-38951.png,,
C0196,crawl,www.thecurecompany.com,images_load,https://www.thecurecompany.com/product?slug=.5g-pod---pineapple-runtz-stiiizy-vape-pens-0.5-38951,desktop 1366x900 Chromium (Playwright),"18 loaded, 0 broken, 17 lazy never loaded (not tested)",pass,,,,,,,,,,screenshots/pages/desktop_product_slug_.5g-pod---pineapple-runtz-stiiizy-vape-pens-0.5-38951.png,,
C0197,crawl,www.thecurecompany.com,img_alt_text,https://www.thecurecompany.com/product?slug=.5g-pod---pineapple-runtz-stiiizy-vape-pens-0.5-38951,desktop 1366x900 Chromium (Playwright),20/20 visible non-decorative images have alt,pass,,,,,,,,,,screenshots/pages/desktop_product_slug_.5g-pod---pineapple-runtz-stiiizy-vape-pens-0.5-38951.png,,
C0198,crawl,www.thecurecompany.com,has_h1,https://www.thecurecompany.com/product?slug=.5g-pod---pineapple-runtz-stiiizy-vape-pens-0.5-38951,desktop 1366x900 Chromium (Playwright),"H1 count 0; title "".5G POD - PINEAPPLE RUNTZ STIIIZY""",fail,Low,L-5,,,,,,,,screenshots/pages/desktop_product_slug_.5g-pod---pineapple-runtz-stiiizy-vape-pens-0.5-38951.png,,
C0199,crawl,www.thecurecompany.com,product_renders,https://www.thecurecompany.com/product?slug=.5g-pod---pineapple-runtz-stiiizy-vape-pens-0.5-38951,desktop 1366x900 Chromium (Playwright),product name and price rendered,pass,,,,,,,,,,screenshots/pages/desktop_product_slug_.5g-pod---pineapple-runtz-stiiizy-vape-pens-0.5-38951.png,,
C0200,crawl,www.thecurecompany.com,product_category_label,https://www.thecurecompany.com/product?slug=.5g-pod---pineapple-runtz-stiiizy-vape-pens-0.5-38951,desktop 1366x900 Chromium (Playwright),"category label is not the placeholder ""Root category""",pass,,,,,,,,,,screenshots/pages/desktop_product_slug_.5g-pod---pineapple-runtz-stiiizy-vape-pens-0.5-38951.png,,
C0201,crawl,www.thecurecompany.com,http_status,https://www.thecurecompany.com/product?slug=1.3g-kingroll---mimosa-x-cali-o-custom-brand-pre-rolls-1.3-34526,desktop 1366x900 Chromium (Playwright),HTTP 200 (expected 200),pass,,,,,,,,,,screenshots/pages/desktop_product_slug_1.3g-kingroll---mimosa-x-cali-o-custom-brand-pre-rolls-1.3-34526.png,,
C0202,crawl,www.thecurecompany.com,load_time_under_3s,https://www.thecurecompany.com/product?slug=1.3g-kingroll---mimosa-x-cali-o-custom-brand-pre-rolls-1.3-34526,desktop 1366x900 Chromium (Playwright),navigation start to load event 3010 ms (single concurrent sample),fail,Medium,M-12,,,< 3000 ms,3010 ms,,,,screenshots/pages/desktop_product_slug_1.3g-kingroll---mimosa-x-cali-o-custom-brand-pre-rolls-1.3-34526.png,,
C0203,crawl,www.thecurecompany.com,mobile_overflow_390,https://www.thecurecompany.com/product?slug=1.3g-kingroll---mimosa-x-cali-o-custom-brand-pre-rolls-1.3-34526,mobile 390x844 Chromium (Playwright),scrollWidth 390 vs viewport 390,pass,,,,,,,,,,screenshots/pages/mobile_product_slug_1.3g-kingroll---mimosa-x-cali-o-custom-brand-pre-rolls-1.3-34526.png,,
C0204,crawl,www.thecurecompany.com,console_errors_excl_alpineiq,https://www.thecurecompany.com/product?slug=1.3g-kingroll---mimosa-x-cali-o-custom-brand-pre-rolls-1.3-34526,desktop 1366x900 Chromium (Playwright),"0 non-AlpineIQ errors; 2 AlpineIQ rate-limit errors (429, induced by crawl volume) ignored",pass,,,,,,,,,,screenshots/pages/desktop_product_slug_1.3g-kingroll---mimosa-x-cali-o-custom-brand-pre-rolls-1.3-34526.png,,
C0205,crawl,www.thecurecompany.com,images_load,https://www.thecurecompany.com/product?slug=1.3g-kingroll---mimosa-x-cali-o-custom-brand-pre-rolls-1.3-34526,desktop 1366x900 Chromium (Playwright),"18 loaded, 0 broken, 17 lazy never loaded (not tested)",pass,,,,,,,,,,screenshots/pages/desktop_product_slug_1.3g-kingroll---mimosa-x-cali-o-custom-brand-pre-rolls-1.3-34526.png,,
C0206,crawl,www.thecurecompany.com,img_alt_text,https://www.thecurecompany.com/product?slug=1.3g-kingroll---mimosa-x-cali-o-custom-brand-pre-rolls-1.3-34526,desktop 1366x900 Chromium (Playwright),20/20 visible non-decorative images have alt,pass,,,,,,,,,,screenshots/pages/desktop_product_slug_1.3g-kingroll---mimosa-x-cali-o-custom-brand-pre-rolls-1.3-34526.png,,
C0207,crawl,www.thecurecompany.com,has_h1,https://www.thecurecompany.com/product?slug=1.3g-kingroll---mimosa-x-cali-o-custom-brand-pre-rolls-1.3-34526,desktop 1366x900 Chromium (Playwright),"H1 count 0; title ""1.3G KingRoll - Mimosa x Cali-o Custom Brand""",fail,Low,L-5,,,,,,,,screenshots/pages/desktop_product_slug_1.3g-kingroll---mimosa-x-cali-o-custom-brand-pre-rolls-1.3-34526.png,,
C0208,crawl,www.thecurecompany.com,product_renders,https://www.thecurecompany.com/product?slug=1.3g-kingroll---mimosa-x-cali-o-custom-brand-pre-rolls-1.3-34526,desktop 1366x900 Chromium (Playwright),product name and price rendered,pass,,,,,,,,,,screenshots/pages/desktop_product_slug_1.3g-kingroll---mimosa-x-cali-o-custom-brand-pre-rolls-1.3-34526.png,,
C0209,crawl,www.thecurecompany.com,product_category_label,https://www.thecurecompany.com/product?slug=1.3g-kingroll---mimosa-x-cali-o-custom-brand-pre-rolls-1.3-34526,desktop 1366x900 Chromium (Playwright),"category label is not the placeholder ""Root category""",pass,,,,,,,,,,screenshots/pages/desktop_product_slug_1.3g-kingroll---mimosa-x-cali-o-custom-brand-pre-rolls-1.3-34526.png,,
C0210,crawl,www.thecurecompany.com,http_status,https://www.thecurecompany.com/product?slug=baby-infused---tropicali-jeeter-pre-rolls-2.5-38107,desktop 1366x900 Chromium (Playwright),HTTP 200 (expected 200),pass,,,,,,,,,,screenshots/pages/desktop_product_slug_baby-infused---tropicali-jeeter-pre-rolls-2.5-38107.png,,
C0211,crawl,www.thecurecompany.com,load_time_under_3s,https://www.thecurecompany.com/product?slug=baby-infused---tropicali-jeeter-pre-rolls-2.5-38107,desktop 1366x900 Chromium (Playwright),navigation start to load event 3214 ms (single concurrent sample),fail,Medium,M-12,,,< 3000 ms,3214 ms,,,,screenshots/pages/desktop_product_slug_baby-infused---tropicali-jeeter-pre-rolls-2.5-38107.png,,
C0212,crawl,www.thecurecompany.com,mobile_overflow_390,https://www.thecurecompany.com/product?slug=baby-infused---tropicali-jeeter-pre-rolls-2.5-38107,mobile 390x844 Chromium (Playwright),scrollWidth 390 vs viewport 390,pass,,,,,,,,,,screenshots/pages/mobile_product_slug_baby-infused---tropicali-jeeter-pre-rolls-2.5-38107.png,,
C0213,crawl,www.thecurecompany.com,console_errors_excl_alpineiq,https://www.thecurecompany.com/product?slug=baby-infused---tropicali-jeeter-pre-rolls-2.5-38107,desktop 1366x900 Chromium (Playwright),"0 non-AlpineIQ errors; 2 AlpineIQ rate-limit errors (429, induced by crawl volume) ignored",pass,,,,,,,,,,screenshots/pages/desktop_product_slug_baby-infused---tropicali-jeeter-pre-rolls-2.5-38107.png,,
C0214,crawl,www.thecurecompany.com,images_load,https://www.thecurecompany.com/product?slug=baby-infused---tropicali-jeeter-pre-rolls-2.5-38107,desktop 1366x900 Chromium (Playwright),"18 loaded, 0 broken, 17 lazy never loaded (not tested)",pass,,,,,,,,,,screenshots/pages/desktop_product_slug_baby-infused---tropicali-jeeter-pre-rolls-2.5-38107.png,,
C0215,crawl,www.thecurecompany.com,img_alt_text,https://www.thecurecompany.com/product?slug=baby-infused---tropicali-jeeter-pre-rolls-2.5-38107,desktop 1366x900 Chromium (Playwright),21/21 visible non-decorative images have alt,pass,,,,,,,,,,screenshots/pages/desktop_product_slug_baby-infused---tropicali-jeeter-pre-rolls-2.5-38107.png,,
C0216,crawl,www.thecurecompany.com,has_h1,https://www.thecurecompany.com/product?slug=baby-infused---tropicali-jeeter-pre-rolls-2.5-38107,desktop 1366x900 Chromium (Playwright),"H1 count 0; title ""Baby Infused - Tropicali Jeeter""",fail,Low,L-5,,,,,,,,screenshots/pages/desktop_product_slug_baby-infused---tropicali-jeeter-pre-rolls-2.5-38107.png,,
C0217,crawl,www.thecurecompany.com,product_renders,https://www.thecurecompany.com/product?slug=baby-infused---tropicali-jeeter-pre-rolls-2.5-38107,desktop 1366x900 Chromium (Playwright),product name and price rendered,pass,,,,,,,,,,screenshots/pages/desktop_product_slug_baby-infused---tropicali-jeeter-pre-rolls-2.5-38107.png,,
C0218,crawl,www.thecurecompany.com,product_category_label,https://www.thecurecompany.com/product?slug=baby-infused---tropicali-jeeter-pre-rolls-2.5-38107,desktop 1366x900 Chromium (Playwright),"category label is not the placeholder ""Root category""",pass,,,,,,,,,,screenshots/pages/desktop_product_slug_baby-infused---tropicali-jeeter-pre-rolls-2.5-38107.png,,
C0219,crawl,www.thecurecompany.com,http_status,https://www.thecurecompany.com/product?slug=bear-labs:-grilled-peaches-1g-live-resin-diamonds-custom-brand-root-category-1-32933,desktop 1366x900 Chromium (Playwright),HTTP 200 (expected 200),pass,,,,,,,,,,screenshots/pages/desktop_product_slug_bear-labs_-grilled-peaches-1g-live-resin-diamonds-custom-brand-root-category-.png,,
C0220,crawl,www.thecurecompany.com,load_time_under_3s,https://www.thecurecompany.com/product?slug=bear-labs:-grilled-peaches-1g-live-resin-diamonds-custom-brand-root-category-1-32933,desktop 1366x900 Chromium (Playwright),navigation start to load event 3333 ms (single concurrent sample),fail,Medium,M-12,,,< 3000 ms,3333 ms,,,,screenshots/pages/desktop_product_slug_bear-labs_-grilled-peaches-1g-live-resin-diamonds-custom-brand-root-category-.png,,
C0221,crawl,www.thecurecompany.com,mobile_overflow_390,https://www.thecurecompany.com/product?slug=bear-labs:-grilled-peaches-1g-live-resin-diamonds-custom-brand-root-category-1-32933,mobile 390x844 Chromium (Playwright),scrollWidth 390 vs viewport 390,pass,,,,,,,,,,screenshots/pages/mobile_product_slug_bear-labs_-grilled-peaches-1g-live-resin-diamonds-custom-brand-root-category-.png,,
C0222,crawl,www.thecurecompany.com,console_errors_excl_alpineiq,https://www.thecurecompany.com/product?slug=bear-labs:-grilled-peaches-1g-live-resin-diamonds-custom-brand-root-category-1-32933,desktop 1366x900 Chromium (Playwright),"0 non-AlpineIQ errors; 2 AlpineIQ rate-limit errors (429, induced by crawl volume) ignored",pass,,,,,,,,,,screenshots/pages/desktop_product_slug_bear-labs_-grilled-peaches-1g-live-resin-diamonds-custom-brand-root-category-.png,,
C0223,crawl,www.thecurecompany.com,images_load,https://www.thecurecompany.com/product?slug=bear-labs:-grilled-peaches-1g-live-resin-diamonds-custom-brand-root-category-1-32933,desktop 1366x900 Chromium (Playwright),"13 loaded, 0 broken, 4 lazy never loaded (not tested)",pass,,,,,,,,,,screenshots/pages/desktop_product_slug_bear-labs_-grilled-peaches-1g-live-resin-diamonds-custom-brand-root-category-.png,,
C0224,crawl,www.thecurecompany.com,img_alt_text,https://www.thecurecompany.com/product?slug=bear-labs:-grilled-peaches-1g-live-resin-diamonds-custom-brand-root-category-1-32933,desktop 1366x900 Chromium (Playwright),3/3 visible non-decorative images have alt,pass,,,,,,,,,,screenshots/pages/desktop_product_slug_bear-labs_-grilled-peaches-1g-live-resin-diamonds-custom-brand-root-category-.png,,
C0225,crawl,www.thecurecompany.com,has_h1,https://www.thecurecompany.com/product?slug=bear-labs:-grilled-peaches-1g-live-resin-diamonds-custom-brand-root-category-1-32933,desktop 1366x900 Chromium (Playwright),"H1 count 0; title ""Bear Labs: Grilled Peaches 1g Live Resin DIamonds Custom Brand""",fail,Low,L-5,,,,,,,,screenshots/pages/desktop_product_slug_bear-labs_-grilled-peaches-1g-live-resin-diamonds-custom-brand-root-category-.png,,
C0226,crawl,www.thecurecompany.com,product_renders,https://www.thecurecompany.com/product?slug=bear-labs:-grilled-peaches-1g-live-resin-diamonds-custom-brand-root-category-1-32933,desktop 1366x900 Chromium (Playwright),product name and price rendered,pass,,,,,,,,,,screenshots/pages/desktop_product_slug_bear-labs_-grilled-peaches-1g-live-resin-diamonds-custom-brand-root-category-.png,,
C0227,crawl,www.thecurecompany.com,product_category_label,https://www.thecurecompany.com/product?slug=bear-labs:-grilled-peaches-1g-live-resin-diamonds-custom-brand-root-category-1-32933,desktop 1366x900 Chromium (Playwright),"category label is not the placeholder ""Root category""",pass,,,,,,,,,,screenshots/pages/desktop_product_slug_bear-labs_-grilled-peaches-1g-live-resin-diamonds-custom-brand-root-category-.png,,
C0228,crawl,www.thecurecompany.com,http_status,https://www.thecurecompany.com/product?slug=big-chief---cart---amnesia-haze---1g-custom-brand-vape-pens-1-36438,desktop 1366x900 Chromium (Playwright),HTTP 200 (expected 200),pass,,,,,,,,,,screenshots/pages/desktop_product_slug_big-chief---cart---amnesia-haze---1g-custom-brand-vape-pens-1-36438.png,,
C0229,crawl,www.thecurecompany.com,load_time_under_3s,https://www.thecurecompany.com/product?slug=big-chief---cart---amnesia-haze---1g-custom-brand-vape-pens-1-36438,desktop 1366x900 Chromium (Playwright),navigation start to load event 2919 ms (single concurrent sample),pass,,,,,< 3000 ms,2919 ms,,,,screenshots/pages/desktop_product_slug_big-chief---cart---amnesia-haze---1g-custom-brand-vape-pens-1-36438.png,,
C0230,crawl,www.thecurecompany.com,mobile_overflow_390,https://www.thecurecompany.com/product?slug=big-chief---cart---amnesia-haze---1g-custom-brand-vape-pens-1-36438,mobile 390x844 Chromium (Playwright),scrollWidth 390 vs viewport 390,pass,,,,,,,,,,screenshots/pages/mobile_product_slug_big-chief---cart---amnesia-haze---1g-custom-brand-vape-pens-1-36438.png,,
C0231,crawl,www.thecurecompany.com,console_errors_excl_alpineiq,https://www.thecurecompany.com/product?slug=big-chief---cart---amnesia-haze---1g-custom-brand-vape-pens-1-36438,desktop 1366x900 Chromium (Playwright),"0 non-AlpineIQ errors; 2 AlpineIQ rate-limit errors (429, induced by crawl volume) ignored",pass,,,,,,,,,,screenshots/pages/desktop_product_slug_big-chief---cart---amnesia-haze---1g-custom-brand-vape-pens-1-36438.png,,
C0232,crawl,www.thecurecompany.com,images_load,https://www.thecurecompany.com/product?slug=big-chief---cart---amnesia-haze---1g-custom-brand-vape-pens-1-36438,desktop 1366x900 Chromium (Playwright),"18 loaded, 0 broken, 17 lazy never loaded (not tested)",pass,,,,,,,,,,screenshots/pages/desktop_product_slug_big-chief---cart---amnesia-haze---1g-custom-brand-vape-pens-1-36438.png,,
C0233,crawl,www.thecurecompany.com,img_alt_text,https://www.thecurecompany.com/product?slug=big-chief---cart---amnesia-haze---1g-custom-brand-vape-pens-1-36438,desktop 1366x900 Chromium (Playwright),19/19 visible non-decorative images have alt,pass,,,,,,,,,,screenshots/pages/desktop_product_slug_big-chief---cart---amnesia-haze---1g-custom-brand-vape-pens-1-36438.png,,
C0234,crawl,www.thecurecompany.com,has_h1,https://www.thecurecompany.com/product?slug=big-chief---cart---amnesia-haze---1g-custom-brand-vape-pens-1-36438,desktop 1366x900 Chromium (Playwright),"H1 count 0; title ""Big Chief - Cart - Amnesia Haze - 1g Custom Brand""",fail,Low,L-5,,,,,,,,screenshots/pages/desktop_product_slug_big-chief---cart---amnesia-haze---1g-custom-brand-vape-pens-1-36438.png,,
C0235,crawl,www.thecurecompany.com,product_renders,https://www.thecurecompany.com/product?slug=big-chief---cart---amnesia-haze---1g-custom-brand-vape-pens-1-36438,desktop 1366x900 Chromium (Playwright),product name and price rendered,pass,,,,,,,,,,screenshots/pages/desktop_product_slug_big-chief---cart---amnesia-haze---1g-custom-brand-vape-pens-1-36438.png,,
C0236,crawl,www.thecurecompany.com,product_category_label,https://www.thecurecompany.com/product?slug=big-chief---cart---amnesia-haze---1g-custom-brand-vape-pens-1-36438,desktop 1366x900 Chromium (Playwright),"category label is not the placeholder ""Root category""",pass,,,,,,,,,,screenshots/pages/desktop_product_slug_big-chief---cart---amnesia-haze---1g-custom-brand-vape-pens-1-36438.png,,
C0237,crawl,www.thecurecompany.com,http_status,https://www.thecurecompany.com/product?slug=big-perm-juice-vape-cart-(la-family-farms---cured-resin)-coldfire-extracts-vape-pens-1-33092,desktop 1366x900 Chromium (Playwright),HTTP 200 (expected 200),pass,,,,,,,,,,screenshots/pages/desktop_product_slug_big-perm-juice-vape-cart-_la-family-farms---cured-resin_-coldfire-extracts-va.png,,
C0238,crawl,www.thecurecompany.com,load_time_under_3s,https://www.thecurecompany.com/product?slug=big-perm-juice-vape-cart-(la-family-farms---cured-resin)-coldfire-extracts-vape-pens-1-33092,desktop 1366x900 Chromium (Playwright),navigation start to load event 3415 ms (single concurrent sample),fail,Medium,M-12,,,< 3000 ms,3415 ms,,,,screenshots/pages/desktop_product_slug_big-perm-juice-vape-cart-_la-family-farms---cured-resin_-coldfire-extracts-va.png,,
C0239,crawl,www.thecurecompany.com,mobile_overflow_390,https://www.thecurecompany.com/product?slug=big-perm-juice-vape-cart-(la-family-farms---cured-resin)-coldfire-extracts-vape-pens-1-33092,mobile 390x844 Chromium (Playwright),scrollWidth 390 vs viewport 390,pass,,,,,,,,,,screenshots/pages/mobile_product_slug_big-perm-juice-vape-cart-_la-family-farms---cured-resin_-coldfire-extracts-va.png,,
C0240,crawl,www.thecurecompany.com,console_errors_excl_alpineiq,https://www.thecurecompany.com/product?slug=big-perm-juice-vape-cart-(la-family-farms---cured-resin)-coldfire-extracts-vape-pens-1-33092,desktop 1366x900 Chromium (Playwright),"0 non-AlpineIQ errors; 0 AlpineIQ rate-limit errors (429, induced by crawl volume) ignored",pass,,,,,,,,,,screenshots/pages/desktop_product_slug_big-perm-juice-vape-cart-_la-family-farms---cured-resin_-coldfire-extracts-va.png,,
C0241,crawl,www.thecurecompany.com,images_load,https://www.thecurecompany.com/product?slug=big-perm-juice-vape-cart-(la-family-farms---cured-resin)-coldfire-extracts-vape-pens-1-33092,desktop 1366x900 Chromium (Playwright),"18 loaded, 0 broken, 17 lazy never loaded (not tested)",pass,,,,,,,,,,screenshots/pages/desktop_product_slug_big-perm-juice-vape-cart-_la-family-farms---cured-resin_-coldfire-extracts-va.png,,
C0242,crawl,www.thecurecompany.com,img_alt_text,https://www.thecurecompany.com/product?slug=big-perm-juice-vape-cart-(la-family-farms---cured-resin)-coldfire-extracts-vape-pens-1-33092,desktop 1366x900 Chromium (Playwright),20/20 visible non-decorative images have alt,pass,,,,,,,,,,screenshots/pages/desktop_product_slug_big-perm-juice-vape-cart-_la-family-farms---cured-resin_-coldfire-extracts-va.png,,
C0243,crawl,www.thecurecompany.com,has_h1,https://www.thecurecompany.com/product?slug=big-perm-juice-vape-cart-(la-family-farms---cured-resin)-coldfire-extracts-vape-pens-1-33092,desktop 1366x900 Chromium (Playwright),"H1 count 0; title ""Big Perm Juice Vape Cart (LA Family Farms - Cured Resin) Coldfire Extracts""",fail,Low,L-5,,,,,,,,screenshots/pages/desktop_product_slug_big-perm-juice-vape-cart-_la-family-farms---cured-resin_-coldfire-extracts-va.png,,
C0244,crawl,www.thecurecompany.com,product_renders,https://www.thecurecompany.com/product?slug=big-perm-juice-vape-cart-(la-family-farms---cured-resin)-coldfire-extracts-vape-pens-1-33092,desktop 1366x900 Chromium (Playwright),product name and price rendered,pass,,,,,,,,,,screenshots/pages/desktop_product_slug_big-perm-juice-vape-cart-_la-family-farms---cured-resin_-coldfire-extracts-va.png,,
C0245,crawl,www.thecurecompany.com,product_category_label,https://www.thecurecompany.com/product?slug=big-perm-juice-vape-cart-(la-family-farms---cured-resin)-coldfire-extracts-vape-pens-1-33092,desktop 1366x900 Chromium (Playwright),"category label is not the placeholder ""Root category""",pass,,,,,,,,,,screenshots/pages/desktop_product_slug_big-perm-juice-vape-cart-_la-family-farms---cured-resin_-coldfire-extracts-va.png,,
C0246,crawl,www.thecurecompany.com,http_status,https://www.thecurecompany.com/product?slug=black-mamba---jack-herer---infused-blunt-5pk-sativa---6g-custom-brand-pre-rolls-6-33523,desktop 1366x900 Chromium (Playwright),HTTP 200 (expected 200),pass,,,,,,,,,,screenshots/pages/desktop_product_slug_black-mamba---jack-herer---infused-blunt-5pk-sativa---6g-custom-brand-pre-rol.png,,
C0247,crawl,www.thecurecompany.com,load_time_under_3s,https://www.thecurecompany.com/product?slug=black-mamba---jack-herer---infused-blunt-5pk-sativa---6g-custom-brand-pre-rolls-6-33523,desktop 1366x900 Chromium (Playwright),navigation start to load event 3037 ms (single concurrent sample),fail,Medium,M-12,,,< 3000 ms,3037 ms,,,,screenshots/pages/desktop_product_slug_black-mamba---jack-herer---infused-blunt-5pk-sativa---6g-custom-brand-pre-rol.png,,
C0248,crawl,www.thecurecompany.com,mobile_overflow_390,https://www.thecurecompany.com/product?slug=black-mamba---jack-herer---infused-blunt-5pk-sativa---6g-custom-brand-pre-rolls-6-33523,mobile 390x844 Chromium (Playwright),scrollWidth 390 vs viewport 390,pass,,,,,,,,,,screenshots/pages/mobile_product_slug_black-mamba---jack-herer---infused-blunt-5pk-sativa---6g-custom-brand-pre-rol.png,,
C0249,crawl,www.thecurecompany.com,console_errors_excl_alpineiq,https://www.thecurecompany.com/product?slug=black-mamba---jack-herer---infused-blunt-5pk-sativa---6g-custom-brand-pre-rolls-6-33523,desktop 1366x900 Chromium (Playwright),"0 non-AlpineIQ errors; 2 AlpineIQ rate-limit errors (429, induced by crawl volume) ignored",pass,,,,,,,,,,screenshots/pages/desktop_product_slug_black-mamba---jack-herer---infused-blunt-5pk-sativa---6g-custom-brand-pre-rol.png,,
C0250,crawl,www.thecurecompany.com,images_load,https://www.thecurecompany.com/product?slug=black-mamba---jack-herer---infused-blunt-5pk-sativa---6g-custom-brand-pre-rolls-6-33523,desktop 1366x900 Chromium (Playwright),"18 loaded, 0 broken, 17 lazy never loaded (not tested)",pass,,,,,,,,,,screenshots/pages/desktop_product_slug_black-mamba---jack-herer---infused-blunt-5pk-sativa---6g-custom-brand-pre-rol.png,,
C0251,crawl,www.thecurecompany.com,img_alt_text,https://www.thecurecompany.com/product?slug=black-mamba---jack-herer---infused-blunt-5pk-sativa---6g-custom-brand-pre-rolls-6-33523,desktop 1366x900 Chromium (Playwright),20/20 visible non-decorative images have alt,pass,,,,,,,,,,screenshots/pages/desktop_product_slug_black-mamba---jack-herer---infused-blunt-5pk-sativa---6g-custom-brand-pre-rol.png,,
C0252,crawl,www.thecurecompany.com,has_h1,https://www.thecurecompany.com/product?slug=black-mamba---jack-herer---infused-blunt-5pk-sativa---6g-custom-brand-pre-rolls-6-33523,desktop 1366x900 Chromium (Playwright),"H1 count 0; title ""Black Mamba - Jack Herer - Infused Blunt 5pk Sativa - 6g Custom Brand""",fail,Low,L-5,,,,,,,,screenshots/pages/desktop_product_slug_black-mamba---jack-herer---infused-blunt-5pk-sativa---6g-custom-brand-pre-rol.png,,
C0253,crawl,www.thecurecompany.com,product_renders,https://www.thecurecompany.com/product?slug=black-mamba---jack-herer---infused-blunt-5pk-sativa---6g-custom-brand-pre-rolls-6-33523,desktop 1366x900 Chromium (Playwright),product name and price rendered,pass,,,,,,,,,,screenshots/pages/desktop_product_slug_black-mamba---jack-herer---infused-blunt-5pk-sativa---6g-custom-brand-pre-rol.png,,
C0254,crawl,www.thecurecompany.com,product_category_label,https://www.thecurecompany.com/product?slug=black-mamba---jack-herer---infused-blunt-5pk-sativa---6g-custom-brand-pre-rolls-6-33523,desktop 1366x900 Chromium (Playwright),"category label is not the placeholder ""Root category""",pass,,,,,,,,,,screenshots/pages/desktop_product_slug_black-mamba---jack-herer---infused-blunt-5pk-sativa---6g-custom-brand-pre-rol.png,,
C0255,crawl,www.thecurecompany.com,http_status,https://www.thecurecompany.com/product?slug=box---platinum-og---5pk-infused-blunt-black-mamba-cannabis-pre-rolls-6-33997,desktop 1366x900 Chromium (Playwright),HTTP 200 (expected 200),pass,,,,,,,,,,screenshots/pages/desktop_product_slug_box---platinum-og---5pk-infused-blunt-black-mamba-cannabis-pre-rolls-6-33997.png,,
C0256,crawl,www.thecurecompany.com,load_time_under_3s,https://www.thecurecompany.com/product?slug=box---platinum-og---5pk-infused-blunt-black-mamba-cannabis-pre-rolls-6-33997,desktop 1366x900 Chromium (Playwright),navigation start to load event 3762 ms (single concurrent sample),fail,Medium,M-12,,,< 3000 ms,3762 ms,,,,screenshots/pages/desktop_product_slug_box---platinum-og---5pk-infused-blunt-black-mamba-cannabis-pre-rolls-6-33997.png,,
C0257,crawl,www.thecurecompany.com,mobile_overflow_390,https://www.thecurecompany.com/product?slug=box---platinum-og---5pk-infused-blunt-black-mamba-cannabis-pre-rolls-6-33997,mobile 390x844 Chromium (Playwright),scrollWidth 390 vs viewport 390,pass,,,,,,,,,,screenshots/pages/mobile_product_slug_box---platinum-og---5pk-infused-blunt-black-mamba-cannabis-pre-rolls-6-33997.png,,
C0258,crawl,www.thecurecompany.com,console_errors_excl_alpineiq,https://www.thecurecompany.com/product?slug=box---platinum-og---5pk-infused-blunt-black-mamba-cannabis-pre-rolls-6-33997,desktop 1366x900 Chromium (Playwright),"0 non-AlpineIQ errors; 4 AlpineIQ rate-limit errors (429, induced by crawl volume) ignored",pass,,,,,,,,,,screenshots/pages/desktop_product_slug_box---platinum-og---5pk-infused-blunt-black-mamba-cannabis-pre-rolls-6-33997.png,,
C0259,crawl,www.thecurecompany.com,images_load,https://www.thecurecompany.com/product?slug=box---platinum-og---5pk-infused-blunt-black-mamba-cannabis-pre-rolls-6-33997,desktop 1366x900 Chromium (Playwright),"18 loaded, 0 broken, 17 lazy never loaded (not tested)",pass,,,,,,,,,,screenshots/pages/desktop_product_slug_box---platinum-og---5pk-infused-blunt-black-mamba-cannabis-pre-rolls-6-33997.png,,
C0260,crawl,www.thecurecompany.com,img_alt_text,https://www.thecurecompany.com/product?slug=box---platinum-og---5pk-infused-blunt-black-mamba-cannabis-pre-rolls-6-33997,desktop 1366x900 Chromium (Playwright),21/21 visible non-decorative images have alt,pass,,,,,,,,,,screenshots/pages/desktop_product_slug_box---platinum-og---5pk-infused-blunt-black-mamba-cannabis-pre-rolls-6-33997.png,,
C0261,crawl,www.thecurecompany.com,has_h1,https://www.thecurecompany.com/product?slug=box---platinum-og---5pk-infused-blunt-black-mamba-cannabis-pre-rolls-6-33997,desktop 1366x900 Chromium (Playwright),"H1 count 0; title ""Box - Platinum OG - 5pk Infused Blunt Black Mamba Cannabis""",fail,Low,L-5,,,,,,,,screenshots/pages/desktop_product_slug_box---platinum-og---5pk-infused-blunt-black-mamba-cannabis-pre-rolls-6-33997.png,,
C0262,crawl,www.thecurecompany.com,product_renders,https://www.thecurecompany.com/product?slug=box---platinum-og---5pk-infused-blunt-black-mamba-cannabis-pre-rolls-6-33997,desktop 1366x900 Chromium (Playwright),product name and price rendered,pass,,,,,,,,,,screenshots/pages/desktop_product_slug_box---platinum-og---5pk-infused-blunt-black-mamba-cannabis-pre-rolls-6-33997.png,,
C0263,crawl,www.thecurecompany.com,product_category_label,https://www.thecurecompany.com/product?slug=box---platinum-og---5pk-infused-blunt-black-mamba-cannabis-pre-rolls-6-33997,desktop 1366x900 Chromium (Playwright),"category label is not the placeholder ""Root category""",pass,,,,,,,,,,screenshots/pages/desktop_product_slug_box---platinum-og---5pk-infused-blunt-black-mamba-cannabis-pre-rolls-6-33997.png,,
C0264,crawl,www.thecurecompany.com,http_status,https://www.thecurecompany.com/product?slug=cake---aio---pink-guava---1.25g-custom-brand-vape-pens-1.25-38375,desktop 1366x900 Chromium (Playwright),HTTP 200 (expected 200),pass,,,,,,,,,,screenshots/pages/desktop_product_slug_cake---aio---pink-guava---1.25g-custom-brand-vape-pens-1.25-38375.png,,
C0265,crawl,www.thecurecompany.com,load_time_under_3s,https://www.thecurecompany.com/product?slug=cake---aio---pink-guava---1.25g-custom-brand-vape-pens-1.25-38375,desktop 1366x900 Chromium (Playwright),navigation start to load event 3087 ms (single concurrent sample),fail,Medium,M-12,,,< 3000 ms,3087 ms,,,,screenshots/pages/desktop_product_slug_cake---aio---pink-guava---1.25g-custom-brand-vape-pens-1.25-38375.png,,
C0266,crawl,www.thecurecompany.com,mobile_overflow_390,https://www.thecurecompany.com/product?slug=cake---aio---pink-guava---1.25g-custom-brand-vape-pens-1.25-38375,mobile 390x844 Chromium (Playwright),scrollWidth 390 vs viewport 390,pass,,,,,,,,,,screenshots/pages/mobile_product_slug_cake---aio---pink-guava---1.25g-custom-brand-vape-pens-1.25-38375.png,,
C0267,crawl,www.thecurecompany.com,console_errors_excl_alpineiq,https://www.thecurecompany.com/product?slug=cake---aio---pink-guava---1.25g-custom-brand-vape-pens-1.25-38375,desktop 1366x900 Chromium (Playwright),"0 non-AlpineIQ errors; 2 AlpineIQ rate-limit errors (429, induced by crawl volume) ignored",pass,,,,,,,,,,screenshots/pages/desktop_product_slug_cake---aio---pink-guava---1.25g-custom-brand-vape-pens-1.25-38375.png,,
C0268,crawl,www.thecurecompany.com,images_load,https://www.thecurecompany.com/product?slug=cake---aio---pink-guava---1.25g-custom-brand-vape-pens-1.25-38375,desktop 1366x900 Chromium (Playwright),"18 loaded, 0 broken, 17 lazy never loaded (not tested)",pass,,,,,,,,,,screenshots/pages/desktop_product_slug_cake---aio---pink-guava---1.25g-custom-brand-vape-pens-1.25-38375.png,,
C0269,crawl,www.thecurecompany.com,img_alt_text,https://www.thecurecompany.com/product?slug=cake---aio---pink-guava---1.25g-custom-brand-vape-pens-1.25-38375,desktop 1366x900 Chromium (Playwright),19/19 visible non-decorative images have alt,pass,,,,,,,,,,screenshots/pages/desktop_product_slug_cake---aio---pink-guava---1.25g-custom-brand-vape-pens-1.25-38375.png,,
C0270,crawl,www.thecurecompany.com,has_h1,https://www.thecurecompany.com/product?slug=cake---aio---pink-guava---1.25g-custom-brand-vape-pens-1.25-38375,desktop 1366x900 Chromium (Playwright),"H1 count 0; title ""Cake - AIO - Pink Guava - 1.25g Custom Brand""",fail,Low,L-5,,,,,,,,screenshots/pages/desktop_product_slug_cake---aio---pink-guava---1.25g-custom-brand-vape-pens-1.25-38375.png,,
C0271,crawl,www.thecurecompany.com,product_renders,https://www.thecurecompany.com/product?slug=cake---aio---pink-guava---1.25g-custom-brand-vape-pens-1.25-38375,desktop 1366x900 Chromium (Playwright),product name and price rendered,pass,,,,,,,,,,screenshots/pages/desktop_product_slug_cake---aio---pink-guava---1.25g-custom-brand-vape-pens-1.25-38375.png,,
C0272,crawl,www.thecurecompany.com,product_category_label,https://www.thecurecompany.com/product?slug=cake---aio---pink-guava---1.25g-custom-brand-vape-pens-1.25-38375,desktop 1366x900 Chromium (Playwright),"category label is not the placeholder ""Root category""",pass,,,,,,,,,,screenshots/pages/desktop_product_slug_cake---aio---pink-guava---1.25g-custom-brand-vape-pens-1.25-38375.png,,
C0273,crawl,www.thecurecompany.com,http_status,https://www.thecurecompany.com/product?slug=cam---3.5g---pineapple-express---3.5g-custom-brand-root-category-3.5-36128,desktop 1366x900 Chromium (Playwright),HTTP 200 (expected 200),pass,,,,,,,,,,screenshots/pages/desktop_product_slug_cam---3.5g---pineapple-express---3.5g-custom-brand-root-category-3.5-36128.png,,
C0274,crawl,www.thecurecompany.com,load_time_under_3s,https://www.thecurecompany.com/product?slug=cam---3.5g---pineapple-express---3.5g-custom-brand-root-category-3.5-36128,desktop 1366x900 Chromium (Playwright),navigation start to load event 3206 ms (single concurrent sample),fail,Medium,M-12,,,< 3000 ms,3206 ms,,,,screenshots/pages/desktop_product_slug_cam---3.5g---pineapple-express---3.5g-custom-brand-root-category-3.5-36128.png,,
C0275,crawl,www.thecurecompany.com,mobile_overflow_390,https://www.thecurecompany.com/product?slug=cam---3.5g---pineapple-express---3.5g-custom-brand-root-category-3.5-36128,mobile 390x844 Chromium (Playwright),scrollWidth 390 vs viewport 390,pass,,,,,,,,,,screenshots/pages/mobile_product_slug_cam---3.5g---pineapple-express---3.5g-custom-brand-root-category-3.5-36128.png,,
C0276,crawl,www.thecurecompany.com,console_errors_excl_alpineiq,https://www.thecurecompany.com/product?slug=cam---3.5g---pineapple-express---3.5g-custom-brand-root-category-3.5-36128,desktop 1366x900 Chromium (Playwright),"0 non-AlpineIQ errors; 2 AlpineIQ rate-limit errors (429, induced by crawl volume) ignored",pass,,,,,,,,,,screenshots/pages/desktop_product_slug_cam---3.5g---pineapple-express---3.5g-custom-brand-root-category-3.5-36128.png,,
C0277,crawl,www.thecurecompany.com,images_load,https://www.thecurecompany.com/product?slug=cam---3.5g---pineapple-express---3.5g-custom-brand-root-category-3.5-36128,desktop 1366x900 Chromium (Playwright),"18 loaded, 0 broken, 17 lazy never loaded (not tested)",pass,,,,,,,,,,screenshots/pages/desktop_product_slug_cam---3.5g---pineapple-express---3.5g-custom-brand-root-category-3.5-36128.png,,
C0278,crawl,www.thecurecompany.com,img_alt_text,https://www.thecurecompany.com/product?slug=cam---3.5g---pineapple-express---3.5g-custom-brand-root-category-3.5-36128,desktop 1366x900 Chromium (Playwright),20/20 visible non-decorative images have alt,pass,,,,,,,,,,screenshots/pages/desktop_product_slug_cam---3.5g---pineapple-express---3.5g-custom-brand-root-category-3.5-36128.png,,
C0279,crawl,www.thecurecompany.com,has_h1,https://www.thecurecompany.com/product?slug=cam---3.5g---pineapple-express---3.5g-custom-brand-root-category-3.5-36128,desktop 1366x900 Chromium (Playwright),"H1 count 0; title ""CAM - 3.5g - Pineapple Express - 3.5g Custom Brand""",fail,Low,L-5,,,,,,,,screenshots/pages/desktop_product_slug_cam---3.5g---pineapple-express---3.5g-custom-brand-root-category-3.5-36128.png,,
C0280,crawl,www.thecurecompany.com,product_renders,https://www.thecurecompany.com/product?slug=cam---3.5g---pineapple-express---3.5g-custom-brand-root-category-3.5-36128,desktop 1366x900 Chromium (Playwright),product name and price rendered,pass,,,,,,,,,,screenshots/pages/desktop_product_slug_cam---3.5g---pineapple-express---3.5g-custom-brand-root-category-3.5-36128.png,,
C0281,crawl,www.thecurecompany.com,product_category_label,https://www.thecurecompany.com/product?slug=cam---3.5g---pineapple-express---3.5g-custom-brand-root-category-3.5-36128,desktop 1366x900 Chromium (Playwright),"category label is not the placeholder ""Root category""",pass,,,,,,,,,,screenshots/pages/desktop_product_slug_cam---3.5g---pineapple-express---3.5g-custom-brand-root-category-3.5-36128.png,,
C0282,crawl,www.thecurecompany.com,http_status,https://www.thecurecompany.com/product?slug=ces-budder---garlic-runtz-1g-custom-brand-root-category-1-34325,desktop 1366x900 Chromium (Playwright),HTTP 200 (expected 200),pass,,,,,,,,,,screenshots/pages/desktop_product_slug_ces-budder---garlic-runtz-1g-custom-brand-root-category-1-34325.png,,
C0283,crawl,www.thecurecompany.com,load_time_under_3s,https://www.thecurecompany.com/product?slug=ces-budder---garlic-runtz-1g-custom-brand-root-category-1-34325,desktop 1366x900 Chromium (Playwright),navigation start to load event 3303 ms (single concurrent sample),fail,Medium,M-12,,,< 3000 ms,3303 ms,,,,screenshots/pages/desktop_product_slug_ces-budder---garlic-runtz-1g-custom-brand-root-category-1-34325.png,,
C0284,crawl,www.thecurecompany.com,mobile_overflow_390,https://www.thecurecompany.com/product?slug=ces-budder---garlic-runtz-1g-custom-brand-root-category-1-34325,mobile 390x844 Chromium (Playwright),scrollWidth 390 vs viewport 390,pass,,,,,,,,,,screenshots/pages/mobile_product_slug_ces-budder---garlic-runtz-1g-custom-brand-root-category-1-34325.png,,
C0285,crawl,www.thecurecompany.com,console_errors_excl_alpineiq,https://www.thecurecompany.com/product?slug=ces-budder---garlic-runtz-1g-custom-brand-root-category-1-34325,desktop 1366x900 Chromium (Playwright),"0 non-AlpineIQ errors; 2 AlpineIQ rate-limit errors (429, induced by crawl volume) ignored",pass,,,,,,,,,,screenshots/pages/desktop_product_slug_ces-budder---garlic-runtz-1g-custom-brand-root-category-1-34325.png,,
C0286,crawl,www.thecurecompany.com,images_load,https://www.thecurecompany.com/product?slug=ces-budder---garlic-runtz-1g-custom-brand-root-category-1-34325,desktop 1366x900 Chromium (Playwright),"13 loaded, 0 broken, 4 lazy never loaded (not tested)",pass,,,,,,,,,,screenshots/pages/desktop_product_slug_ces-budder---garlic-runtz-1g-custom-brand-root-category-1-34325.png,,
C0287,crawl,www.thecurecompany.com,img_alt_text,https://www.thecurecompany.com/product?slug=ces-budder---garlic-runtz-1g-custom-brand-root-category-1-34325,desktop 1366x900 Chromium (Playwright),2/2 visible non-decorative images have alt,pass,,,,,,,,,,screenshots/pages/desktop_product_slug_ces-budder---garlic-runtz-1g-custom-brand-root-category-1-34325.png,,
C0288,crawl,www.thecurecompany.com,has_h1,https://www.thecurecompany.com/product?slug=ces-budder---garlic-runtz-1g-custom-brand-root-category-1-34325,desktop 1366x900 Chromium (Playwright),"H1 count 0; title ""CES Budder - Garlic Runtz 1g Custom Brand""",fail,Low,L-5,,,,,,,,screenshots/pages/desktop_product_slug_ces-budder---garlic-runtz-1g-custom-brand-root-category-1-34325.png,,
C0289,crawl,www.thecurecompany.com,product_renders,https://www.thecurecompany.com/product?slug=ces-budder---garlic-runtz-1g-custom-brand-root-category-1-34325,desktop 1366x900 Chromium (Playwright),product name and price rendered,pass,,,,,,,,,,screenshots/pages/desktop_product_slug_ces-budder---garlic-runtz-1g-custom-brand-root-category-1-34325.png,,
C0290,crawl,www.thecurecompany.com,product_category_label,https://www.thecurecompany.com/product?slug=ces-budder---garlic-runtz-1g-custom-brand-root-category-1-34325,desktop 1366x900 Chromium (Playwright),"category label is not the placeholder ""Root category""",pass,,,,,,,,,,screenshots/pages/desktop_product_slug_ces-budder---garlic-runtz-1g-custom-brand-root-category-1-34325.png,,
C0291,crawl,www.thecurecompany.com,http_status,https://www.thecurecompany.com/product?slug=cherry-pie-diesel-live-sauce-raw-garden™-concentrates-1-32750,desktop 1366x900 Chromium (Playwright),HTTP 200 (expected 200),pass,,,,,,,,,,screenshots/pages/desktop_product_slug_cherry-pie-diesel-live-sauce-raw-garden_-concentrates-1-32750.png,,
C0292,crawl,www.thecurecompany.com,load_time_under_3s,https://www.thecurecompany.com/product?slug=cherry-pie-diesel-live-sauce-raw-garden™-concentrates-1-32750,desktop 1366x900 Chromium (Playwright),navigation start to load event 3649 ms (single concurrent sample),fail,Medium,M-12,,,< 3000 ms,3649 ms,,,,screenshots/pages/desktop_product_slug_cherry-pie-diesel-live-sauce-raw-garden_-concentrates-1-32750.png,,
C0293,crawl,www.thecurecompany.com,mobile_overflow_390,https://www.thecurecompany.com/product?slug=cherry-pie-diesel-live-sauce-raw-garden™-concentrates-1-32750,mobile 390x844 Chromium (Playwright),scrollWidth 390 vs viewport 390,pass,,,,,,,,,,screenshots/pages/mobile_product_slug_cherry-pie-diesel-live-sauce-raw-garden_-concentrates-1-32750.png,,
C0294,crawl,www.thecurecompany.com,console_errors_excl_alpineiq,https://www.thecurecompany.com/product?slug=cherry-pie-diesel-live-sauce-raw-garden™-concentrates-1-32750,desktop 1366x900 Chromium (Playwright),"0 non-AlpineIQ errors; 2 AlpineIQ rate-limit errors (429, induced by crawl volume) ignored",pass,,,,,,,,,,screenshots/pages/desktop_product_slug_cherry-pie-diesel-live-sauce-raw-garden_-concentrates-1-32750.png,,
C0295,crawl,www.thecurecompany.com,images_load,https://www.thecurecompany.com/product?slug=cherry-pie-diesel-live-sauce-raw-garden™-concentrates-1-32750,desktop 1366x900 Chromium (Playwright),"13 loaded, 0 broken, 4 lazy never loaded (not tested)",pass,,,,,,,,,,screenshots/pages/desktop_product_slug_cherry-pie-diesel-live-sauce-raw-garden_-concentrates-1-32750.png,,
C0296,crawl,www.thecurecompany.com,img_alt_text,https://www.thecurecompany.com/product?slug=cherry-pie-diesel-live-sauce-raw-garden™-concentrates-1-32750,desktop 1366x900 Chromium (Playwright),3/3 visible non-decorative images have alt,pass,,,,,,,,,,screenshots/pages/desktop_product_slug_cherry-pie-diesel-live-sauce-raw-garden_-concentrates-1-32750.png,,
C0297,crawl,www.thecurecompany.com,has_h1,https://www.thecurecompany.com/product?slug=cherry-pie-diesel-live-sauce-raw-garden™-concentrates-1-32750,desktop 1366x900 Chromium (Playwright),"H1 count 0; title ""Raw Garden™ - Cherry Pie Diesel Live Sauce - 1 g Raw Garden™""",fail,Low,L-5,,,,,,,,screenshots/pages/desktop_product_slug_cherry-pie-diesel-live-sauce-raw-garden_-concentrates-1-32750.png,,
C0298,crawl,www.thecurecompany.com,product_renders,https://www.thecurecompany.com/product?slug=cherry-pie-diesel-live-sauce-raw-garden™-concentrates-1-32750,desktop 1366x900 Chromium (Playwright),product name and price rendered,pass,,,,,,,,,,screenshots/pages/desktop_product_slug_cherry-pie-diesel-live-sauce-raw-garden_-concentrates-1-32750.png,,
C0299,crawl,www.thecurecompany.com,product_category_label,https://www.thecurecompany.com/product?slug=cherry-pie-diesel-live-sauce-raw-garden™-concentrates-1-32750,desktop 1366x900 Chromium (Playwright),"category label is not the placeholder ""Root category""",pass,,,,,,,,,,screenshots/pages/desktop_product_slug_cherry-pie-diesel-live-sauce-raw-garden_-concentrates-1-32750.png,,
C0300,crawl,www.thecurecompany.com,http_status,https://www.thecurecompany.com/product?slug=claybourne---mango-machine---infused-blunt---1.5g-custom-brand-pre-rolls-1.5-34913,desktop 1366x900 Chromium (Playwright),HTTP 200 (expected 200),pass,,,,,,,,,,screenshots/pages/desktop_product_slug_claybourne---mango-machine---infused-blunt---1.5g-custom-brand-pre-rolls-1.5-.png,,
C0301,crawl,www.thecurecompany.com,load_time_under_3s,https://www.thecurecompany.com/product?slug=claybourne---mango-machine---infused-blunt---1.5g-custom-brand-pre-rolls-1.5-34913,desktop 1366x900 Chromium (Playwright),navigation start to load event 3066 ms (single concurrent sample),fail,Medium,M-12,,,< 3000 ms,3066 ms,,,,screenshots/pages/desktop_product_slug_claybourne---mango-machine---infused-blunt---1.5g-custom-brand-pre-rolls-1.5-.png,,
C0302,crawl,www.thecurecompany.com,mobile_overflow_390,https://www.thecurecompany.com/product?slug=claybourne---mango-machine---infused-blunt---1.5g-custom-brand-pre-rolls-1.5-34913,mobile 390x844 Chromium (Playwright),scrollWidth 390 vs viewport 390,pass,,,,,,,,,,screenshots/pages/mobile_product_slug_claybourne---mango-machine---infused-blunt---1.5g-custom-brand-pre-rolls-1.5-.png,,
C0303,crawl,www.thecurecompany.com,console_errors_excl_alpineiq,https://www.thecurecompany.com/product?slug=claybourne---mango-machine---infused-blunt---1.5g-custom-brand-pre-rolls-1.5-34913,desktop 1366x900 Chromium (Playwright),"0 non-AlpineIQ errors; 4 AlpineIQ rate-limit errors (429, induced by crawl volume) ignored",pass,,,,,,,,,,screenshots/pages/desktop_product_slug_claybourne---mango-machine---infused-blunt---1.5g-custom-brand-pre-rolls-1.5-.png,,
C0304,crawl,www.thecurecompany.com,images_load,https://www.thecurecompany.com/product?slug=claybourne---mango-machine---infused-blunt---1.5g-custom-brand-pre-rolls-1.5-34913,desktop 1366x900 Chromium (Playwright),"18 loaded, 0 broken, 17 lazy never loaded (not tested)",pass,,,,,,,,,,screenshots/pages/desktop_product_slug_claybourne---mango-machine---infused-blunt---1.5g-custom-brand-pre-rolls-1.5-.png,,
C0305,crawl,www.thecurecompany.com,img_alt_text,https://www.thecurecompany.com/product?slug=claybourne---mango-machine---infused-blunt---1.5g-custom-brand-pre-rolls-1.5-34913,desktop 1366x900 Chromium (Playwright),20/20 visible non-decorative images have alt,pass,,,,,,,,,,screenshots/pages/desktop_product_slug_claybourne---mango-machine---infused-blunt---1.5g-custom-brand-pre-rolls-1.5-.png,,
C0306,crawl,www.thecurecompany.com,has_h1,https://www.thecurecompany.com/product?slug=claybourne---mango-machine---infused-blunt---1.5g-custom-brand-pre-rolls-1.5-34913,desktop 1366x900 Chromium (Playwright),"H1 count 0; title ""Claybourne - Mango Machine - Infused Blunt - 1.5g Custom Brand""",fail,Low,L-5,,,,,,,,screenshots/pages/desktop_product_slug_claybourne---mango-machine---infused-blunt---1.5g-custom-brand-pre-rolls-1.5-.png,,
C0307,crawl,www.thecurecompany.com,product_renders,https://www.thecurecompany.com/product?slug=claybourne---mango-machine---infused-blunt---1.5g-custom-brand-pre-rolls-1.5-34913,desktop 1366x900 Chromium (Playwright),product name and price rendered,pass,,,,,,,,,,screenshots/pages/desktop_product_slug_claybourne---mango-machine---infused-blunt---1.5g-custom-brand-pre-rolls-1.5-.png,,
C0308,crawl,www.thecurecompany.com,product_category_label,https://www.thecurecompany.com/product?slug=claybourne---mango-machine---infused-blunt---1.5g-custom-brand-pre-rolls-1.5-34913,desktop 1366x900 Chromium (Playwright),"category label is not the placeholder ""Root category""",pass,,,,,,,,,,screenshots/pages/desktop_product_slug_claybourne---mango-machine---infused-blunt---1.5g-custom-brand-pre-rolls-1.5-.png,,
C0309,crawl,www.thecurecompany.com,http_status,https://www.thecurecompany.com/product?slug=claybourne-co.---banana-og---flyers-infused-blunt---1.5-g-claybourne-co.-pre-rolls-1.5-49992,desktop 1366x900 Chromium (Playwright),HTTP 200 (expected 200),pass,,,,,,,,,,screenshots/pages/desktop_product_slug_claybourne-co.---banana-og---flyers-infused-blunt---1.5-g-claybourne-co.-pre-.png,,
C0310,crawl,www.thecurecompany.com,load_time_under_3s,https://www.thecurecompany.com/product?slug=claybourne-co.---banana-og---flyers-infused-blunt---1.5-g-claybourne-co.-pre-rolls-1.5-49992,desktop 1366x900 Chromium (Playwright),navigation start to load event 3220 ms (single concurrent sample),fail,Medium,M-12,,,< 3000 ms,3220 ms,,,,screenshots/pages/desktop_product_slug_claybourne-co.---banana-og---flyers-infused-blunt---1.5-g-claybourne-co.-pre-.png,,
C0311,crawl,www.thecurecompany.com,mobile_overflow_390,https://www.thecurecompany.com/product?slug=claybourne-co.---banana-og---flyers-infused-blunt---1.5-g-claybourne-co.-pre-rolls-1.5-49992,mobile 390x844 Chromium (Playwright),scrollWidth 390 vs viewport 390,pass,,,,,,,,,,screenshots/pages/mobile_product_slug_claybourne-co.---banana-og---flyers-infused-blunt---1.5-g-claybourne-co.-pre-.png,,
C0312,crawl,www.thecurecompany.com,console_errors_excl_alpineiq,https://www.thecurecompany.com/product?slug=claybourne-co.---banana-og---flyers-infused-blunt---1.5-g-claybourne-co.-pre-rolls-1.5-49992,desktop 1366x900 Chromium (Playwright),"0 non-AlpineIQ errors; 0 AlpineIQ rate-limit errors (429, induced by crawl volume) ignored",pass,,,,,,,,,,screenshots/pages/desktop_product_slug_claybourne-co.---banana-og---flyers-infused-blunt---1.5-g-claybourne-co.-pre-.png,,
C0313,crawl,www.thecurecompany.com,images_load,https://www.thecurecompany.com/product?slug=claybourne-co.---banana-og---flyers-infused-blunt---1.5-g-claybourne-co.-pre-rolls-1.5-49992,desktop 1366x900 Chromium (Playwright),"18 loaded, 0 broken, 17 lazy never loaded (not tested)",pass,,,,,,,,,,screenshots/pages/desktop_product_slug_claybourne-co.---banana-og---flyers-infused-blunt---1.5-g-claybourne-co.-pre-.png,,
C0314,crawl,www.thecurecompany.com,img_alt_text,https://www.thecurecompany.com/product?slug=claybourne-co.---banana-og---flyers-infused-blunt---1.5-g-claybourne-co.-pre-rolls-1.5-49992,desktop 1366x900 Chromium (Playwright),21/21 visible non-decorative images have alt,pass,,,,,,,,,,screenshots/pages/desktop_product_slug_claybourne-co.---banana-og---flyers-infused-blunt---1.5-g-claybourne-co.-pre-.png,,
C0315,crawl,www.thecurecompany.com,has_h1,https://www.thecurecompany.com/product?slug=claybourne-co.---banana-og---flyers-infused-blunt---1.5-g-claybourne-co.-pre-rolls-1.5-49992,desktop 1366x900 Chromium (Playwright),"H1 count 0; title ""Claybourne Co. - Banana OG - Flyers Infused Blunt - 1.5 g Claybourne Co.""",fail,Low,L-5,,,,,,,,screenshots/pages/desktop_product_slug_claybourne-co.---banana-og---flyers-infused-blunt---1.5-g-claybourne-co.-pre-.png,,
C0316,crawl,www.thecurecompany.com,product_renders,https://www.thecurecompany.com/product?slug=claybourne-co.---banana-og---flyers-infused-blunt---1.5-g-claybourne-co.-pre-rolls-1.5-49992,desktop 1366x900 Chromium (Playwright),product name and price rendered,pass,,,,,,,,,,screenshots/pages/desktop_product_slug_claybourne-co.---banana-og---flyers-infused-blunt---1.5-g-claybourne-co.-pre-.png,,
C0317,crawl,www.thecurecompany.com,product_category_label,https://www.thecurecompany.com/product?slug=claybourne-co.---banana-og---flyers-infused-blunt---1.5-g-claybourne-co.-pre-rolls-1.5-49992,desktop 1366x900 Chromium (Playwright),"category label is not the placeholder ""Root category""",pass,,,,,,,,,,screenshots/pages/desktop_product_slug_claybourne-co.---banana-og---flyers-infused-blunt---1.5-g-claybourne-co.-pre-.png,,
C0318,crawl,www.thecurecompany.com,http_status,https://www.thecurecompany.com/product?slug=cloud-cake-refined-live-resin™-cartridge-raw-garden™-vape-pens-1-39224,desktop 1366x900 Chromium (Playwright),HTTP 200 (expected 200),pass,,,,,,,,,,screenshots/pages/desktop_product_slug_cloud-cake-refined-live-resin_-cartridge-raw-garden_-vape-pens-1-39224.png,,
C0319,crawl,www.thecurecompany.com,load_time_under_3s,https://www.thecurecompany.com/product?slug=cloud-cake-refined-live-resin™-cartridge-raw-garden™-vape-pens-1-39224,desktop 1366x900 Chromium (Playwright),navigation start to load event 3479 ms (single concurrent sample),fail,Medium,M-12,,,< 3000 ms,3479 ms,,,,screenshots/pages/desktop_product_slug_cloud-cake-refined-live-resin_-cartridge-raw-garden_-vape-pens-1-39224.png,,
C0320,crawl,www.thecurecompany.com,mobile_overflow_390,https://www.thecurecompany.com/product?slug=cloud-cake-refined-live-resin™-cartridge-raw-garden™-vape-pens-1-39224,mobile 390x844 Chromium (Playwright),scrollWidth 390 vs viewport 390,pass,,,,,,,,,,screenshots/pages/mobile_product_slug_cloud-cake-refined-live-resin_-cartridge-raw-garden_-vape-pens-1-39224.png,,
C0321,crawl,www.thecurecompany.com,console_errors_excl_alpineiq,https://www.thecurecompany.com/product?slug=cloud-cake-refined-live-resin™-cartridge-raw-garden™-vape-pens-1-39224,desktop 1366x900 Chromium (Playwright),"0 non-AlpineIQ errors; 2 AlpineIQ rate-limit errors (429, induced by crawl volume) ignored",pass,,,,,,,,,,screenshots/pages/desktop_product_slug_cloud-cake-refined-live-resin_-cartridge-raw-garden_-vape-pens-1-39224.png,,
C0322,crawl,www.thecurecompany.com,images_load,https://www.thecurecompany.com/product?slug=cloud-cake-refined-live-resin™-cartridge-raw-garden™-vape-pens-1-39224,desktop 1366x900 Chromium (Playwright),"18 loaded, 0 broken, 17 lazy never loaded (not tested)",pass,,,,,,,,,,screenshots/pages/desktop_product_slug_cloud-cake-refined-live-resin_-cartridge-raw-garden_-vape-pens-1-39224.png,,
C0323,crawl,www.thecurecompany.com,img_alt_text,https://www.thecurecompany.com/product?slug=cloud-cake-refined-live-resin™-cartridge-raw-garden™-vape-pens-1-39224,desktop 1366x900 Chromium (Playwright),20/20 visible non-decorative images have alt,pass,,,,,,,,,,screenshots/pages/desktop_product_slug_cloud-cake-refined-live-resin_-cartridge-raw-garden_-vape-pens-1-39224.png,,
C0324,crawl,www.thecurecompany.com,has_h1,https://www.thecurecompany.com/product?slug=cloud-cake-refined-live-resin™-cartridge-raw-garden™-vape-pens-1-39224,desktop 1366x900 Chromium (Playwright),"H1 count 0; title ""Cloud Cake Refined Live Resin™ Cartridge Raw Garden™""",fail,Low,L-5,,,,,,,,screenshots/pages/desktop_product_slug_cloud-cake-refined-live-resin_-cartridge-raw-garden_-vape-pens-1-39224.png,,
C0325,crawl,www.thecurecompany.com,product_renders,https://www.thecurecompany.com/product?slug=cloud-cake-refined-live-resin™-cartridge-raw-garden™-vape-pens-1-39224,desktop 1366x900 Chromium (Playwright),product name and price rendered,pass,,,,,,,,,,screenshots/pages/desktop_product_slug_cloud-cake-refined-live-resin_-cartridge-raw-garden_-vape-pens-1-39224.png,,
C0326,crawl,www.thecurecompany.com,product_category_label,https://www.thecurecompany.com/product?slug=cloud-cake-refined-live-resin™-cartridge-raw-garden™-vape-pens-1-39224,desktop 1366x900 Chromium (Playwright),"category label is not the placeholder ""Root category""",pass,,,,,,,,,,screenshots/pages/desktop_product_slug_cloud-cake-refined-live-resin_-cartridge-raw-garden_-vape-pens-1-39224.png,,
C0327,crawl,www.thecurecompany.com,http_status,https://www.thecurecompany.com/product?slug=coldfire-cartridge---jelly-cake---1g-custom-brand-vape-pens-50962,desktop 1366x900 Chromium (Playwright),HTTP 200 (expected 200),pass,,,,,,,,,,screenshots/pages/desktop_product_slug_coldfire-cartridge---jelly-cake---1g-custom-brand-vape-pens-50962.png,,
C0328,crawl,www.thecurecompany.com,load_time_under_3s,https://www.thecurecompany.com/product?slug=coldfire-cartridge---jelly-cake---1g-custom-brand-vape-pens-50962,desktop 1366x900 Chromium (Playwright),navigation start to load event 3124 ms (single concurrent sample),fail,Medium,M-12,,,< 3000 ms,3124 ms,,,,screenshots/pages/desktop_product_slug_coldfire-cartridge---jelly-cake---1g-custom-brand-vape-pens-50962.png,,
C0329,crawl,www.thecurecompany.com,mobile_overflow_390,https://www.thecurecompany.com/product?slug=coldfire-cartridge---jelly-cake---1g-custom-brand-vape-pens-50962,mobile 390x844 Chromium (Playwright),scrollWidth 390 vs viewport 390,pass,,,,,,,,,,screenshots/pages/mobile_product_slug_coldfire-cartridge---jelly-cake---1g-custom-brand-vape-pens-50962.png,,
C0330,crawl,www.thecurecompany.com,console_errors_excl_alpineiq,https://www.thecurecompany.com/product?slug=coldfire-cartridge---jelly-cake---1g-custom-brand-vape-pens-50962,desktop 1366x900 Chromium (Playwright),"0 non-AlpineIQ errors; 2 AlpineIQ rate-limit errors (429, induced by crawl volume) ignored",pass,,,,,,,,,,screenshots/pages/desktop_product_slug_coldfire-cartridge---jelly-cake---1g-custom-brand-vape-pens-50962.png,,
C0331,crawl,www.thecurecompany.com,images_load,https://www.thecurecompany.com/product?slug=coldfire-cartridge---jelly-cake---1g-custom-brand-vape-pens-50962,desktop 1366x900 Chromium (Playwright),"11 loaded, 0 broken, 4 lazy never loaded (not tested)",pass,,,,,,,,,,screenshots/pages/desktop_product_slug_coldfire-cartridge---jelly-cake---1g-custom-brand-vape-pens-50962.png,,
C0332,crawl,www.thecurecompany.com,has_h1,https://www.thecurecompany.com/product?slug=coldfire-cartridge---jelly-cake---1g-custom-brand-vape-pens-50962,desktop 1366x900 Chromium (Playwright),"H1 count 0; title ""ColdFire Cartridge - Jelly Cake - 1g Custom Brand""",fail,Low,L-5,,,,,,,,screenshots/pages/desktop_product_slug_coldfire-cartridge---jelly-cake---1g-custom-brand-vape-pens-50962.png,,
C0333,crawl,www.thecurecompany.com,product_renders,https://www.thecurecompany.com/product?slug=coldfire-cartridge---jelly-cake---1g-custom-brand-vape-pens-50962,desktop 1366x900 Chromium (Playwright),product name and price rendered,pass,,,,,,,,,,screenshots/pages/desktop_product_slug_coldfire-cartridge---jelly-cake---1g-custom-brand-vape-pens-50962.png,,
C0334,crawl,www.thecurecompany.com,product_category_label,https://www.thecurecompany.com/product?slug=coldfire-cartridge---jelly-cake---1g-custom-brand-vape-pens-50962,desktop 1366x900 Chromium (Playwright),"category label is not the placeholder ""Root category""",pass,,,,,,,,,,screenshots/pages/desktop_product_slug_coldfire-cartridge---jelly-cake---1g-custom-brand-vape-pens-50962.png,,
C0335,crawl,www.thecurecompany.com,http_status,https://www.thecurecompany.com/product?slug=cookies---blue-raz---infused-pre-roll-1g-custom-brand-root-category-1-51126,desktop 1366x900 Chromium (Playwright),HTTP 200 (expected 200),pass,,,,,,,,,,screenshots/pages/desktop_product_slug_cookies---blue-raz---infused-pre-roll-1g-custom-brand-root-category-1-51126.png,,
C0336,crawl,www.thecurecompany.com,load_time_under_3s,https://www.thecurecompany.com/product?slug=cookies---blue-raz---infused-pre-roll-1g-custom-brand-root-category-1-51126,desktop 1366x900 Chromium (Playwright),navigation start to load event 3516 ms (single concurrent sample),fail,Medium,M-12,,,< 3000 ms,3516 ms,,,,screenshots/pages/desktop_product_slug_cookies---blue-raz---infused-pre-roll-1g-custom-brand-root-category-1-51126.png,,
C0337,crawl,www.thecurecompany.com,mobile_overflow_390,https://www.thecurecompany.com/product?slug=cookies---blue-raz---infused-pre-roll-1g-custom-brand-root-category-1-51126,mobile 390x844 Chromium (Playwright),scrollWidth 390 vs viewport 390,pass,,,,,,,,,,screenshots/pages/mobile_product_slug_cookies---blue-raz---infused-pre-roll-1g-custom-brand-root-category-1-51126.png,,
C0338,crawl,www.thecurecompany.com,console_errors_excl_alpineiq,https://www.thecurecompany.com/product?slug=cookies---blue-raz---infused-pre-roll-1g-custom-brand-root-category-1-51126,desktop 1366x900 Chromium (Playwright),"0 non-AlpineIQ errors; 2 AlpineIQ rate-limit errors (429, induced by crawl volume) ignored",pass,,,,,,,,,,screenshots/pages/desktop_product_slug_cookies---blue-raz---infused-pre-roll-1g-custom-brand-root-category-1-51126.png,,
C0339,crawl,www.thecurecompany.com,images_load,https://www.thecurecompany.com/product?slug=cookies---blue-raz---infused-pre-roll-1g-custom-brand-root-category-1-51126,desktop 1366x900 Chromium (Playwright),"11 loaded, 0 broken, 4 lazy never loaded (not tested)",pass,,,,,,,,,,screenshots/pages/desktop_product_slug_cookies---blue-raz---infused-pre-roll-1g-custom-brand-root-category-1-51126.png,,
C0340,crawl,www.thecurecompany.com,has_h1,https://www.thecurecompany.com/product?slug=cookies---blue-raz---infused-pre-roll-1g-custom-brand-root-category-1-51126,desktop 1366x900 Chromium (Playwright),"H1 count 0; title ""Cookies - Blue Raz - Infused Pre-Roll 1g Custom Brand""",fail,Low,L-5,,,,,,,,screenshots/pages/desktop_product_slug_cookies---blue-raz---infused-pre-roll-1g-custom-brand-root-category-1-51126.png,,
C0341,crawl,www.thecurecompany.com,product_renders,https://www.thecurecompany.com/product?slug=cookies---blue-raz---infused-pre-roll-1g-custom-brand-root-category-1-51126,desktop 1366x900 Chromium (Playwright),product name and price rendered,pass,,,,,,,,,,screenshots/pages/desktop_product_slug_cookies---blue-raz---infused-pre-roll-1g-custom-brand-root-category-1-51126.png,,
C0342,crawl,www.thecurecompany.com,product_category_label,https://www.thecurecompany.com/product?slug=cookies---blue-raz---infused-pre-roll-1g-custom-brand-root-category-1-51126,desktop 1366x900 Chromium (Playwright),"shows placeholder category ""Root category""",fail,Medium,M-10,,,,,,,,screenshots/pages/desktop_product_slug_cookies---blue-raz---infused-pre-roll-1g-custom-brand-root-category-1-51126.png,,
C0343,crawl,www.thecurecompany.com,http_status,https://www.thecurecompany.com/product?slug=cure-company-black-semi-truck-shirt---2xl-custom-brand-apparel-33652,desktop 1366x900 Chromium (Playwright),HTTP 200 (expected 200),pass,,,,,,,,,,screenshots/pages/desktop_product_slug_cure-company-black-semi-truck-shirt---2xl-custom-brand-apparel-33652.png,,
C0344,crawl,www.thecurecompany.com,load_time_under_3s,https://www.thecurecompany.com/product?slug=cure-company-black-semi-truck-shirt---2xl-custom-brand-apparel-33652,desktop 1366x900 Chromium (Playwright),navigation start to load event 3281 ms (single concurrent sample),fail,Medium,M-12,,,< 3000 ms,3281 ms,,,,screenshots/pages/desktop_product_slug_cure-company-black-semi-truck-shirt---2xl-custom-brand-apparel-33652.png,,
C0345,crawl,www.thecurecompany.com,mobile_overflow_390,https://www.thecurecompany.com/product?slug=cure-company-black-semi-truck-shirt---2xl-custom-brand-apparel-33652,mobile 390x844 Chromium (Playwright),scrollWidth 390 vs viewport 390,pass,,,,,,,,,,screenshots/pages/mobile_product_slug_cure-company-black-semi-truck-shirt---2xl-custom-brand-apparel-33652.png,,
C0346,crawl,www.thecurecompany.com,console_errors_excl_alpineiq,https://www.thecurecompany.com/product?slug=cure-company-black-semi-truck-shirt---2xl-custom-brand-apparel-33652,desktop 1366x900 Chromium (Playwright),"0 non-AlpineIQ errors; 2 AlpineIQ rate-limit errors (429, induced by crawl volume) ignored",pass,,,,,,,,,,screenshots/pages/desktop_product_slug_cure-company-black-semi-truck-shirt---2xl-custom-brand-apparel-33652.png,,
C0347,crawl,www.thecurecompany.com,images_load,https://www.thecurecompany.com/product?slug=cure-company-black-semi-truck-shirt---2xl-custom-brand-apparel-33652,desktop 1366x900 Chromium (Playwright),"11 loaded, 0 broken, 4 lazy never loaded (not tested)",pass,,,,,,,,,,screenshots/pages/desktop_product_slug_cure-company-black-semi-truck-shirt---2xl-custom-brand-apparel-33652.png,,
C0348,crawl,www.thecurecompany.com,has_h1,https://www.thecurecompany.com/product?slug=cure-company-black-semi-truck-shirt---2xl-custom-brand-apparel-33652,desktop 1366x900 Chromium (Playwright),"H1 count 0; title ""Cure Company Black Semi Truck Shirt - 2XL Custom Brand""",fail,Low,L-5,,,,,,,,screenshots/pages/desktop_product_slug_cure-company-black-semi-truck-shirt---2xl-custom-brand-apparel-33652.png,,
C0349,crawl,www.thecurecompany.com,product_renders,https://www.thecurecompany.com/product?slug=cure-company-black-semi-truck-shirt---2xl-custom-brand-apparel-33652,desktop 1366x900 Chromium (Playwright),product name and price rendered,pass,,,,,,,,,,screenshots/pages/desktop_product_slug_cure-company-black-semi-truck-shirt---2xl-custom-brand-apparel-33652.png,,
C0350,crawl,www.thecurecompany.com,product_category_label,https://www.thecurecompany.com/product?slug=cure-company-black-semi-truck-shirt---2xl-custom-brand-apparel-33652,desktop 1366x900 Chromium (Playwright),"category label is not the placeholder ""Root category""",pass,,,,,,,,,,screenshots/pages/desktop_product_slug_cure-company-black-semi-truck-shirt---2xl-custom-brand-apparel-33652.png,,
C0351,crawl,www.thecurecompany.com,http_status,https://www.thecurecompany.com/product?slug=curelato---smalls-the-cure-company-root-category-28-36928,desktop 1366x900 Chromium (Playwright),HTTP 200 (expected 200),pass,,,,,,,,,,screenshots/pages/desktop_product_slug_curelato---smalls-the-cure-company-root-category-28-36928.png,,
C0352,crawl,www.thecurecompany.com,load_time_under_3s,https://www.thecurecompany.com/product?slug=curelato---smalls-the-cure-company-root-category-28-36928,desktop 1366x900 Chromium (Playwright),navigation start to load event 3189 ms (single concurrent sample),fail,Medium,M-12,,,< 3000 ms,3189 ms,,,,screenshots/pages/desktop_product_slug_curelato---smalls-the-cure-company-root-category-28-36928.png,,
C0353,crawl,www.thecurecompany.com,mobile_overflow_390,https://www.thecurecompany.com/product?slug=curelato---smalls-the-cure-company-root-category-28-36928,mobile 390x844 Chromium (Playwright),scrollWidth 390 vs viewport 390,pass,,,,,,,,,,screenshots/pages/mobile_product_slug_curelato---smalls-the-cure-company-root-category-28-36928.png,,
C0354,crawl,www.thecurecompany.com,console_errors_excl_alpineiq,https://www.thecurecompany.com/product?slug=curelato---smalls-the-cure-company-root-category-28-36928,desktop 1366x900 Chromium (Playwright),"0 non-AlpineIQ errors; 2 AlpineIQ rate-limit errors (429, induced by crawl volume) ignored",pass,,,,,,,,,,screenshots/pages/desktop_product_slug_curelato---smalls-the-cure-company-root-category-28-36928.png,,
C0355,crawl,www.thecurecompany.com,images_load,https://www.thecurecompany.com/product?slug=curelato---smalls-the-cure-company-root-category-28-36928,desktop 1366x900 Chromium (Playwright),"18 loaded, 0 broken, 17 lazy never loaded (not tested)",pass,,,,,,,,,,screenshots/pages/desktop_product_slug_curelato---smalls-the-cure-company-root-category-28-36928.png,,
C0356,crawl,www.thecurecompany.com,img_alt_text,https://www.thecurecompany.com/product?slug=curelato---smalls-the-cure-company-root-category-28-36928,desktop 1366x900 Chromium (Playwright),21/21 visible non-decorative images have alt,pass,,,,,,,,,,screenshots/pages/desktop_product_slug_curelato---smalls-the-cure-company-root-category-28-36928.png,,
C0357,crawl,www.thecurecompany.com,has_h1,https://www.thecurecompany.com/product?slug=curelato---smalls-the-cure-company-root-category-28-36928,desktop 1366x900 Chromium (Playwright),"H1 count 0; title ""Curelato - Smalls The Cure Company""",fail,Low,L-5,,,,,,,,screenshots/pages/desktop_product_slug_curelato---smalls-the-cure-company-root-category-28-36928.png,,
C0358,crawl,www.thecurecompany.com,product_renders,https://www.thecurecompany.com/product?slug=curelato---smalls-the-cure-company-root-category-28-36928,desktop 1366x900 Chromium (Playwright),product name and price rendered,pass,,,,,,,,,,screenshots/pages/desktop_product_slug_curelato---smalls-the-cure-company-root-category-28-36928.png,,
C0359,crawl,www.thecurecompany.com,product_category_label,https://www.thecurecompany.com/product?slug=curelato---smalls-the-cure-company-root-category-28-36928,desktop 1366x900 Chromium (Playwright),"category label is not the placeholder ""Root category""",pass,,,,,,,,,,screenshots/pages/desktop_product_slug_curelato---smalls-the-cure-company-root-category-28-36928.png,,
C0360,crawl,www.thecurecompany.com,http_status,https://www.thecurecompany.com/product?slug=daily-smoke---cherry-bubblegum---1-g-daily-smoke-root-category-1-51475,desktop 1366x900 Chromium (Playwright),HTTP 200 (expected 200),pass,,,,,,,,,,screenshots/pages/desktop_product_slug_daily-smoke---cherry-bubblegum---1-g-daily-smoke-root-category-1-51475.png,,
C0361,crawl,www.thecurecompany.com,load_time_under_3s,https://www.thecurecompany.com/product?slug=daily-smoke---cherry-bubblegum---1-g-daily-smoke-root-category-1-51475,desktop 1366x900 Chromium (Playwright),navigation start to load event 3253 ms (single concurrent sample),fail,Medium,M-12,,,< 3000 ms,3253 ms,,,,screenshots/pages/desktop_product_slug_daily-smoke---cherry-bubblegum---1-g-daily-smoke-root-category-1-51475.png,,
C0362,crawl,www.thecurecompany.com,mobile_overflow_390,https://www.thecurecompany.com/product?slug=daily-smoke---cherry-bubblegum---1-g-daily-smoke-root-category-1-51475,mobile 390x844 Chromium (Playwright),scrollWidth 390 vs viewport 390,pass,,,,,,,,,,screenshots/pages/mobile_product_slug_daily-smoke---cherry-bubblegum---1-g-daily-smoke-root-category-1-51475.png,,
C0363,crawl,www.thecurecompany.com,console_errors_excl_alpineiq,https://www.thecurecompany.com/product?slug=daily-smoke---cherry-bubblegum---1-g-daily-smoke-root-category-1-51475,desktop 1366x900 Chromium (Playwright),"0 non-AlpineIQ errors; 2 AlpineIQ rate-limit errors (429, induced by crawl volume) ignored",pass,,,,,,,,,,screenshots/pages/desktop_product_slug_daily-smoke---cherry-bubblegum---1-g-daily-smoke-root-category-1-51475.png,,
C0364,crawl,www.thecurecompany.com,images_load,https://www.thecurecompany.com/product?slug=daily-smoke---cherry-bubblegum---1-g-daily-smoke-root-category-1-51475,desktop 1366x900 Chromium (Playwright),"10 loaded, 1 broken, 4 lazy never loaded (not tested)",fail,Medium,M-13,,,,,.image-167,,https://s3.us-west-1.amazonaws.com/mbdocsbucket/photos/10758/products/3b6d7e2403d92d2de6f7ebfcc491dae5.png -> HTTP 403,screenshots/pages/desktop_product_slug_daily-smoke---cherry-bubblegum---1-g-daily-smoke-root-category-1-51475.png,,
C0365,crawl,www.thecurecompany.com,img_alt_text,https://www.thecurecompany.com/product?slug=daily-smoke---cherry-bubblegum---1-g-daily-smoke-root-category-1-51475,desktop 1366x900 Chromium (Playwright),1/1 visible non-decorative images have alt,pass,,,,,,,,,,screenshots/pages/desktop_product_slug_daily-smoke---cherry-bubblegum---1-g-daily-smoke-root-category-1-51475.png,,
C0366,crawl,www.thecurecompany.com,has_h1,https://www.thecurecompany.com/product?slug=daily-smoke---cherry-bubblegum---1-g-daily-smoke-root-category-1-51475,desktop 1366x900 Chromium (Playwright),"H1 count 0; title ""Daily Smoke - Cherry Bubblegum - 1 g Daily Smoke""",fail,Low,L-5,,,,,,,,screenshots/pages/desktop_product_slug_daily-smoke---cherry-bubblegum---1-g-daily-smoke-root-category-1-51475.png,,
C0367,crawl,www.thecurecompany.com,product_renders,https://www.thecurecompany.com/product?slug=daily-smoke---cherry-bubblegum---1-g-daily-smoke-root-category-1-51475,desktop 1366x900 Chromium (Playwright),product name and price rendered,pass,,,,,,,,,,screenshots/pages/desktop_product_slug_daily-smoke---cherry-bubblegum---1-g-daily-smoke-root-category-1-51475.png,,
C0368,crawl,www.thecurecompany.com,product_category_label,https://www.thecurecompany.com/product?slug=daily-smoke---cherry-bubblegum---1-g-daily-smoke-root-category-1-51475,desktop 1366x900 Chromium (Playwright),"shows placeholder category ""Root category""",fail,Medium,M-10,,,,,,,,screenshots/pages/desktop_product_slug_daily-smoke---cherry-bubblegum---1-g-daily-smoke-root-category-1-51475.png,,
C0369,crawl,www.thecurecompany.com,http_status,https://www.thecurecompany.com/product?slug=daily-smoke---fire-og---3.5g-custom-brand-root-category-3.5-36115,desktop 1366x900 Chromium (Playwright),HTTP 200 (expected 200),pass,,,,,,,,,,screenshots/pages/desktop_product_slug_daily-smoke---fire-og---3.5g-custom-brand-root-category-3.5-36115.png,,
C0370,crawl,www.thecurecompany.com,load_time_under_3s,https://www.thecurecompany.com/product?slug=daily-smoke---fire-og---3.5g-custom-brand-root-category-3.5-36115,desktop 1366x900 Chromium (Playwright),navigation start to load event 3036 ms (single concurrent sample),fail,Medium,M-12,,,< 3000 ms,3036 ms,,,,screenshots/pages/desktop_product_slug_daily-smoke---fire-og---3.5g-custom-brand-root-category-3.5-36115.png,,
C0371,crawl,www.thecurecompany.com,mobile_overflow_390,https://www.thecurecompany.com/product?slug=daily-smoke---fire-og---3.5g-custom-brand-root-category-3.5-36115,mobile 390x844 Chromium (Playwright),scrollWidth 390 vs viewport 390,pass,,,,,,,,,,screenshots/pages/mobile_product_slug_daily-smoke---fire-og---3.5g-custom-brand-root-category-3.5-36115.png,,
C0372,crawl,www.thecurecompany.com,console_errors_excl_alpineiq,https://www.thecurecompany.com/product?slug=daily-smoke---fire-og---3.5g-custom-brand-root-category-3.5-36115,desktop 1366x900 Chromium (Playwright),"0 non-AlpineIQ errors; 2 AlpineIQ rate-limit errors (429, induced by crawl volume) ignored",pass,,,,,,,,,,screenshots/pages/desktop_product_slug_daily-smoke---fire-og---3.5g-custom-brand-root-category-3.5-36115.png,,
C0373,crawl,www.thecurecompany.com,images_load,https://www.thecurecompany.com/product?slug=daily-smoke---fire-og---3.5g-custom-brand-root-category-3.5-36115,desktop 1366x900 Chromium (Playwright),"13 loaded, 0 broken, 4 lazy never loaded (not tested)",pass,,,,,,,,,,screenshots/pages/desktop_product_slug_daily-smoke---fire-og---3.5g-custom-brand-root-category-3.5-36115.png,,
C0374,crawl,www.thecurecompany.com,img_alt_text,https://www.thecurecompany.com/product?slug=daily-smoke---fire-og---3.5g-custom-brand-root-category-3.5-36115,desktop 1366x900 Chromium (Playwright),3/3 visible non-decorative images have alt,pass,,,,,,,,,,screenshots/pages/desktop_product_slug_daily-smoke---fire-og---3.5g-custom-brand-root-category-3.5-36115.png,,
C0375,crawl,www.thecurecompany.com,has_h1,https://www.thecurecompany.com/product?slug=daily-smoke---fire-og---3.5g-custom-brand-root-category-3.5-36115,desktop 1366x900 Chromium (Playwright),"H1 count 0; title ""Daily Smoke - Fire OG - 3.5g Custom Brand""",fail,Low,L-5,,,,,,,,screenshots/pages/desktop_product_slug_daily-smoke---fire-og---3.5g-custom-brand-root-category-3.5-36115.png,,
C0376,crawl,www.thecurecompany.com,product_renders,https://www.thecurecompany.com/product?slug=daily-smoke---fire-og---3.5g-custom-brand-root-category-3.5-36115,desktop 1366x900 Chromium (Playwright),product name and price rendered,pass,,,,,,,,,,screenshots/pages/desktop_product_slug_daily-smoke---fire-og---3.5g-custom-brand-root-category-3.5-36115.png,,
C0377,crawl,www.thecurecompany.com,product_category_label,https://www.thecurecompany.com/product?slug=daily-smoke---fire-og---3.5g-custom-brand-root-category-3.5-36115,desktop 1366x900 Chromium (Playwright),"category label is not the placeholder ""Root category""",pass,,,,,,,,,,screenshots/pages/desktop_product_slug_daily-smoke---fire-og---3.5g-custom-brand-root-category-3.5-36115.png,,
C0378,crawl,www.thecurecompany.com,http_status,https://www.thecurecompany.com/product?slug=daily-smoke---knockout-og---pre-roll-1g-custom-brand-flower-1-50650,desktop 1366x900 Chromium (Playwright),HTTP 200 (expected 200),pass,,,,,,,,,,screenshots/pages/desktop_product_slug_daily-smoke---knockout-og---pre-roll-1g-custom-brand-flower-1-50650.png,,
C0379,crawl,www.thecurecompany.com,load_time_under_3s,https://www.thecurecompany.com/product?slug=daily-smoke---knockout-og---pre-roll-1g-custom-brand-flower-1-50650,desktop 1366x900 Chromium (Playwright),navigation start to load event 3185 ms (single concurrent sample),fail,Medium,M-12,,,< 3000 ms,3185 ms,,,,screenshots/pages/desktop_product_slug_daily-smoke---knockout-og---pre-roll-1g-custom-brand-flower-1-50650.png,,
C0380,crawl,www.thecurecompany.com,mobile_overflow_390,https://www.thecurecompany.com/product?slug=daily-smoke---knockout-og---pre-roll-1g-custom-brand-flower-1-50650,mobile 390x844 Chromium (Playwright),scrollWidth 390 vs viewport 390,pass,,,,,,,,,,screenshots/pages/mobile_product_slug_daily-smoke---knockout-og---pre-roll-1g-custom-brand-flower-1-50650.png,,
C0381,crawl,www.thecurecompany.com,console_errors_excl_alpineiq,https://www.thecurecompany.com/product?slug=daily-smoke---knockout-og---pre-roll-1g-custom-brand-flower-1-50650,desktop 1366x900 Chromium (Playwright),"0 non-AlpineIQ errors; 1 AlpineIQ rate-limit errors (429, induced by crawl volume) ignored",pass,,,,,,,,,,screenshots/pages/desktop_product_slug_daily-smoke---knockout-og---pre-roll-1g-custom-brand-flower-1-50650.png,,
C0382,crawl,www.thecurecompany.com,images_load,https://www.thecurecompany.com/product?slug=daily-smoke---knockout-og---pre-roll-1g-custom-brand-flower-1-50650,desktop 1366x900 Chromium (Playwright),"17 loaded, 1 broken, 17 lazy never loaded (not tested)",fail,Medium,M-13,,,,,.image-167,,https://s3.us-west-1.amazonaws.com/mbdocsbucket/photos/10123/products/fac93e50c305498099856c062a92d7cc56b769de.png -> HTTP 403,screenshots/pages/desktop_product_slug_daily-smoke---knockout-og---pre-roll-1g-custom-brand-flower-1-50650.png,,
C0383,crawl,www.thecurecompany.com,img_alt_text,https://www.thecurecompany.com/product?slug=daily-smoke---knockout-og---pre-roll-1g-custom-brand-flower-1-50650,desktop 1366x900 Chromium (Playwright),21/21 visible non-decorative images have alt,pass,,,,,,,,,,screenshots/pages/desktop_product_slug_daily-smoke---knockout-og---pre-roll-1g-custom-brand-flower-1-50650.png,,
C0384,crawl,www.thecurecompany.com,has_h1,https://www.thecurecompany.com/product?slug=daily-smoke---knockout-og---pre-roll-1g-custom-brand-flower-1-50650,desktop 1366x900 Chromium (Playwright),"H1 count 0; title ""Daily Smoke - Knockout OG - Pre Roll 1g Custom Brand""",fail,Low,L-5,,,,,,,,screenshots/pages/desktop_product_slug_daily-smoke---knockout-og---pre-roll-1g-custom-brand-flower-1-50650.png,,
C0385,crawl,www.thecurecompany.com,product_renders,https://www.thecurecompany.com/product?slug=daily-smoke---knockout-og---pre-roll-1g-custom-brand-flower-1-50650,desktop 1366x900 Chromium (Playwright),product name and price rendered,pass,,,,,,,,,,screenshots/pages/desktop_product_slug_daily-smoke---knockout-og---pre-roll-1g-custom-brand-flower-1-50650.png,,
C0386,crawl,www.thecurecompany.com,product_category_label,https://www.thecurecompany.com/product?slug=daily-smoke---knockout-og---pre-roll-1g-custom-brand-flower-1-50650,desktop 1366x900 Chromium (Playwright),"category label is not the placeholder ""Root category""",pass,,,,,,,,,,screenshots/pages/desktop_product_slug_daily-smoke---knockout-og---pre-roll-1g-custom-brand-flower-1-50650.png,,
C0387,crawl,www.thecurecompany.com,http_status,https://www.thecurecompany.com/product?slug=gramlin---amaretto-mintz---3.5g-custom-brand-root-category-34520,desktop 1366x900 Chromium (Playwright),HTTP 200 (expected 200),pass,,,,,,,,,,screenshots/pages/desktop_product_slug_gramlin---amaretto-mintz---3.5g-custom-brand-root-category-34520.png,,
C0388,crawl,www.thecurecompany.com,load_time_under_3s,https://www.thecurecompany.com/product?slug=gramlin---amaretto-mintz---3.5g-custom-brand-root-category-34520,desktop 1366x900 Chromium (Playwright),navigation start to load event 3097 ms (single concurrent sample),fail,Medium,M-12,,,< 3000 ms,3097 ms,,,,screenshots/pages/desktop_product_slug_gramlin---amaretto-mintz---3.5g-custom-brand-root-category-34520.png,,
C0389,crawl,www.thecurecompany.com,mobile_overflow_390,https://www.thecurecompany.com/product?slug=gramlin---amaretto-mintz---3.5g-custom-brand-root-category-34520,mobile 390x844 Chromium (Playwright),scrollWidth 390 vs viewport 390,pass,,,,,,,,,,screenshots/pages/mobile_product_slug_gramlin---amaretto-mintz---3.5g-custom-brand-root-category-34520.png,,
C0390,crawl,www.thecurecompany.com,console_errors_excl_alpineiq,https://www.thecurecompany.com/product?slug=gramlin---amaretto-mintz---3.5g-custom-brand-root-category-34520,desktop 1366x900 Chromium (Playwright),"0 non-AlpineIQ errors; 2 AlpineIQ rate-limit errors (429, induced by crawl volume) ignored",pass,,,,,,,,,,screenshots/pages/desktop_product_slug_gramlin---amaretto-mintz---3.5g-custom-brand-root-category-34520.png,,
C0391,crawl,www.thecurecompany.com,images_load,https://www.thecurecompany.com/product?slug=gramlin---amaretto-mintz---3.5g-custom-brand-root-category-34520,desktop 1366x900 Chromium (Playwright),"18 loaded, 0 broken, 17 lazy never loaded (not tested)",pass,,,,,,,,,,screenshots/pages/desktop_product_slug_gramlin---amaretto-mintz---3.5g-custom-brand-root-category-34520.png,,
C0392,crawl,www.thecurecompany.com,img_alt_text,https://www.thecurecompany.com/product?slug=gramlin---amaretto-mintz---3.5g-custom-brand-root-category-34520,desktop 1366x900 Chromium (Playwright),20/20 visible non-decorative images have alt,pass,,,,,,,,,,screenshots/pages/desktop_product_slug_gramlin---amaretto-mintz---3.5g-custom-brand-root-category-34520.png,,
C0393,crawl,www.thecurecompany.com,has_h1,https://www.thecurecompany.com/product?slug=gramlin---amaretto-mintz---3.5g-custom-brand-root-category-34520,desktop 1366x900 Chromium (Playwright),"H1 count 0; title ""Gramlin - Amaretto Mintz - 3.5g Custom Brand""",fail,Low,L-5,,,,,,,,screenshots/pages/desktop_product_slug_gramlin---amaretto-mintz---3.5g-custom-brand-root-category-34520.png,,
C0394,crawl,www.thecurecompany.com,product_renders,https://www.thecurecompany.com/product?slug=gramlin---amaretto-mintz---3.5g-custom-brand-root-category-34520,desktop 1366x900 Chromium (Playwright),product name and price rendered,pass,,,,,,,,,,screenshots/pages/desktop_product_slug_gramlin---amaretto-mintz---3.5g-custom-brand-root-category-34520.png,,
C0395,crawl,www.thecurecompany.com,product_category_label,https://www.thecurecompany.com/product?slug=gramlin---amaretto-mintz---3.5g-custom-brand-root-category-34520,desktop 1366x900 Chromium (Playwright),"category label is not the placeholder ""Root category""",pass,,,,,,,,,,screenshots/pages/desktop_product_slug_gramlin---amaretto-mintz---3.5g-custom-brand-root-category-34520.png,,
C0396,crawl,www.thecurecompany.com,http_status,https://www.thecurecompany.com/product?slug=gramlin---live-rosin-aio---z-cake---1g-custom-brand-vape-pens-1-38348,desktop 1366x900 Chromium (Playwright),HTTP 200 (expected 200),pass,,,,,,,,,,screenshots/pages/desktop_product_slug_gramlin---live-rosin-aio---z-cake---1g-custom-brand-vape-pens-1-38348.png,,
C0397,crawl,www.thecurecompany.com,load_time_under_3s,https://www.thecurecompany.com/product?slug=gramlin---live-rosin-aio---z-cake---1g-custom-brand-vape-pens-1-38348,desktop 1366x900 Chromium (Playwright),navigation start to load event 3502 ms (single concurrent sample),fail,Medium,M-12,,,< 3000 ms,3502 ms,,,,screenshots/pages/desktop_product_slug_gramlin---live-rosin-aio---z-cake---1g-custom-brand-vape-pens-1-38348.png,,
C0398,crawl,www.thecurecompany.com,mobile_overflow_390,https://www.thecurecompany.com/product?slug=gramlin---live-rosin-aio---z-cake---1g-custom-brand-vape-pens-1-38348,mobile 390x844 Chromium (Playwright),scrollWidth 390 vs viewport 390,pass,,,,,,,,,,screenshots/pages/mobile_product_slug_gramlin---live-rosin-aio---z-cake---1g-custom-brand-vape-pens-1-38348.png,,
C0399,crawl,www.thecurecompany.com,console_errors_excl_alpineiq,https://www.thecurecompany.com/product?slug=gramlin---live-rosin-aio---z-cake---1g-custom-brand-vape-pens-1-38348,desktop 1366x900 Chromium (Playwright),"0 non-AlpineIQ errors; 2 AlpineIQ rate-limit errors (429, induced by crawl volume) ignored",pass,,,,,,,,,,screenshots/pages/desktop_product_slug_gramlin---live-rosin-aio---z-cake---1g-custom-brand-vape-pens-1-38348.png,,
C0400,crawl,www.thecurecompany.com,images_load,https://www.thecurecompany.com/product?slug=gramlin---live-rosin-aio---z-cake---1g-custom-brand-vape-pens-1-38348,desktop 1366x900 Chromium (Playwright),"18 loaded, 0 broken, 17 lazy never loaded (not tested)",pass,,,,,,,,,,screenshots/pages/desktop_product_slug_gramlin---live-rosin-aio---z-cake---1g-custom-brand-vape-pens-1-38348.png,,
C0401,crawl,www.thecurecompany.com,img_alt_text,https://www.thecurecompany.com/product?slug=gramlin---live-rosin-aio---z-cake---1g-custom-brand-vape-pens-1-38348,desktop 1366x900 Chromium (Playwright),19/19 visible non-decorative images have alt,pass,,,,,,,,,,screenshots/pages/desktop_product_slug_gramlin---live-rosin-aio---z-cake---1g-custom-brand-vape-pens-1-38348.png,,
C0402,crawl,www.thecurecompany.com,has_h1,https://www.thecurecompany.com/product?slug=gramlin---live-rosin-aio---z-cake---1g-custom-brand-vape-pens-1-38348,desktop 1366x900 Chromium (Playwright),"H1 count 0; title ""Gramlin - Live Rosin AIO - Z Cake - 1g Custom Brand""",fail,Low,L-5,,,,,,,,screenshots/pages/desktop_product_slug_gramlin---live-rosin-aio---z-cake---1g-custom-brand-vape-pens-1-38348.png,,
C0403,crawl,www.thecurecompany.com,product_renders,https://www.thecurecompany.com/product?slug=gramlin---live-rosin-aio---z-cake---1g-custom-brand-vape-pens-1-38348,desktop 1366x900 Chromium (Playwright),product name and price rendered,pass,,,,,,,,,,screenshots/pages/desktop_product_slug_gramlin---live-rosin-aio---z-cake---1g-custom-brand-vape-pens-1-38348.png,,
C0404,crawl,www.thecurecompany.com,product_category_label,https://www.thecurecompany.com/product?slug=gramlin---live-rosin-aio---z-cake---1g-custom-brand-vape-pens-1-38348,desktop 1366x900 Chromium (Playwright),"category label is not the placeholder ""Root category""",pass,,,,,,,,,,screenshots/pages/desktop_product_slug_gramlin---live-rosin-aio---z-cake---1g-custom-brand-vape-pens-1-38348.png,,
C0405,crawl,www.thecurecompany.com,http_status,"https://www.thecurecompany.com/product?slug=ice-packs-rosin,-diamond,-hash-infused---5pk---maui-waui-rove-pre-rolls-2.5-35782",desktop 1366x900 Chromium (Playwright),HTTP 200 (expected 200),pass,,,,,,,,,,screenshots/pages/desktop_product_slug_ice-packs-rosin_-diamond_-hash-infused---5pk---maui-waui-rove-pre-rolls-2.5-3.png,,
C0406,crawl,www.thecurecompany.com,load_time_under_3s,"https://www.thecurecompany.com/product?slug=ice-packs-rosin,-diamond,-hash-infused---5pk---maui-waui-rove-pre-rolls-2.5-35782",desktop 1366x900 Chromium (Playwright),navigation start to load event 3298 ms (single concurrent sample),fail,Medium,M-12,,,< 3000 ms,3298 ms,,,,screenshots/pages/desktop_product_slug_ice-packs-rosin_-diamond_-hash-infused---5pk---maui-waui-rove-pre-rolls-2.5-3.png,,
C0407,crawl,www.thecurecompany.com,mobile_overflow_390,"https://www.thecurecompany.com/product?slug=ice-packs-rosin,-diamond,-hash-infused---5pk---maui-waui-rove-pre-rolls-2.5-35782",mobile 390x844 Chromium (Playwright),scrollWidth 390 vs viewport 390,pass,,,,,,,,,,screenshots/pages/mobile_product_slug_ice-packs-rosin_-diamond_-hash-infused---5pk---maui-waui-rove-pre-rolls-2.5-3.png,,
C0408,crawl,www.thecurecompany.com,console_errors_excl_alpineiq,"https://www.thecurecompany.com/product?slug=ice-packs-rosin,-diamond,-hash-infused---5pk---maui-waui-rove-pre-rolls-2.5-35782",desktop 1366x900 Chromium (Playwright),"0 non-AlpineIQ errors; 0 AlpineIQ rate-limit errors (429, induced by crawl volume) ignored",pass,,,,,,,,,,screenshots/pages/desktop_product_slug_ice-packs-rosin_-diamond_-hash-infused---5pk---maui-waui-rove-pre-rolls-2.5-3.png,,
C0409,crawl,www.thecurecompany.com,images_load,"https://www.thecurecompany.com/product?slug=ice-packs-rosin,-diamond,-hash-infused---5pk---maui-waui-rove-pre-rolls-2.5-35782",desktop 1366x900 Chromium (Playwright),"18 loaded, 0 broken, 17 lazy never loaded (not tested)",pass,,,,,,,,,,screenshots/pages/desktop_product_slug_ice-packs-rosin_-diamond_-hash-infused---5pk---maui-waui-rove-pre-rolls-2.5-3.png,,
C0410,crawl,www.thecurecompany.com,img_alt_text,"https://www.thecurecompany.com/product?slug=ice-packs-rosin,-diamond,-hash-infused---5pk---maui-waui-rove-pre-rolls-2.5-35782",desktop 1366x900 Chromium (Playwright),21/21 visible non-decorative images have alt,pass,,,,,,,,,,screenshots/pages/desktop_product_slug_ice-packs-rosin_-diamond_-hash-infused---5pk---maui-waui-rove-pre-rolls-2.5-3.png,,
C0411,crawl,www.thecurecompany.com,has_h1,"https://www.thecurecompany.com/product?slug=ice-packs-rosin,-diamond,-hash-infused---5pk---maui-waui-rove-pre-rolls-2.5-35782",desktop 1366x900 Chromium (Playwright),"H1 count 0; title ""Ice Packs Rosin, Diamond, Hash Infused - 5pk - Maui Waui Rove""",fail,Low,L-5,,,,,,,,screenshots/pages/desktop_product_slug_ice-packs-rosin_-diamond_-hash-infused---5pk---maui-waui-rove-pre-rolls-2.5-3.png,,
C0412,crawl,www.thecurecompany.com,product_renders,"https://www.thecurecompany.com/product?slug=ice-packs-rosin,-diamond,-hash-infused---5pk---maui-waui-rove-pre-rolls-2.5-35782",desktop 1366x900 Chromium (Playwright),product name and price rendered,pass,,,,,,,,,,screenshots/pages/desktop_product_slug_ice-packs-rosin_-diamond_-hash-infused---5pk---maui-waui-rove-pre-rolls-2.5-3.png,,
C0413,crawl,www.thecurecompany.com,product_category_label,"https://www.thecurecompany.com/product?slug=ice-packs-rosin,-diamond,-hash-infused---5pk---maui-waui-rove-pre-rolls-2.5-35782",desktop 1366x900 Chromium (Playwright),"category label is not the placeholder ""Root category""",pass,,,,,,,,,,screenshots/pages/desktop_product_slug_ice-packs-rosin_-diamond_-hash-infused---5pk---maui-waui-rove-pre-rolls-2.5-3.png,,
C0414,crawl,www.thecurecompany.com,http_status,https://www.thecurecompany.com/product?slug=jack-pot-the-cure-company-root-category-3.5-37599,desktop 1366x900 Chromium (Playwright),HTTP 200 (expected 200),pass,,,,,,,,,,screenshots/pages/desktop_product_slug_jack-pot-the-cure-company-root-category-3.5-37599.png,,
C0415,crawl,www.thecurecompany.com,load_time_under_3s,https://www.thecurecompany.com/product?slug=jack-pot-the-cure-company-root-category-3.5-37599,desktop 1366x900 Chromium (Playwright),navigation start to load event 3241 ms (single concurrent sample),fail,Medium,M-12,,,< 3000 ms,3241 ms,,,,screenshots/pages/desktop_product_slug_jack-pot-the-cure-company-root-category-3.5-37599.png,,
C0416,crawl,www.thecurecompany.com,mobile_overflow_390,https://www.thecurecompany.com/product?slug=jack-pot-the-cure-company-root-category-3.5-37599,mobile 390x844 Chromium (Playwright),scrollWidth 390 vs viewport 390,pass,,,,,,,,,,screenshots/pages/mobile_product_slug_jack-pot-the-cure-company-root-category-3.5-37599.png,,
C0417,crawl,www.thecurecompany.com,console_errors_excl_alpineiq,https://www.thecurecompany.com/product?slug=jack-pot-the-cure-company-root-category-3.5-37599,desktop 1366x900 Chromium (Playwright),"0 non-AlpineIQ errors; 2 AlpineIQ rate-limit errors (429, induced by crawl volume) ignored",pass,,,,,,,,,,screenshots/pages/desktop_product_slug_jack-pot-the-cure-company-root-category-3.5-37599.png,,
C0418,crawl,www.thecurecompany.com,images_load,https://www.thecurecompany.com/product?slug=jack-pot-the-cure-company-root-category-3.5-37599,desktop 1366x900 Chromium (Playwright),"18 loaded, 0 broken, 17 lazy never loaded (not tested)",pass,,,,,,,,,,screenshots/pages/desktop_product_slug_jack-pot-the-cure-company-root-category-3.5-37599.png,,
C0419,crawl,www.thecurecompany.com,img_alt_text,https://www.thecurecompany.com/product?slug=jack-pot-the-cure-company-root-category-3.5-37599,desktop 1366x900 Chromium (Playwright),21/21 visible non-decorative images have alt,pass,,,,,,,,,,screenshots/pages/desktop_product_slug_jack-pot-the-cure-company-root-category-3.5-37599.png,,
C0420,crawl,www.thecurecompany.com,has_h1,https://www.thecurecompany.com/product?slug=jack-pot-the-cure-company-root-category-3.5-37599,desktop 1366x900 Chromium (Playwright),"H1 count 0; title ""Jack Pot The Cure Company""",fail,Low,L-5,,,,,,,,screenshots/pages/desktop_product_slug_jack-pot-the-cure-company-root-category-3.5-37599.png,,
C0421,crawl,www.thecurecompany.com,product_renders,https://www.thecurecompany.com/product?slug=jack-pot-the-cure-company-root-category-3.5-37599,desktop 1366x900 Chromium (Playwright),product name and price rendered,pass,,,,,,,,,,screenshots/pages/desktop_product_slug_jack-pot-the-cure-company-root-category-3.5-37599.png,,
C0422,crawl,www.thecurecompany.com,product_category_label,https://www.thecurecompany.com/product?slug=jack-pot-the-cure-company-root-category-3.5-37599,desktop 1366x900 Chromium (Playwright),"category label is not the placeholder ""Root category""",pass,,,,,,,,,,screenshots/pages/desktop_product_slug_jack-pot-the-cure-company-root-category-3.5-37599.png,,
C0423,crawl,www.thecurecompany.com,http_status,https://www.thecurecompany.com/product?slug=jeeter---acapulco-gold---xl-rosin-infused---pre-roll-2g-custom-brand-pre-rolls-2-33556,desktop 1366x900 Chromium (Playwright),HTTP 200 (expected 200),pass,,,,,,,,,,screenshots/pages/desktop_product_slug_jeeter---acapulco-gold---xl-rosin-infused---pre-roll-2g-custom-brand-pre-roll.png,,
C0424,crawl,www.thecurecompany.com,load_time_under_3s,https://www.thecurecompany.com/product?slug=jeeter---acapulco-gold---xl-rosin-infused---pre-roll-2g-custom-brand-pre-rolls-2-33556,desktop 1366x900 Chromium (Playwright),navigation start to load event 3341 ms (single concurrent sample),fail,Medium,M-12,,,< 3000 ms,3341 ms,,,,screenshots/pages/desktop_product_slug_jeeter---acapulco-gold---xl-rosin-infused---pre-roll-2g-custom-brand-pre-roll.png,,
C0425,crawl,www.thecurecompany.com,mobile_overflow_390,https://www.thecurecompany.com/product?slug=jeeter---acapulco-gold---xl-rosin-infused---pre-roll-2g-custom-brand-pre-rolls-2-33556,mobile 390x844 Chromium (Playwright),scrollWidth 390 vs viewport 390,pass,,,,,,,,,,screenshots/pages/mobile_product_slug_jeeter---acapulco-gold---xl-rosin-infused---pre-roll-2g-custom-brand-pre-roll.png,,
C0426,crawl,www.thecurecompany.com,console_errors_excl_alpineiq,https://www.thecurecompany.com/product?slug=jeeter---acapulco-gold---xl-rosin-infused---pre-roll-2g-custom-brand-pre-rolls-2-33556,desktop 1366x900 Chromium (Playwright),"0 non-AlpineIQ errors; 2 AlpineIQ rate-limit errors (429, induced by crawl volume) ignored",pass,,,,,,,,,,screenshots/pages/desktop_product_slug_jeeter---acapulco-gold---xl-rosin-infused---pre-roll-2g-custom-brand-pre-roll.png,,
C0427,crawl,www.thecurecompany.com,images_load,https://www.thecurecompany.com/product?slug=jeeter---acapulco-gold---xl-rosin-infused---pre-roll-2g-custom-brand-pre-rolls-2-33556,desktop 1366x900 Chromium (Playwright),"18 loaded, 0 broken, 17 lazy never loaded (not tested)",pass,,,,,,,,,,screenshots/pages/desktop_product_slug_jeeter---acapulco-gold---xl-rosin-infused---pre-roll-2g-custom-brand-pre-roll.png,,
C0428,crawl,www.thecurecompany.com,img_alt_text,https://www.thecurecompany.com/product?slug=jeeter---acapulco-gold---xl-rosin-infused---pre-roll-2g-custom-brand-pre-rolls-2-33556,desktop 1366x900 Chromium (Playwright),20/20 visible non-decorative images have alt,pass,,,,,,,,,,screenshots/pages/desktop_product_slug_jeeter---acapulco-gold---xl-rosin-infused---pre-roll-2g-custom-brand-pre-roll.png,,
C0429,crawl,www.thecurecompany.com,has_h1,https://www.thecurecompany.com/product?slug=jeeter---acapulco-gold---xl-rosin-infused---pre-roll-2g-custom-brand-pre-rolls-2-33556,desktop 1366x900 Chromium (Playwright),"H1 count 0; title ""Jeeter - Acapulco Gold - XL Rosin Infused - Pre-Roll 2g Custom Brand""",fail,Low,L-5,,,,,,,,screenshots/pages/desktop_product_slug_jeeter---acapulco-gold---xl-rosin-infused---pre-roll-2g-custom-brand-pre-roll.png,,
C0430,crawl,www.thecurecompany.com,product_renders,https://www.thecurecompany.com/product?slug=jeeter---acapulco-gold---xl-rosin-infused---pre-roll-2g-custom-brand-pre-rolls-2-33556,desktop 1366x900 Chromium (Playwright),product name and price rendered,pass,,,,,,,,,,screenshots/pages/desktop_product_slug_jeeter---acapulco-gold---xl-rosin-infused---pre-roll-2g-custom-brand-pre-roll.png,,
C0431,crawl,www.thecurecompany.com,product_category_label,https://www.thecurecompany.com/product?slug=jeeter---acapulco-gold---xl-rosin-infused---pre-roll-2g-custom-brand-pre-rolls-2-33556,desktop 1366x900 Chromium (Playwright),"category label is not the placeholder ""Root category""",pass,,,,,,,,,,screenshots/pages/desktop_product_slug_jeeter---acapulco-gold---xl-rosin-infused---pre-roll-2g-custom-brand-pre-roll.png,,
C0432,crawl,www.thecurecompany.com,http_status,https://www.thecurecompany.com/product?slug=jeeter---infused-xl-preroll---blue-dream---2g-custom-brand-pre-rolls-2-39776,desktop 1366x900 Chromium (Playwright),HTTP 200 (expected 200),pass,,,,,,,,,,screenshots/pages/desktop_product_slug_jeeter---infused-xl-preroll---blue-dream---2g-custom-brand-pre-rolls-2-39776.png,,
C0433,crawl,www.thecurecompany.com,load_time_under_3s,https://www.thecurecompany.com/product?slug=jeeter---infused-xl-preroll---blue-dream---2g-custom-brand-pre-rolls-2-39776,desktop 1366x900 Chromium (Playwright),navigation start to load event 3267 ms (single concurrent sample),fail,Medium,M-12,,,< 3000 ms,3267 ms,,,,screenshots/pages/desktop_product_slug_jeeter---infused-xl-preroll---blue-dream---2g-custom-brand-pre-rolls-2-39776.png,,
C0434,crawl,www.thecurecompany.com,mobile_overflow_390,https://www.thecurecompany.com/product?slug=jeeter---infused-xl-preroll---blue-dream---2g-custom-brand-pre-rolls-2-39776,mobile 390x844 Chromium (Playwright),scrollWidth 390 vs viewport 390,pass,,,,,,,,,,screenshots/pages/mobile_product_slug_jeeter---infused-xl-preroll---blue-dream---2g-custom-brand-pre-rolls-2-39776.png,,
C0435,crawl,www.thecurecompany.com,console_errors_excl_alpineiq,https://www.thecurecompany.com/product?slug=jeeter---infused-xl-preroll---blue-dream---2g-custom-brand-pre-rolls-2-39776,desktop 1366x900 Chromium (Playwright),"0 non-AlpineIQ errors; 2 AlpineIQ rate-limit errors (429, induced by crawl volume) ignored",pass,,,,,,,,,,screenshots/pages/desktop_product_slug_jeeter---infused-xl-preroll---blue-dream---2g-custom-brand-pre-rolls-2-39776.png,,
C0436,crawl,www.thecurecompany.com,images_load,https://www.thecurecompany.com/product?slug=jeeter---infused-xl-preroll---blue-dream---2g-custom-brand-pre-rolls-2-39776,desktop 1366x900 Chromium (Playwright),"18 loaded, 0 broken, 17 lazy never loaded (not tested)",pass,,,,,,,,,,screenshots/pages/desktop_product_slug_jeeter---infused-xl-preroll---blue-dream---2g-custom-brand-pre-rolls-2-39776.png,,
C0437,crawl,www.thecurecompany.com,img_alt_text,https://www.thecurecompany.com/product?slug=jeeter---infused-xl-preroll---blue-dream---2g-custom-brand-pre-rolls-2-39776,desktop 1366x900 Chromium (Playwright),20/20 visible non-decorative images have alt,pass,,,,,,,,,,screenshots/pages/desktop_product_slug_jeeter---infused-xl-preroll---blue-dream---2g-custom-brand-pre-rolls-2-39776.png,,
C0438,crawl,www.thecurecompany.com,has_h1,https://www.thecurecompany.com/product?slug=jeeter---infused-xl-preroll---blue-dream---2g-custom-brand-pre-rolls-2-39776,desktop 1366x900 Chromium (Playwright),"H1 count 0; title ""Jeeter - Infused XL Preroll - Blue Dream - 2g Custom Brand""",fail,Low,L-5,,,,,,,,screenshots/pages/desktop_product_slug_jeeter---infused-xl-preroll---blue-dream---2g-custom-brand-pre-rolls-2-39776.png,,
C0439,crawl,www.thecurecompany.com,product_renders,https://www.thecurecompany.com/product?slug=jeeter---infused-xl-preroll---blue-dream---2g-custom-brand-pre-rolls-2-39776,desktop 1366x900 Chromium (Playwright),product name and price rendered,pass,,,,,,,,,,screenshots/pages/desktop_product_slug_jeeter---infused-xl-preroll---blue-dream---2g-custom-brand-pre-rolls-2-39776.png,,
C0440,crawl,www.thecurecompany.com,product_category_label,https://www.thecurecompany.com/product?slug=jeeter---infused-xl-preroll---blue-dream---2g-custom-brand-pre-rolls-2-39776,desktop 1366x900 Chromium (Playwright),"category label is not the placeholder ""Root category""",pass,,,,,,,,,,screenshots/pages/desktop_product_slug_jeeter---infused-xl-preroll---blue-dream---2g-custom-brand-pre-rolls-2-39776.png,,
C0441,crawl,www.thecurecompany.com,http_status,https://www.thecurecompany.com/product?slug=jeeter---infused-xl-preroll---milk-man---2g-custom-brand-pre-rolls-2-39780,desktop 1366x900 Chromium (Playwright),HTTP 200 (expected 200),pass,,,,,,,,,,screenshots/pages/desktop_product_slug_jeeter---infused-xl-preroll---milk-man---2g-custom-brand-pre-rolls-2-39780.png,,
C0442,crawl,www.thecurecompany.com,load_time_under_3s,https://www.thecurecompany.com/product?slug=jeeter---infused-xl-preroll---milk-man---2g-custom-brand-pre-rolls-2-39780,desktop 1366x900 Chromium (Playwright),navigation start to load event 3000 ms (single concurrent sample),fail,Medium,M-12,,,< 3000 ms,3000 ms,,,,screenshots/pages/desktop_product_slug_jeeter---infused-xl-preroll---milk-man---2g-custom-brand-pre-rolls-2-39780.png,,
C0443,crawl,www.thecurecompany.com,mobile_overflow_390,https://www.thecurecompany.com/product?slug=jeeter---infused-xl-preroll---milk-man---2g-custom-brand-pre-rolls-2-39780,mobile 390x844 Chromium (Playwright),scrollWidth 390 vs viewport 390,pass,,,,,,,,,,screenshots/pages/mobile_product_slug_jeeter---infused-xl-preroll---milk-man---2g-custom-brand-pre-rolls-2-39780.png,,
C0444,crawl,www.thecurecompany.com,console_errors_excl_alpineiq,https://www.thecurecompany.com/product?slug=jeeter---infused-xl-preroll---milk-man---2g-custom-brand-pre-rolls-2-39780,desktop 1366x900 Chromium (Playwright),"0 non-AlpineIQ errors; 2 AlpineIQ rate-limit errors (429, induced by crawl volume) ignored",pass,,,,,,,,,,screenshots/pages/desktop_product_slug_jeeter---infused-xl-preroll---milk-man---2g-custom-brand-pre-rolls-2-39780.png,,
C0445,crawl,www.thecurecompany.com,images_load,https://www.thecurecompany.com/product?slug=jeeter---infused-xl-preroll---milk-man---2g-custom-brand-pre-rolls-2-39780,desktop 1366x900 Chromium (Playwright),"18 loaded, 0 broken, 17 lazy never loaded (not tested)",pass,,,,,,,,,,screenshots/pages/desktop_product_slug_jeeter---infused-xl-preroll---milk-man---2g-custom-brand-pre-rolls-2-39780.png,,
C0446,crawl,www.thecurecompany.com,img_alt_text,https://www.thecurecompany.com/product?slug=jeeter---infused-xl-preroll---milk-man---2g-custom-brand-pre-rolls-2-39780,desktop 1366x900 Chromium (Playwright),20/20 visible non-decorative images have alt,pass,,,,,,,,,,screenshots/pages/desktop_product_slug_jeeter---infused-xl-preroll---milk-man---2g-custom-brand-pre-rolls-2-39780.png,,
C0447,crawl,www.thecurecompany.com,has_h1,https://www.thecurecompany.com/product?slug=jeeter---infused-xl-preroll---milk-man---2g-custom-brand-pre-rolls-2-39780,desktop 1366x900 Chromium (Playwright),"H1 count 0; title ""Jeeter - Infused XL Preroll - Milk Man - 2g Custom Brand""",fail,Low,L-5,,,,,,,,screenshots/pages/desktop_product_slug_jeeter---infused-xl-preroll---milk-man---2g-custom-brand-pre-rolls-2-39780.png,,
C0448,crawl,www.thecurecompany.com,product_renders,https://www.thecurecompany.com/product?slug=jeeter---infused-xl-preroll---milk-man---2g-custom-brand-pre-rolls-2-39780,desktop 1366x900 Chromium (Playwright),product name and price rendered,pass,,,,,,,,,,screenshots/pages/desktop_product_slug_jeeter---infused-xl-preroll---milk-man---2g-custom-brand-pre-rolls-2-39780.png,,
C0449,crawl,www.thecurecompany.com,product_category_label,https://www.thecurecompany.com/product?slug=jeeter---infused-xl-preroll---milk-man---2g-custom-brand-pre-rolls-2-39780,desktop 1366x900 Chromium (Playwright),"category label is not the placeholder ""Root category""",pass,,,,,,,,,,screenshots/pages/desktop_product_slug_jeeter---infused-xl-preroll---milk-man---2g-custom-brand-pre-rolls-2-39780.png,,
C0450,crawl,www.thecurecompany.com,http_status,https://www.thecurecompany.com/product?slug=kingroll---junior-infused-preroll-4-pack---strawberry-cough-x-lemoncello---0.75g-custom-brand-pre-rolls-2.5-36176,desktop 1366x900 Chromium (Playwright),HTTP 200 (expected 200),pass,,,,,,,,,,screenshots/pages/desktop_product_slug_kingroll---junior-infused-preroll-4-pack---strawberry-cough-x-lemoncello---0..png,,
C0451,crawl,www.thecurecompany.com,load_time_under_3s,https://www.thecurecompany.com/product?slug=kingroll---junior-infused-preroll-4-pack---strawberry-cough-x-lemoncello---0.75g-custom-brand-pre-rolls-2.5-36176,desktop 1366x900 Chromium (Playwright),navigation start to load event 3074 ms (single concurrent sample),fail,Medium,M-12,,,< 3000 ms,3074 ms,,,,screenshots/pages/desktop_product_slug_kingroll---junior-infused-preroll-4-pack---strawberry-cough-x-lemoncello---0..png,,
C0452,crawl,www.thecurecompany.com,mobile_overflow_390,https://www.thecurecompany.com/product?slug=kingroll---junior-infused-preroll-4-pack---strawberry-cough-x-lemoncello---0.75g-custom-brand-pre-rolls-2.5-36176,mobile 390x844 Chromium (Playwright),scrollWidth 390 vs viewport 390,pass,,,,,,,,,,screenshots/pages/mobile_product_slug_kingroll---junior-infused-preroll-4-pack---strawberry-cough-x-lemoncello---0..png,,
C0453,crawl,www.thecurecompany.com,console_errors_excl_alpineiq,https://www.thecurecompany.com/product?slug=kingroll---junior-infused-preroll-4-pack---strawberry-cough-x-lemoncello---0.75g-custom-brand-pre-rolls-2.5-36176,desktop 1366x900 Chromium (Playwright),"0 non-AlpineIQ errors; 2 AlpineIQ rate-limit errors (429, induced by crawl volume) ignored",pass,,,,,,,,,,screenshots/pages/desktop_product_slug_kingroll---junior-infused-preroll-4-pack---strawberry-cough-x-lemoncello---0..png,,
C0454,crawl,www.thecurecompany.com,images_load,https://www.thecurecompany.com/product?slug=kingroll---junior-infused-preroll-4-pack---strawberry-cough-x-lemoncello---0.75g-custom-brand-pre-rolls-2.5-36176,desktop 1366x900 Chromium (Playwright),"18 loaded, 0 broken, 17 lazy never loaded (not tested)",pass,,,,,,,,,,screenshots/pages/desktop_product_slug_kingroll---junior-infused-preroll-4-pack---strawberry-cough-x-lemoncello---0..png,,
C0455,crawl,www.thecurecompany.com,img_alt_text,https://www.thecurecompany.com/product?slug=kingroll---junior-infused-preroll-4-pack---strawberry-cough-x-lemoncello---0.75g-custom-brand-pre-rolls-2.5-36176,desktop 1366x900 Chromium (Playwright),20/20 visible non-decorative images have alt,pass,,,,,,,,,,screenshots/pages/desktop_product_slug_kingroll---junior-infused-preroll-4-pack---strawberry-cough-x-lemoncello---0..png,,
C0456,crawl,www.thecurecompany.com,has_h1,https://www.thecurecompany.com/product?slug=kingroll---junior-infused-preroll-4-pack---strawberry-cough-x-lemoncello---0.75g-custom-brand-pre-rolls-2.5-36176,desktop 1366x900 Chromium (Playwright),"H1 count 0; title ""KingRoll - Junior Infused Preroll 4 Pack - Strawberry Cough x Lemoncello - 0.75g Custom Brand""",fail,Low,L-5,,,,,,,,screenshots/pages/desktop_product_slug_kingroll---junior-infused-preroll-4-pack---strawberry-cough-x-lemoncello---0..png,,
C0457,crawl,www.thecurecompany.com,product_renders,https://www.thecurecompany.com/product?slug=kingroll---junior-infused-preroll-4-pack---strawberry-cough-x-lemoncello---0.75g-custom-brand-pre-rolls-2.5-36176,desktop 1366x900 Chromium (Playwright),product name and price rendered,pass,,,,,,,,,,screenshots/pages/desktop_product_slug_kingroll---junior-infused-preroll-4-pack---strawberry-cough-x-lemoncello---0..png,,
C0458,crawl,www.thecurecompany.com,product_category_label,https://www.thecurecompany.com/product?slug=kingroll---junior-infused-preroll-4-pack---strawberry-cough-x-lemoncello---0.75g-custom-brand-pre-rolls-2.5-36176,desktop 1366x900 Chromium (Playwright),"category label is not the placeholder ""Root category""",pass,,,,,,,,,,screenshots/pages/desktop_product_slug_kingroll---junior-infused-preroll-4-pack---strawberry-cough-x-lemoncello---0..png,,
C0459,crawl,www.thecurecompany.com,http_status,https://www.thecurecompany.com/product?slug=kushy-punch-510-battery--pink-custom-brand-vape-pens-33737,desktop 1366x900 Chromium (Playwright),HTTP 200 (expected 200),pass,,,,,,,,,,screenshots/pages/desktop_product_slug_kushy-punch-510-battery--pink-custom-brand-vape-pens-33737.png,,
C0460,crawl,www.thecurecompany.com,load_time_under_3s,https://www.thecurecompany.com/product?slug=kushy-punch-510-battery--pink-custom-brand-vape-pens-33737,desktop 1366x900 Chromium (Playwright),navigation start to load event 3193 ms (single concurrent sample),fail,Medium,M-12,,,< 3000 ms,3193 ms,,,,screenshots/pages/desktop_product_slug_kushy-punch-510-battery--pink-custom-brand-vape-pens-33737.png,,
C0461,crawl,www.thecurecompany.com,mobile_overflow_390,https://www.thecurecompany.com/product?slug=kushy-punch-510-battery--pink-custom-brand-vape-pens-33737,mobile 390x844 Chromium (Playwright),scrollWidth 390 vs viewport 390,pass,,,,,,,,,,screenshots/pages/mobile_product_slug_kushy-punch-510-battery--pink-custom-brand-vape-pens-33737.png,,
C0462,crawl,www.thecurecompany.com,console_errors_excl_alpineiq,https://www.thecurecompany.com/product?slug=kushy-punch-510-battery--pink-custom-brand-vape-pens-33737,desktop 1366x900 Chromium (Playwright),"0 non-AlpineIQ errors; 2 AlpineIQ rate-limit errors (429, induced by crawl volume) ignored",pass,,,,,,,,,,screenshots/pages/desktop_product_slug_kushy-punch-510-battery--pink-custom-brand-vape-pens-33737.png,,
C0463,crawl,www.thecurecompany.com,images_load,https://www.thecurecompany.com/product?slug=kushy-punch-510-battery--pink-custom-brand-vape-pens-33737,desktop 1366x900 Chromium (Playwright),"18 loaded, 0 broken, 17 lazy never loaded (not tested)",pass,,,,,,,,,,screenshots/pages/desktop_product_slug_kushy-punch-510-battery--pink-custom-brand-vape-pens-33737.png,,
C0464,crawl,www.thecurecompany.com,img_alt_text,https://www.thecurecompany.com/product?slug=kushy-punch-510-battery--pink-custom-brand-vape-pens-33737,desktop 1366x900 Chromium (Playwright),19/19 visible non-decorative images have alt,pass,,,,,,,,,,screenshots/pages/desktop_product_slug_kushy-punch-510-battery--pink-custom-brand-vape-pens-33737.png,,
C0465,crawl,www.thecurecompany.com,has_h1,https://www.thecurecompany.com/product?slug=kushy-punch-510-battery--pink-custom-brand-vape-pens-33737,desktop 1366x900 Chromium (Playwright),"H1 count 0; title ""Kushy Punch 510 Battery- PINK Custom Brand""",fail,Low,L-5,,,,,,,,screenshots/pages/desktop_product_slug_kushy-punch-510-battery--pink-custom-brand-vape-pens-33737.png,,
C0466,crawl,www.thecurecompany.com,product_renders,https://www.thecurecompany.com/product?slug=kushy-punch-510-battery--pink-custom-brand-vape-pens-33737,desktop 1366x900 Chromium (Playwright),product name and price rendered,pass,,,,,,,,,,screenshots/pages/desktop_product_slug_kushy-punch-510-battery--pink-custom-brand-vape-pens-33737.png,,
C0467,crawl,www.thecurecompany.com,product_category_label,https://www.thecurecompany.com/product?slug=kushy-punch-510-battery--pink-custom-brand-vape-pens-33737,desktop 1366x900 Chromium (Playwright),"category label is not the placeholder ""Root category""",pass,,,,,,,,,,screenshots/pages/desktop_product_slug_kushy-punch-510-battery--pink-custom-brand-vape-pens-33737.png,,
C0468,crawl,www.thecurecompany.com,http_status,https://www.thecurecompany.com/product?slug=lax---kill-shot---3.5g-custom-brand-root-category-34785,desktop 1366x900 Chromium (Playwright),HTTP 200 (expected 200),pass,,,,,,,,,,screenshots/pages/desktop_product_slug_lax---kill-shot---3.5g-custom-brand-root-category-34785.png,,
C0469,crawl,www.thecurecompany.com,load_time_under_3s,https://www.thecurecompany.com/product?slug=lax---kill-shot---3.5g-custom-brand-root-category-34785,desktop 1366x900 Chromium (Playwright),navigation start to load event 3389 ms (single concurrent sample),fail,Medium,M-12,,,< 3000 ms,3389 ms,,,,screenshots/pages/desktop_product_slug_lax---kill-shot---3.5g-custom-brand-root-category-34785.png,,
C0470,crawl,www.thecurecompany.com,mobile_overflow_390,https://www.thecurecompany.com/product?slug=lax---kill-shot---3.5g-custom-brand-root-category-34785,mobile 390x844 Chromium (Playwright),scrollWidth 390 vs viewport 390,pass,,,,,,,,,,screenshots/pages/mobile_product_slug_lax---kill-shot---3.5g-custom-brand-root-category-34785.png,,
C0471,crawl,www.thecurecompany.com,console_errors_excl_alpineiq,https://www.thecurecompany.com/product?slug=lax---kill-shot---3.5g-custom-brand-root-category-34785,desktop 1366x900 Chromium (Playwright),"0 non-AlpineIQ errors; 1 AlpineIQ rate-limit errors (429, induced by crawl volume) ignored",pass,,,,,,,,,,screenshots/pages/desktop_product_slug_lax---kill-shot---3.5g-custom-brand-root-category-34785.png,,
C0472,crawl,www.thecurecompany.com,images_load,https://www.thecurecompany.com/product?slug=lax---kill-shot---3.5g-custom-brand-root-category-34785,desktop 1366x900 Chromium (Playwright),"18 loaded, 0 broken, 17 lazy never loaded (not tested)",pass,,,,,,,,,,screenshots/pages/desktop_product_slug_lax---kill-shot---3.5g-custom-brand-root-category-34785.png,,
C0473,crawl,www.thecurecompany.com,img_alt_text,https://www.thecurecompany.com/product?slug=lax---kill-shot---3.5g-custom-brand-root-category-34785,desktop 1366x900 Chromium (Playwright),20/20 visible non-decorative images have alt,pass,,,,,,,,,,screenshots/pages/desktop_product_slug_lax---kill-shot---3.5g-custom-brand-root-category-34785.png,,
C0474,crawl,www.thecurecompany.com,has_h1,https://www.thecurecompany.com/product?slug=lax---kill-shot---3.5g-custom-brand-root-category-34785,desktop 1366x900 Chromium (Playwright),"H1 count 0; title ""Lax - Kill Shot - 3.5g Custom Brand""",fail,Low,L-5,,,,,,,,screenshots/pages/desktop_product_slug_lax---kill-shot---3.5g-custom-brand-root-category-34785.png,,
C0475,crawl,www.thecurecompany.com,product_renders,https://www.thecurecompany.com/product?slug=lax---kill-shot---3.5g-custom-brand-root-category-34785,desktop 1366x900 Chromium (Playwright),product name and price rendered,pass,,,,,,,,,,screenshots/pages/desktop_product_slug_lax---kill-shot---3.5g-custom-brand-root-category-34785.png,,
C0476,crawl,www.thecurecompany.com,product_category_label,https://www.thecurecompany.com/product?slug=lax---kill-shot---3.5g-custom-brand-root-category-34785,desktop 1366x900 Chromium (Playwright),"category label is not the placeholder ""Root category""",pass,,,,,,,,,,screenshots/pages/desktop_product_slug_lax---kill-shot---3.5g-custom-brand-root-category-34785.png,,
C0477,crawl,www.thecurecompany.com,http_status,https://www.thecurecompany.com/product?slug=lemonatti-x-blueberry-breath-slid3-disposable-eureka-vape-pens-1-32936,desktop 1366x900 Chromium (Playwright),HTTP 200 (expected 200),pass,,,,,,,,,,screenshots/pages/desktop_product_slug_lemonatti-x-blueberry-breath-slid3-disposable-eureka-vape-pens-1-32936.png,,
C0478,crawl,www.thecurecompany.com,load_time_under_3s,https://www.thecurecompany.com/product?slug=lemonatti-x-blueberry-breath-slid3-disposable-eureka-vape-pens-1-32936,desktop 1366x900 Chromium (Playwright),navigation start to load event 3387 ms (single concurrent sample),fail,Medium,M-12,,,< 3000 ms,3387 ms,,,,screenshots/pages/desktop_product_slug_lemonatti-x-blueberry-breath-slid3-disposable-eureka-vape-pens-1-32936.png,,
C0479,crawl,www.thecurecompany.com,mobile_overflow_390,https://www.thecurecompany.com/product?slug=lemonatti-x-blueberry-breath-slid3-disposable-eureka-vape-pens-1-32936,mobile 390x844 Chromium (Playwright),scrollWidth 390 vs viewport 390,pass,,,,,,,,,,screenshots/pages/mobile_product_slug_lemonatti-x-blueberry-breath-slid3-disposable-eureka-vape-pens-1-32936.png,,
C0480,crawl,www.thecurecompany.com,console_errors_excl_alpineiq,https://www.thecurecompany.com/product?slug=lemonatti-x-blueberry-breath-slid3-disposable-eureka-vape-pens-1-32936,desktop 1366x900 Chromium (Playwright),"0 non-AlpineIQ errors; 4 AlpineIQ rate-limit errors (429, induced by crawl volume) ignored",pass,,,,,,,,,,screenshots/pages/desktop_product_slug_lemonatti-x-blueberry-breath-slid3-disposable-eureka-vape-pens-1-32936.png,,
C0481,crawl,www.thecurecompany.com,images_load,https://www.thecurecompany.com/product?slug=lemonatti-x-blueberry-breath-slid3-disposable-eureka-vape-pens-1-32936,desktop 1366x900 Chromium (Playwright),"18 loaded, 0 broken, 17 lazy never loaded (not tested)",pass,,,,,,,,,,screenshots/pages/desktop_product_slug_lemonatti-x-blueberry-breath-slid3-disposable-eureka-vape-pens-1-32936.png,,
C0482,crawl,www.thecurecompany.com,img_alt_text,https://www.thecurecompany.com/product?slug=lemonatti-x-blueberry-breath-slid3-disposable-eureka-vape-pens-1-32936,desktop 1366x900 Chromium (Playwright),20/20 visible non-decorative images have alt,pass,,,,,,,,,,screenshots/pages/desktop_product_slug_lemonatti-x-blueberry-breath-slid3-disposable-eureka-vape-pens-1-32936.png,,
C0483,crawl,www.thecurecompany.com,has_h1,https://www.thecurecompany.com/product?slug=lemonatti-x-blueberry-breath-slid3-disposable-eureka-vape-pens-1-32936,desktop 1366x900 Chromium (Playwright),"H1 count 0; title ""Eureka - Lemonatti x Blueberry Breath SLID3 Disposable - 1 g Eureka""",fail,Low,L-5,,,,,,,,screenshots/pages/desktop_product_slug_lemonatti-x-blueberry-breath-slid3-disposable-eureka-vape-pens-1-32936.png,,
C0484,crawl,www.thecurecompany.com,product_renders,https://www.thecurecompany.com/product?slug=lemonatti-x-blueberry-breath-slid3-disposable-eureka-vape-pens-1-32936,desktop 1366x900 Chromium (Playwright),product name and price rendered,pass,,,,,,,,,,screenshots/pages/desktop_product_slug_lemonatti-x-blueberry-breath-slid3-disposable-eureka-vape-pens-1-32936.png,,
C0485,crawl,www.thecurecompany.com,product_category_label,https://www.thecurecompany.com/product?slug=lemonatti-x-blueberry-breath-slid3-disposable-eureka-vape-pens-1-32936,desktop 1366x900 Chromium (Playwright),"category label is not the placeholder ""Root category""",pass,,,,,,,,,,screenshots/pages/desktop_product_slug_lemonatti-x-blueberry-breath-slid3-disposable-eureka-vape-pens-1-32936.png,,
C0486,crawl,www.thecurecompany.com,http_status,https://www.thecurecompany.com/product?slug=mount-zereal-kush-live-sauce-cart-cannabiotix-vape-pens-0.5-38365,desktop 1366x900 Chromium (Playwright),HTTP 200 (expected 200),pass,,,,,,,,,,screenshots/pages/desktop_product_slug_mount-zereal-kush-live-sauce-cart-cannabiotix-vape-pens-0.5-38365.png,,
C0487,crawl,www.thecurecompany.com,load_time_under_3s,https://www.thecurecompany.com/product?slug=mount-zereal-kush-live-sauce-cart-cannabiotix-vape-pens-0.5-38365,desktop 1366x900 Chromium (Playwright),navigation start to load event 3385 ms (single concurrent sample),fail,Medium,M-12,,,< 3000 ms,3385 ms,,,,screenshots/pages/desktop_product_slug_mount-zereal-kush-live-sauce-cart-cannabiotix-vape-pens-0.5-38365.png,,
C0488,crawl,www.thecurecompany.com,mobile_overflow_390,https://www.thecurecompany.com/product?slug=mount-zereal-kush-live-sauce-cart-cannabiotix-vape-pens-0.5-38365,mobile 390x844 Chromium (Playwright),scrollWidth 390 vs viewport 390,pass,,,,,,,,,,screenshots/pages/mobile_product_slug_mount-zereal-kush-live-sauce-cart-cannabiotix-vape-pens-0.5-38365.png,,
C0489,crawl,www.thecurecompany.com,console_errors_excl_alpineiq,https://www.thecurecompany.com/product?slug=mount-zereal-kush-live-sauce-cart-cannabiotix-vape-pens-0.5-38365,desktop 1366x900 Chromium (Playwright),"0 non-AlpineIQ errors; 4 AlpineIQ rate-limit errors (429, induced by crawl volume) ignored",pass,,,,,,,,,,screenshots/pages/desktop_product_slug_mount-zereal-kush-live-sauce-cart-cannabiotix-vape-pens-0.5-38365.png,,
C0490,crawl,www.thecurecompany.com,images_load,https://www.thecurecompany.com/product?slug=mount-zereal-kush-live-sauce-cart-cannabiotix-vape-pens-0.5-38365,desktop 1366x900 Chromium (Playwright),"18 loaded, 0 broken, 17 lazy never loaded (not tested)",pass,,,,,,,,,,screenshots/pages/desktop_product_slug_mount-zereal-kush-live-sauce-cart-cannabiotix-vape-pens-0.5-38365.png,,
C0491,crawl,www.thecurecompany.com,img_alt_text,https://www.thecurecompany.com/product?slug=mount-zereal-kush-live-sauce-cart-cannabiotix-vape-pens-0.5-38365,desktop 1366x900 Chromium (Playwright),20/20 visible non-decorative images have alt,pass,,,,,,,,,,screenshots/pages/desktop_product_slug_mount-zereal-kush-live-sauce-cart-cannabiotix-vape-pens-0.5-38365.png,,
C0492,crawl,www.thecurecompany.com,has_h1,https://www.thecurecompany.com/product?slug=mount-zereal-kush-live-sauce-cart-cannabiotix-vape-pens-0.5-38365,desktop 1366x900 Chromium (Playwright),"H1 count 0; title ""Mount Zereal Kush Live Sauce Cart Cannabiotix""",fail,Low,L-5,,,,,,,,screenshots/pages/desktop_product_slug_mount-zereal-kush-live-sauce-cart-cannabiotix-vape-pens-0.5-38365.png,,
C0493,crawl,www.thecurecompany.com,product_renders,https://www.thecurecompany.com/product?slug=mount-zereal-kush-live-sauce-cart-cannabiotix-vape-pens-0.5-38365,desktop 1366x900 Chromium (Playwright),product name and price rendered,pass,,,,,,,,,,screenshots/pages/desktop_product_slug_mount-zereal-kush-live-sauce-cart-cannabiotix-vape-pens-0.5-38365.png,,
C0494,crawl,www.thecurecompany.com,product_category_label,https://www.thecurecompany.com/product?slug=mount-zereal-kush-live-sauce-cart-cannabiotix-vape-pens-0.5-38365,desktop 1366x900 Chromium (Playwright),"category label is not the placeholder ""Root category""",pass,,,,,,,,,,screenshots/pages/desktop_product_slug_mount-zereal-kush-live-sauce-cart-cannabiotix-vape-pens-0.5-38365.png,,
C0495,crawl,www.thecurecompany.com,http_status,https://www.thecurecompany.com/product?slug=nameless---kaleidoscope---3.5g-custom-brand-root-category-3.5-51457,desktop 1366x900 Chromium (Playwright),HTTP 200 (expected 200),pass,,,,,,,,,,screenshots/pages/desktop_product_slug_nameless---kaleidoscope---3.5g-custom-brand-root-category-3.5-51457.png,,
C0496,crawl,www.thecurecompany.com,load_time_under_3s,https://www.thecurecompany.com/product?slug=nameless---kaleidoscope---3.5g-custom-brand-root-category-3.5-51457,desktop 1366x900 Chromium (Playwright),navigation start to load event 3123 ms (single concurrent sample),fail,Medium,M-12,,,< 3000 ms,3123 ms,,,,screenshots/pages/desktop_product_slug_nameless---kaleidoscope---3.5g-custom-brand-root-category-3.5-51457.png,,
C0497,crawl,www.thecurecompany.com,mobile_overflow_390,https://www.thecurecompany.com/product?slug=nameless---kaleidoscope---3.5g-custom-brand-root-category-3.5-51457,mobile 390x844 Chromium (Playwright),scrollWidth 390 vs viewport 390,pass,,,,,,,,,,screenshots/pages/mobile_product_slug_nameless---kaleidoscope---3.5g-custom-brand-root-category-3.5-51457.png,,
C0498,crawl,www.thecurecompany.com,console_errors_excl_alpineiq,https://www.thecurecompany.com/product?slug=nameless---kaleidoscope---3.5g-custom-brand-root-category-3.5-51457,desktop 1366x900 Chromium (Playwright),"0 non-AlpineIQ errors; 0 AlpineIQ rate-limit errors (429, induced by crawl volume) ignored",pass,,,,,,,,,,screenshots/pages/desktop_product_slug_nameless---kaleidoscope---3.5g-custom-brand-root-category-3.5-51457.png,,
C0499,crawl,www.thecurecompany.com,images_load,https://www.thecurecompany.com/product?slug=nameless---kaleidoscope---3.5g-custom-brand-root-category-3.5-51457,desktop 1366x900 Chromium (Playwright),"11 loaded, 0 broken, 4 lazy never loaded (not tested)",pass,,,,,,,,,,screenshots/pages/desktop_product_slug_nameless---kaleidoscope---3.5g-custom-brand-root-category-3.5-51457.png,,
C0500,crawl,www.thecurecompany.com,img_alt_text,https://www.thecurecompany.com/product?slug=nameless---kaleidoscope---3.5g-custom-brand-root-category-3.5-51457,desktop 1366x900 Chromium (Playwright),1/1 visible non-decorative images have alt,pass,,,,,,,,,,screenshots/pages/desktop_product_slug_nameless---kaleidoscope---3.5g-custom-brand-root-category-3.5-51457.png,,
C0501,crawl,www.thecurecompany.com,has_h1,https://www.thecurecompany.com/product?slug=nameless---kaleidoscope---3.5g-custom-brand-root-category-3.5-51457,desktop 1366x900 Chromium (Playwright),"H1 count 0; title ""Nameless - Kaleidoscope - 3.5g Custom Brand""",fail,Low,L-5,,,,,,,,screenshots/pages/desktop_product_slug_nameless---kaleidoscope---3.5g-custom-brand-root-category-3.5-51457.png,,
C0502,crawl,www.thecurecompany.com,product_renders,https://www.thecurecompany.com/product?slug=nameless---kaleidoscope---3.5g-custom-brand-root-category-3.5-51457,desktop 1366x900 Chromium (Playwright),product name and price rendered,pass,,,,,,,,,,screenshots/pages/desktop_product_slug_nameless---kaleidoscope---3.5g-custom-brand-root-category-3.5-51457.png,,
C0503,crawl,www.thecurecompany.com,product_category_label,https://www.thecurecompany.com/product?slug=nameless---kaleidoscope---3.5g-custom-brand-root-category-3.5-51457,desktop 1366x900 Chromium (Playwright),"shows placeholder category ""Root category""",fail,Medium,M-10,,,,,,,,screenshots/pages/desktop_product_slug_nameless---kaleidoscope---3.5g-custom-brand-root-category-3.5-51457.png,,
C0504,crawl,www.thecurecompany.com,http_status,https://www.thecurecompany.com/product?slug=og-kush-breath-claybourne-co.-flower-3.5-37222,desktop 1366x900 Chromium (Playwright),HTTP 200 (expected 200),pass,,,,,,,,,,screenshots/pages/desktop_product_slug_og-kush-breath-claybourne-co.-flower-3.5-37222.png,,
C0505,crawl,www.thecurecompany.com,load_time_under_3s,https://www.thecurecompany.com/product?slug=og-kush-breath-claybourne-co.-flower-3.5-37222,desktop 1366x900 Chromium (Playwright),navigation start to load event 3462 ms (single concurrent sample),fail,Medium,M-12,,,< 3000 ms,3462 ms,,,,screenshots/pages/desktop_product_slug_og-kush-breath-claybourne-co.-flower-3.5-37222.png,,
C0506,crawl,www.thecurecompany.com,mobile_overflow_390,https://www.thecurecompany.com/product?slug=og-kush-breath-claybourne-co.-flower-3.5-37222,mobile 390x844 Chromium (Playwright),scrollWidth 390 vs viewport 390,pass,,,,,,,,,,screenshots/pages/mobile_product_slug_og-kush-breath-claybourne-co.-flower-3.5-37222.png,,
C0507,crawl,www.thecurecompany.com,console_errors_excl_alpineiq,https://www.thecurecompany.com/product?slug=og-kush-breath-claybourne-co.-flower-3.5-37222,desktop 1366x900 Chromium (Playwright),"0 non-AlpineIQ errors; 4 AlpineIQ rate-limit errors (429, induced by crawl volume) ignored",pass,,,,,,,,,,screenshots/pages/desktop_product_slug_og-kush-breath-claybourne-co.-flower-3.5-37222.png,,
C0508,crawl,www.thecurecompany.com,images_load,https://www.thecurecompany.com/product?slug=og-kush-breath-claybourne-co.-flower-3.5-37222,desktop 1366x900 Chromium (Playwright),"18 loaded, 0 broken, 17 lazy never loaded (not tested)",pass,,,,,,,,,,screenshots/pages/desktop_product_slug_og-kush-breath-claybourne-co.-flower-3.5-37222.png,,
C0509,crawl,www.thecurecompany.com,img_alt_text,https://www.thecurecompany.com/product?slug=og-kush-breath-claybourne-co.-flower-3.5-37222,desktop 1366x900 Chromium (Playwright),21/21 visible non-decorative images have alt,pass,,,,,,,,,,screenshots/pages/desktop_product_slug_og-kush-breath-claybourne-co.-flower-3.5-37222.png,,
C0510,crawl,www.thecurecompany.com,has_h1,https://www.thecurecompany.com/product?slug=og-kush-breath-claybourne-co.-flower-3.5-37222,desktop 1366x900 Chromium (Playwright),"H1 count 0; title ""OG Kush Breath Claybourne Co.""",fail,Low,L-5,,,,,,,,screenshots/pages/desktop_product_slug_og-kush-breath-claybourne-co.-flower-3.5-37222.png,,
C0511,crawl,www.thecurecompany.com,product_renders,https://www.thecurecompany.com/product?slug=og-kush-breath-claybourne-co.-flower-3.5-37222,desktop 1366x900 Chromium (Playwright),product name and price rendered,pass,,,,,,,,,,screenshots/pages/desktop_product_slug_og-kush-breath-claybourne-co.-flower-3.5-37222.png,,
C0512,crawl,www.thecurecompany.com,product_category_label,https://www.thecurecompany.com/product?slug=og-kush-breath-claybourne-co.-flower-3.5-37222,desktop 1366x900 Chromium (Playwright),"category label is not the placeholder ""Root category""",pass,,,,,,,,,,screenshots/pages/desktop_product_slug_og-kush-breath-claybourne-co.-flower-3.5-37222.png,,
C0513,crawl,www.thecurecompany.com,http_status,https://www.thecurecompany.com/product?slug=papaya---smalls-the-cure-company-root-category-5-36971,desktop 1366x900 Chromium (Playwright),HTTP 200 (expected 200),pass,,,,,,,,,,screenshots/pages/desktop_product_slug_papaya---smalls-the-cure-company-root-category-5-36971.png,,
C0514,crawl,www.thecurecompany.com,load_time_under_3s,https://www.thecurecompany.com/product?slug=papaya---smalls-the-cure-company-root-category-5-36971,desktop 1366x900 Chromium (Playwright),navigation start to load event 3209 ms (single concurrent sample),fail,Medium,M-12,,,< 3000 ms,3209 ms,,,,screenshots/pages/desktop_product_slug_papaya---smalls-the-cure-company-root-category-5-36971.png,,
C0515,crawl,www.thecurecompany.com,mobile_overflow_390,https://www.thecurecompany.com/product?slug=papaya---smalls-the-cure-company-root-category-5-36971,mobile 390x844 Chromium (Playwright),scrollWidth 390 vs viewport 390,pass,,,,,,,,,,screenshots/pages/mobile_product_slug_papaya---smalls-the-cure-company-root-category-5-36971.png,,
C0516,crawl,www.thecurecompany.com,console_errors_excl_alpineiq,https://www.thecurecompany.com/product?slug=papaya---smalls-the-cure-company-root-category-5-36971,desktop 1366x900 Chromium (Playwright),"0 non-AlpineIQ errors; 3 AlpineIQ rate-limit errors (429, induced by crawl volume) ignored",pass,,,,,,,,,,screenshots/pages/desktop_product_slug_papaya---smalls-the-cure-company-root-category-5-36971.png,,
C0517,crawl,www.thecurecompany.com,images_load,https://www.thecurecompany.com/product?slug=papaya---smalls-the-cure-company-root-category-5-36971,desktop 1366x900 Chromium (Playwright),"18 loaded, 0 broken, 17 lazy never loaded (not tested)",pass,,,,,,,,,,screenshots/pages/desktop_product_slug_papaya---smalls-the-cure-company-root-category-5-36971.png,,
C0518,crawl,www.thecurecompany.com,img_alt_text,https://www.thecurecompany.com/product?slug=papaya---smalls-the-cure-company-root-category-5-36971,desktop 1366x900 Chromium (Playwright),21/21 visible non-decorative images have alt,pass,,,,,,,,,,screenshots/pages/desktop_product_slug_papaya---smalls-the-cure-company-root-category-5-36971.png,,
C0519,crawl,www.thecurecompany.com,has_h1,https://www.thecurecompany.com/product?slug=papaya---smalls-the-cure-company-root-category-5-36971,desktop 1366x900 Chromium (Playwright),"H1 count 0; title ""Papaya - Smalls The Cure Company""",fail,Low,L-5,,,,,,,,screenshots/pages/desktop_product_slug_papaya---smalls-the-cure-company-root-category-5-36971.png,,
C0520,crawl,www.thecurecompany.com,product_renders,https://www.thecurecompany.com/product?slug=papaya---smalls-the-cure-company-root-category-5-36971,desktop 1366x900 Chromium (Playwright),product name and price rendered,pass,,,,,,,,,,screenshots/pages/desktop_product_slug_papaya---smalls-the-cure-company-root-category-5-36971.png,,
C0521,crawl,www.thecurecompany.com,product_category_label,https://www.thecurecompany.com/product?slug=papaya---smalls-the-cure-company-root-category-5-36971,desktop 1366x900 Chromium (Playwright),"category label is not the placeholder ""Root category""",pass,,,,,,,,,,screenshots/pages/desktop_product_slug_papaya---smalls-the-cure-company-root-category-5-36971.png,,
C0522,crawl,www.thecurecompany.com,http_status,https://www.thecurecompany.com/product?slug=peach-100mg-thc-fruit-chews-smokiez-edibles-candy-60-37804,desktop 1366x900 Chromium (Playwright),HTTP 200 (expected 200),pass,,,,,,,,,,screenshots/pages/desktop_product_slug_peach-100mg-thc-fruit-chews-smokiez-edibles-candy-60-37804.png,,
C0523,crawl,www.thecurecompany.com,load_time_under_3s,https://www.thecurecompany.com/product?slug=peach-100mg-thc-fruit-chews-smokiez-edibles-candy-60-37804,desktop 1366x900 Chromium (Playwright),navigation start to load event 3777 ms (single concurrent sample),fail,Medium,M-12,,,< 3000 ms,3777 ms,,,,screenshots/pages/desktop_product_slug_peach-100mg-thc-fruit-chews-smokiez-edibles-candy-60-37804.png,,
C0524,crawl,www.thecurecompany.com,mobile_overflow_390,https://www.thecurecompany.com/product?slug=peach-100mg-thc-fruit-chews-smokiez-edibles-candy-60-37804,mobile 390x844 Chromium (Playwright),scrollWidth 390 vs viewport 390,pass,,,,,,,,,,screenshots/pages/mobile_product_slug_peach-100mg-thc-fruit-chews-smokiez-edibles-candy-60-37804.png,,
C0525,crawl,www.thecurecompany.com,console_errors_excl_alpineiq,https://www.thecurecompany.com/product?slug=peach-100mg-thc-fruit-chews-smokiez-edibles-candy-60-37804,desktop 1366x900 Chromium (Playwright),"0 non-AlpineIQ errors; 2 AlpineIQ rate-limit errors (429, induced by crawl volume) ignored",pass,,,,,,,,,,screenshots/pages/desktop_product_slug_peach-100mg-thc-fruit-chews-smokiez-edibles-candy-60-37804.png,,
C0526,crawl,www.thecurecompany.com,images_load,https://www.thecurecompany.com/product?slug=peach-100mg-thc-fruit-chews-smokiez-edibles-candy-60-37804,desktop 1366x900 Chromium (Playwright),"16 loaded, 0 broken, 4 lazy never loaded (not tested)",pass,,,,,,,,,,screenshots/pages/desktop_product_slug_peach-100mg-thc-fruit-chews-smokiez-edibles-candy-60-37804.png,,
C0527,crawl,www.thecurecompany.com,img_alt_text,https://www.thecurecompany.com/product?slug=peach-100mg-thc-fruit-chews-smokiez-edibles-candy-60-37804,desktop 1366x900 Chromium (Playwright),6/6 visible non-decorative images have alt,pass,,,,,,,,,,screenshots/pages/desktop_product_slug_peach-100mg-thc-fruit-chews-smokiez-edibles-candy-60-37804.png,,
C0528,crawl,www.thecurecompany.com,has_h1,https://www.thecurecompany.com/product?slug=peach-100mg-thc-fruit-chews-smokiez-edibles-candy-60-37804,desktop 1366x900 Chromium (Playwright),"H1 count 0; title ""Peach 100mg THC Fruit Chews Smokiez Edibles""",fail,Low,L-5,,,,,,,,screenshots/pages/desktop_product_slug_peach-100mg-thc-fruit-chews-smokiez-edibles-candy-60-37804.png,,
C0529,crawl,www.thecurecompany.com,product_renders,https://www.thecurecompany.com/product?slug=peach-100mg-thc-fruit-chews-smokiez-edibles-candy-60-37804,desktop 1366x900 Chromium (Playwright),product name and price rendered,pass,,,,,,,,,,screenshots/pages/desktop_product_slug_peach-100mg-thc-fruit-chews-smokiez-edibles-candy-60-37804.png,,
C0530,crawl,www.thecurecompany.com,product_category_label,https://www.thecurecompany.com/product?slug=peach-100mg-thc-fruit-chews-smokiez-edibles-candy-60-37804,desktop 1366x900 Chromium (Playwright),"category label is not the placeholder ""Root category""",pass,,,,,,,,,,screenshots/pages/desktop_product_slug_peach-100mg-thc-fruit-chews-smokiez-edibles-candy-60-37804.png,,
C0531,crawl,www.thecurecompany.com,http_status,https://www.thecurecompany.com/product?slug=pistil-whip:-motorbreath-x-banana-punch-1g-rosin-badder-custom-brand-other-1-32671,desktop 1366x900 Chromium (Playwright),HTTP 200 (expected 200),pass,,,,,,,,,,screenshots/pages/desktop_product_slug_pistil-whip_-motorbreath-x-banana-punch-1g-rosin-badder-custom-brand-other-1-.png,,
C0532,crawl,www.thecurecompany.com,load_time_under_3s,https://www.thecurecompany.com/product?slug=pistil-whip:-motorbreath-x-banana-punch-1g-rosin-badder-custom-brand-other-1-32671,desktop 1366x900 Chromium (Playwright),navigation start to load event 3256 ms (single concurrent sample),fail,Medium,M-12,,,< 3000 ms,3256 ms,,,,screenshots/pages/desktop_product_slug_pistil-whip_-motorbreath-x-banana-punch-1g-rosin-badder-custom-brand-other-1-.png,,
C0533,crawl,www.thecurecompany.com,mobile_overflow_390,https://www.thecurecompany.com/product?slug=pistil-whip:-motorbreath-x-banana-punch-1g-rosin-badder-custom-brand-other-1-32671,mobile 390x844 Chromium (Playwright),scrollWidth 390 vs viewport 390,pass,,,,,,,,,,screenshots/pages/mobile_product_slug_pistil-whip_-motorbreath-x-banana-punch-1g-rosin-badder-custom-brand-other-1-.png,,
C0534,crawl,www.thecurecompany.com,console_errors_excl_alpineiq,https://www.thecurecompany.com/product?slug=pistil-whip:-motorbreath-x-banana-punch-1g-rosin-badder-custom-brand-other-1-32671,desktop 1366x900 Chromium (Playwright),"0 non-AlpineIQ errors; 2 AlpineIQ rate-limit errors (429, induced by crawl volume) ignored",pass,,,,,,,,,,screenshots/pages/desktop_product_slug_pistil-whip_-motorbreath-x-banana-punch-1g-rosin-badder-custom-brand-other-1-.png,,
C0535,crawl,www.thecurecompany.com,images_load,https://www.thecurecompany.com/product?slug=pistil-whip:-motorbreath-x-banana-punch-1g-rosin-badder-custom-brand-other-1-32671,desktop 1366x900 Chromium (Playwright),"13 loaded, 0 broken, 4 lazy never loaded (not tested)",pass,,,,,,,,,,screenshots/pages/desktop_product_slug_pistil-whip_-motorbreath-x-banana-punch-1g-rosin-badder-custom-brand-other-1-.png,,
C0536,crawl,www.thecurecompany.com,img_alt_text,https://www.thecurecompany.com/product?slug=pistil-whip:-motorbreath-x-banana-punch-1g-rosin-badder-custom-brand-other-1-32671,desktop 1366x900 Chromium (Playwright),2/2 visible non-decorative images have alt,pass,,,,,,,,,,screenshots/pages/desktop_product_slug_pistil-whip_-motorbreath-x-banana-punch-1g-rosin-badder-custom-brand-other-1-.png,,
C0537,crawl,www.thecurecompany.com,has_h1,https://www.thecurecompany.com/product?slug=pistil-whip:-motorbreath-x-banana-punch-1g-rosin-badder-custom-brand-other-1-32671,desktop 1366x900 Chromium (Playwright),"H1 count 0; title ""Pistil Whip: Motorbreath x Banana Punch 1g Rosin Badder Custom Brand""",fail,Low,L-5,,,,,,,,screenshots/pages/desktop_product_slug_pistil-whip_-motorbreath-x-banana-punch-1g-rosin-badder-custom-brand-other-1-.png,,
C0538,crawl,www.thecurecompany.com,product_renders,https://www.thecurecompany.com/product?slug=pistil-whip:-motorbreath-x-banana-punch-1g-rosin-badder-custom-brand-other-1-32671,desktop 1366x900 Chromium (Playwright),product name and price rendered,pass,,,,,,,,,,screenshots/pages/desktop_product_slug_pistil-whip_-motorbreath-x-banana-punch-1g-rosin-badder-custom-brand-other-1-.png,,
C0539,crawl,www.thecurecompany.com,product_category_label,https://www.thecurecompany.com/product?slug=pistil-whip:-motorbreath-x-banana-punch-1g-rosin-badder-custom-brand-other-1-32671,desktop 1366x900 Chromium (Playwright),"category label is not the placeholder ""Root category""",pass,,,,,,,,,,screenshots/pages/desktop_product_slug_pistil-whip_-motorbreath-x-banana-punch-1g-rosin-badder-custom-brand-other-1-.png,,
C0540,crawl,www.thecurecompany.com,http_status,https://www.thecurecompany.com/product?slug=raw-garden---cart---green-crack---1g-custom-brand-vape-pens-1-50678,desktop 1366x900 Chromium (Playwright),HTTP 200 (expected 200),pass,,,,,,,,,,screenshots/pages/desktop_product_slug_raw-garden---cart---green-crack---1g-custom-brand-vape-pens-1-50678.png,,
C0541,crawl,www.thecurecompany.com,load_time_under_3s,https://www.thecurecompany.com/product?slug=raw-garden---cart---green-crack---1g-custom-brand-vape-pens-1-50678,desktop 1366x900 Chromium (Playwright),navigation start to load event 3087 ms (single concurrent sample),fail,Medium,M-12,,,< 3000 ms,3087 ms,,,,screenshots/pages/desktop_product_slug_raw-garden---cart---green-crack---1g-custom-brand-vape-pens-1-50678.png,,
C0542,crawl,www.thecurecompany.com,mobile_overflow_390,https://www.thecurecompany.com/product?slug=raw-garden---cart---green-crack---1g-custom-brand-vape-pens-1-50678,mobile 390x844 Chromium (Playwright),scrollWidth 390 vs viewport 390,pass,,,,,,,,,,screenshots/pages/mobile_product_slug_raw-garden---cart---green-crack---1g-custom-brand-vape-pens-1-50678.png,,
C0543,crawl,www.thecurecompany.com,console_errors_excl_alpineiq,https://www.thecurecompany.com/product?slug=raw-garden---cart---green-crack---1g-custom-brand-vape-pens-1-50678,desktop 1366x900 Chromium (Playwright),"0 non-AlpineIQ errors; 2 AlpineIQ rate-limit errors (429, induced by crawl volume) ignored",pass,,,,,,,,,,screenshots/pages/desktop_product_slug_raw-garden---cart---green-crack---1g-custom-brand-vape-pens-1-50678.png,,
C0544,crawl,www.thecurecompany.com,images_load,https://www.thecurecompany.com/product?slug=raw-garden---cart---green-crack---1g-custom-brand-vape-pens-1-50678,desktop 1366x900 Chromium (Playwright),"11 loaded, 0 broken, 4 lazy never loaded (not tested)",pass,,,,,,,,,,screenshots/pages/desktop_product_slug_raw-garden---cart---green-crack---1g-custom-brand-vape-pens-1-50678.png,,
C0545,crawl,www.thecurecompany.com,has_h1,https://www.thecurecompany.com/product?slug=raw-garden---cart---green-crack---1g-custom-brand-vape-pens-1-50678,desktop 1366x900 Chromium (Playwright),"H1 count 0; title ""Raw Garden - Cart - Green Crack - 1g Custom Brand""",fail,Low,L-5,,,,,,,,screenshots/pages/desktop_product_slug_raw-garden---cart---green-crack---1g-custom-brand-vape-pens-1-50678.png,,
C0546,crawl,www.thecurecompany.com,product_renders,https://www.thecurecompany.com/product?slug=raw-garden---cart---green-crack---1g-custom-brand-vape-pens-1-50678,desktop 1366x900 Chromium (Playwright),product name and price rendered,pass,,,,,,,,,,screenshots/pages/desktop_product_slug_raw-garden---cart---green-crack---1g-custom-brand-vape-pens-1-50678.png,,
C0547,crawl,www.thecurecompany.com,product_category_label,https://www.thecurecompany.com/product?slug=raw-garden---cart---green-crack---1g-custom-brand-vape-pens-1-50678,desktop 1366x900 Chromium (Playwright),"category label is not the placeholder ""Root category""",pass,,,,,,,,,,screenshots/pages/desktop_product_slug_raw-garden---cart---green-crack---1g-custom-brand-vape-pens-1-50678.png,,
C0548,crawl,www.thecurecompany.com,http_status,https://www.thecurecompany.com/product?slug=raw-garden™---colombian-cookies-refined-live-resin™-cartridge---1-g-raw-garden™-vape-pens-1-49766,desktop 1366x900 Chromium (Playwright),HTTP 200 (expected 200),pass,,,,,,,,,,screenshots/pages/desktop_product_slug_raw-garden_---colombian-cookies-refined-live-resin_-cartridge---1-g-raw-garde.png,,
C0549,crawl,www.thecurecompany.com,load_time_under_3s,https://www.thecurecompany.com/product?slug=raw-garden™---colombian-cookies-refined-live-resin™-cartridge---1-g-raw-garden™-vape-pens-1-49766,desktop 1366x900 Chromium (Playwright),navigation start to load event 2999 ms (single concurrent sample),pass,,,,,< 3000 ms,2999 ms,,,,screenshots/pages/desktop_product_slug_raw-garden_---colombian-cookies-refined-live-resin_-cartridge---1-g-raw-garde.png,,
C0550,crawl,www.thecurecompany.com,mobile_overflow_390,https://www.thecurecompany.com/product?slug=raw-garden™---colombian-cookies-refined-live-resin™-cartridge---1-g-raw-garden™-vape-pens-1-49766,mobile 390x844 Chromium (Playwright),scrollWidth 390 vs viewport 390,pass,,,,,,,,,,screenshots/pages/mobile_product_slug_raw-garden_---colombian-cookies-refined-live-resin_-cartridge---1-g-raw-garde.png,,
C0551,crawl,www.thecurecompany.com,console_errors_excl_alpineiq,https://www.thecurecompany.com/product?slug=raw-garden™---colombian-cookies-refined-live-resin™-cartridge---1-g-raw-garden™-vape-pens-1-49766,desktop 1366x900 Chromium (Playwright),"0 non-AlpineIQ errors; 2 AlpineIQ rate-limit errors (429, induced by crawl volume) ignored",pass,,,,,,,,,,screenshots/pages/desktop_product_slug_raw-garden_---colombian-cookies-refined-live-resin_-cartridge---1-g-raw-garde.png,,
C0552,crawl,www.thecurecompany.com,images_load,https://www.thecurecompany.com/product?slug=raw-garden™---colombian-cookies-refined-live-resin™-cartridge---1-g-raw-garden™-vape-pens-1-49766,desktop 1366x900 Chromium (Playwright),"11 loaded, 0 broken, 4 lazy never loaded (not tested)",pass,,,,,,,,,,screenshots/pages/desktop_product_slug_raw-garden_---colombian-cookies-refined-live-resin_-cartridge---1-g-raw-garde.png,,
C0553,crawl,www.thecurecompany.com,img_alt_text,https://www.thecurecompany.com/product?slug=raw-garden™---colombian-cookies-refined-live-resin™-cartridge---1-g-raw-garden™-vape-pens-1-49766,desktop 1366x900 Chromium (Playwright),1/1 visible non-decorative images have alt,pass,,,,,,,,,,screenshots/pages/desktop_product_slug_raw-garden_---colombian-cookies-refined-live-resin_-cartridge---1-g-raw-garde.png,,
C0554,crawl,www.thecurecompany.com,has_h1,https://www.thecurecompany.com/product?slug=raw-garden™---colombian-cookies-refined-live-resin™-cartridge---1-g-raw-garden™-vape-pens-1-49766,desktop 1366x900 Chromium (Playwright),"H1 count 0; title ""Raw Garden™ - Colombian Cookies Refined Live Resin™ Cartridge - 1 g Raw Garden™""",fail,Low,L-5,,,,,,,,screenshots/pages/desktop_product_slug_raw-garden_---colombian-cookies-refined-live-resin_-cartridge---1-g-raw-garde.png,,
C0555,crawl,www.thecurecompany.com,product_renders,https://www.thecurecompany.com/product?slug=raw-garden™---colombian-cookies-refined-live-resin™-cartridge---1-g-raw-garden™-vape-pens-1-49766,desktop 1366x900 Chromium (Playwright),product name and price rendered,pass,,,,,,,,,,screenshots/pages/desktop_product_slug_raw-garden_---colombian-cookies-refined-live-resin_-cartridge---1-g-raw-garde.png,,
C0556,crawl,www.thecurecompany.com,product_category_label,https://www.thecurecompany.com/product?slug=raw-garden™---colombian-cookies-refined-live-resin™-cartridge---1-g-raw-garden™-vape-pens-1-49766,desktop 1366x900 Chromium (Playwright),"category label is not the placeholder ""Root category""",pass,,,,,,,,,,screenshots/pages/desktop_product_slug_raw-garden_---colombian-cookies-refined-live-resin_-cartridge---1-g-raw-garde.png,,
C0557,crawl,www.thecurecompany.com,http_status,https://www.thecurecompany.com/product?slug=raw-garden™---sugar-bears-live-resin---1-g-raw-garden™-root-category-1-50113,desktop 1366x900 Chromium (Playwright),HTTP 200 (expected 200),pass,,,,,,,,,,screenshots/pages/desktop_product_slug_raw-garden_---sugar-bears-live-resin---1-g-raw-garden_-root-category-1-50113.png,,
C0558,crawl,www.thecurecompany.com,load_time_under_3s,https://www.thecurecompany.com/product?slug=raw-garden™---sugar-bears-live-resin---1-g-raw-garden™-root-category-1-50113,desktop 1366x900 Chromium (Playwright),navigation start to load event 3151 ms (single concurrent sample),fail,Medium,M-12,,,< 3000 ms,3151 ms,,,,screenshots/pages/desktop_product_slug_raw-garden_---sugar-bears-live-resin---1-g-raw-garden_-root-category-1-50113.png,,
C0559,crawl,www.thecurecompany.com,mobile_overflow_390,https://www.thecurecompany.com/product?slug=raw-garden™---sugar-bears-live-resin---1-g-raw-garden™-root-category-1-50113,mobile 390x844 Chromium (Playwright),scrollWidth 390 vs viewport 390,pass,,,,,,,,,,screenshots/pages/mobile_product_slug_raw-garden_---sugar-bears-live-resin---1-g-raw-garden_-root-category-1-50113.png,,
C0560,crawl,www.thecurecompany.com,console_errors_excl_alpineiq,https://www.thecurecompany.com/product?slug=raw-garden™---sugar-bears-live-resin---1-g-raw-garden™-root-category-1-50113,desktop 1366x900 Chromium (Playwright),"0 non-AlpineIQ errors; 2 AlpineIQ rate-limit errors (429, induced by crawl volume) ignored",pass,,,,,,,,,,screenshots/pages/desktop_product_slug_raw-garden_---sugar-bears-live-resin---1-g-raw-garden_-root-category-1-50113.png,,
C0561,crawl,www.thecurecompany.com,images_load,https://www.thecurecompany.com/product?slug=raw-garden™---sugar-bears-live-resin---1-g-raw-garden™-root-category-1-50113,desktop 1366x900 Chromium (Playwright),"11 loaded, 0 broken, 4 lazy never loaded (not tested)",pass,,,,,,,,,,screenshots/pages/desktop_product_slug_raw-garden_---sugar-bears-live-resin---1-g-raw-garden_-root-category-1-50113.png,,
C0562,crawl,www.thecurecompany.com,img_alt_text,https://www.thecurecompany.com/product?slug=raw-garden™---sugar-bears-live-resin---1-g-raw-garden™-root-category-1-50113,desktop 1366x900 Chromium (Playwright),1/1 visible non-decorative images have alt,pass,,,,,,,,,,screenshots/pages/desktop_product_slug_raw-garden_---sugar-bears-live-resin---1-g-raw-garden_-root-category-1-50113.png,,
C0563,crawl,www.thecurecompany.com,has_h1,https://www.thecurecompany.com/product?slug=raw-garden™---sugar-bears-live-resin---1-g-raw-garden™-root-category-1-50113,desktop 1366x900 Chromium (Playwright),"H1 count 0; title ""Raw Garden™ - Sugar Bears Live Resin - 1 g Raw Garden™""",fail,Low,L-5,,,,,,,,screenshots/pages/desktop_product_slug_raw-garden_---sugar-bears-live-resin---1-g-raw-garden_-root-category-1-50113.png,,
C0564,crawl,www.thecurecompany.com,product_renders,https://www.thecurecompany.com/product?slug=raw-garden™---sugar-bears-live-resin---1-g-raw-garden™-root-category-1-50113,desktop 1366x900 Chromium (Playwright),product name and price rendered,pass,,,,,,,,,,screenshots/pages/desktop_product_slug_raw-garden_---sugar-bears-live-resin---1-g-raw-garden_-root-category-1-50113.png,,
C0565,crawl,www.thecurecompany.com,product_category_label,https://www.thecurecompany.com/product?slug=raw-garden™---sugar-bears-live-resin---1-g-raw-garden™-root-category-1-50113,desktop 1366x900 Chromium (Playwright),"shows placeholder category ""Root category""",fail,Medium,M-10,,,,,,,,screenshots/pages/desktop_product_slug_raw-garden_---sugar-bears-live-resin---1-g-raw-garden_-root-category-1-50113.png,,
C0566,crawl,www.thecurecompany.com,http_status,https://www.thecurecompany.com/product?slug=raw-rolling-paper-1-1-4-pack-(classic-organic-hemp-black).-custom-brand-accessories-32325,desktop 1366x900 Chromium (Playwright),HTTP 200 (expected 200),pass,,,,,,,,,,screenshots/pages/desktop_product_slug_raw-rolling-paper-1-1-4-pack-_classic-organic-hemp-black_.-custom-brand-acces.png,,
C0567,crawl,www.thecurecompany.com,load_time_under_3s,https://www.thecurecompany.com/product?slug=raw-rolling-paper-1-1-4-pack-(classic-organic-hemp-black).-custom-brand-accessories-32325,desktop 1366x900 Chromium (Playwright),navigation start to load event 4850 ms (single concurrent sample),fail,Medium,M-12,,,< 3000 ms,4850 ms,,,,screenshots/pages/desktop_product_slug_raw-rolling-paper-1-1-4-pack-_classic-organic-hemp-black_.-custom-brand-acces.png,,
C0568,crawl,www.thecurecompany.com,mobile_overflow_390,https://www.thecurecompany.com/product?slug=raw-rolling-paper-1-1-4-pack-(classic-organic-hemp-black).-custom-brand-accessories-32325,mobile 390x844 Chromium (Playwright),scrollWidth 390 vs viewport 390,pass,,,,,,,,,,screenshots/pages/mobile_product_slug_raw-rolling-paper-1-1-4-pack-_classic-organic-hemp-black_.-custom-brand-acces.png,,
C0569,crawl,www.thecurecompany.com,console_errors_excl_alpineiq,https://www.thecurecompany.com/product?slug=raw-rolling-paper-1-1-4-pack-(classic-organic-hemp-black).-custom-brand-accessories-32325,desktop 1366x900 Chromium (Playwright),"0 non-AlpineIQ errors; 2 AlpineIQ rate-limit errors (429, induced by crawl volume) ignored",pass,,,,,,,,,,screenshots/pages/desktop_product_slug_raw-rolling-paper-1-1-4-pack-_classic-organic-hemp-black_.-custom-brand-acces.png,,
C0570,crawl,www.thecurecompany.com,images_load,https://www.thecurecompany.com/product?slug=raw-rolling-paper-1-1-4-pack-(classic-organic-hemp-black).-custom-brand-accessories-32325,desktop 1366x900 Chromium (Playwright),"11 loaded, 0 broken, 4 lazy never loaded (not tested)",pass,,,,,,,,,,screenshots/pages/desktop_product_slug_raw-rolling-paper-1-1-4-pack-_classic-organic-hemp-black_.-custom-brand-acces.png,,
C0571,crawl,www.thecurecompany.com,has_h1,https://www.thecurecompany.com/product?slug=raw-rolling-paper-1-1-4-pack-(classic-organic-hemp-black).-custom-brand-accessories-32325,desktop 1366x900 Chromium (Playwright),"H1 count 0; title ""Raw Rolling Paper 1 1/4 Pack (Classic/Organic Hemp/Black). Custom Brand""",fail,Low,L-5,,,,,,,,screenshots/pages/desktop_product_slug_raw-rolling-paper-1-1-4-pack-_classic-organic-hemp-black_.-custom-brand-acces.png,,
C0572,crawl,www.thecurecompany.com,product_renders,https://www.thecurecompany.com/product?slug=raw-rolling-paper-1-1-4-pack-(classic-organic-hemp-black).-custom-brand-accessories-32325,desktop 1366x900 Chromium (Playwright),product name and price rendered,pass,,,,,,,,,,screenshots/pages/desktop_product_slug_raw-rolling-paper-1-1-4-pack-_classic-organic-hemp-black_.-custom-brand-acces.png,,
C0573,crawl,www.thecurecompany.com,product_category_label,https://www.thecurecompany.com/product?slug=raw-rolling-paper-1-1-4-pack-(classic-organic-hemp-black).-custom-brand-accessories-32325,desktop 1366x900 Chromium (Playwright),"category label is not the placeholder ""Root category""",pass,,,,,,,,,,screenshots/pages/desktop_product_slug_raw-rolling-paper-1-1-4-pack-_classic-organic-hemp-black_.-custom-brand-acces.png,,
C0574,crawl,www.thecurecompany.com,http_status,https://www.thecurecompany.com/product?slug=raw:-1-1-4-classic-papers-custom-brand-root-category-35208,desktop 1366x900 Chromium (Playwright),HTTP 200 (expected 200),pass,,,,,,,,,,screenshots/pages/desktop_product_slug_raw_-1-1-4-classic-papers-custom-brand-root-category-35208.png,,
C0575,crawl,www.thecurecompany.com,load_time_under_3s,https://www.thecurecompany.com/product?slug=raw:-1-1-4-classic-papers-custom-brand-root-category-35208,desktop 1366x900 Chromium (Playwright),navigation start to load event 3308 ms (single concurrent sample),fail,Medium,M-12,,,< 3000 ms,3308 ms,,,,screenshots/pages/desktop_product_slug_raw_-1-1-4-classic-papers-custom-brand-root-category-35208.png,,
C0576,crawl,www.thecurecompany.com,mobile_overflow_390,https://www.thecurecompany.com/product?slug=raw:-1-1-4-classic-papers-custom-brand-root-category-35208,mobile 390x844 Chromium (Playwright),scrollWidth 390 vs viewport 390,pass,,,,,,,,,,screenshots/pages/mobile_product_slug_raw_-1-1-4-classic-papers-custom-brand-root-category-35208.png,,
C0577,crawl,www.thecurecompany.com,console_errors_excl_alpineiq,https://www.thecurecompany.com/product?slug=raw:-1-1-4-classic-papers-custom-brand-root-category-35208,desktop 1366x900 Chromium (Playwright),"0 non-AlpineIQ errors; 2 AlpineIQ rate-limit errors (429, induced by crawl volume) ignored",pass,,,,,,,,,,screenshots/pages/desktop_product_slug_raw_-1-1-4-classic-papers-custom-brand-root-category-35208.png,,
C0578,crawl,www.thecurecompany.com,images_load,https://www.thecurecompany.com/product?slug=raw:-1-1-4-classic-papers-custom-brand-root-category-35208,desktop 1366x900 Chromium (Playwright),"11 loaded, 0 broken, 4 lazy never loaded (not tested)",pass,,,,,,,,,,screenshots/pages/desktop_product_slug_raw_-1-1-4-classic-papers-custom-brand-root-category-35208.png,,
C0579,crawl,www.thecurecompany.com,has_h1,https://www.thecurecompany.com/product?slug=raw:-1-1-4-classic-papers-custom-brand-root-category-35208,desktop 1366x900 Chromium (Playwright),"H1 count 0; title ""Raw: 1 1/4 Classic Papers Custom Brand""",fail,Low,L-5,,,,,,,,screenshots/pages/desktop_product_slug_raw_-1-1-4-classic-papers-custom-brand-root-category-35208.png,,
C0580,crawl,www.thecurecompany.com,product_renders,https://www.thecurecompany.com/product?slug=raw:-1-1-4-classic-papers-custom-brand-root-category-35208,desktop 1366x900 Chromium (Playwright),product name and price rendered,pass,,,,,,,,,,screenshots/pages/desktop_product_slug_raw_-1-1-4-classic-papers-custom-brand-root-category-35208.png,,
C0581,crawl,www.thecurecompany.com,product_category_label,https://www.thecurecompany.com/product?slug=raw:-1-1-4-classic-papers-custom-brand-root-category-35208,desktop 1366x900 Chromium (Playwright),"category label is not the placeholder ""Root category""",pass,,,,,,,,,,screenshots/pages/desktop_product_slug_raw_-1-1-4-classic-papers-custom-brand-root-category-35208.png,,
C0582,crawl,www.thecurecompany.com,http_status,https://www.thecurecompany.com/product?slug=slid3-classic---grape-ape-x-northern-lights-eureka-vape-pens-3-32947,desktop 1366x900 Chromium (Playwright),HTTP 200 (expected 200),pass,,,,,,,,,,screenshots/pages/desktop_product_slug_slid3-classic---grape-ape-x-northern-lights-eureka-vape-pens-3-32947.png,,
C0583,crawl,www.thecurecompany.com,load_time_under_3s,https://www.thecurecompany.com/product?slug=slid3-classic---grape-ape-x-northern-lights-eureka-vape-pens-3-32947,desktop 1366x900 Chromium (Playwright),navigation start to load event 3058 ms (single concurrent sample),fail,Medium,M-12,,,< 3000 ms,3058 ms,,,,screenshots/pages/desktop_product_slug_slid3-classic---grape-ape-x-northern-lights-eureka-vape-pens-3-32947.png,,
C0584,crawl,www.thecurecompany.com,mobile_overflow_390,https://www.thecurecompany.com/product?slug=slid3-classic---grape-ape-x-northern-lights-eureka-vape-pens-3-32947,mobile 390x844 Chromium (Playwright),scrollWidth 390 vs viewport 390,pass,,,,,,,,,,screenshots/pages/mobile_product_slug_slid3-classic---grape-ape-x-northern-lights-eureka-vape-pens-3-32947.png,,
C0585,crawl,www.thecurecompany.com,console_errors_excl_alpineiq,https://www.thecurecompany.com/product?slug=slid3-classic---grape-ape-x-northern-lights-eureka-vape-pens-3-32947,desktop 1366x900 Chromium (Playwright),"0 non-AlpineIQ errors; 2 AlpineIQ rate-limit errors (429, induced by crawl volume) ignored",pass,,,,,,,,,,screenshots/pages/desktop_product_slug_slid3-classic---grape-ape-x-northern-lights-eureka-vape-pens-3-32947.png,,
C0586,crawl,www.thecurecompany.com,images_load,https://www.thecurecompany.com/product?slug=slid3-classic---grape-ape-x-northern-lights-eureka-vape-pens-3-32947,desktop 1366x900 Chromium (Playwright),"18 loaded, 0 broken, 17 lazy never loaded (not tested)",pass,,,,,,,,,,screenshots/pages/desktop_product_slug_slid3-classic---grape-ape-x-northern-lights-eureka-vape-pens-3-32947.png,,
C0587,crawl,www.thecurecompany.com,img_alt_text,https://www.thecurecompany.com/product?slug=slid3-classic---grape-ape-x-northern-lights-eureka-vape-pens-3-32947,desktop 1366x900 Chromium (Playwright),20/20 visible non-decorative images have alt,pass,,,,,,,,,,screenshots/pages/desktop_product_slug_slid3-classic---grape-ape-x-northern-lights-eureka-vape-pens-3-32947.png,,
C0588,crawl,www.thecurecompany.com,has_h1,https://www.thecurecompany.com/product?slug=slid3-classic---grape-ape-x-northern-lights-eureka-vape-pens-3-32947,desktop 1366x900 Chromium (Playwright),"H1 count 0; title ""Eureka - Slid3 Classic - Grape Ape X Northern Lights - 3 g Eureka""",fail,Low,L-5,,,,,,,,screenshots/pages/desktop_product_slug_slid3-classic---grape-ape-x-northern-lights-eureka-vape-pens-3-32947.png,,
C0589,crawl,www.thecurecompany.com,product_renders,https://www.thecurecompany.com/product?slug=slid3-classic---grape-ape-x-northern-lights-eureka-vape-pens-3-32947,desktop 1366x900 Chromium (Playwright),product name and price rendered,pass,,,,,,,,,,screenshots/pages/desktop_product_slug_slid3-classic---grape-ape-x-northern-lights-eureka-vape-pens-3-32947.png,,
C0590,crawl,www.thecurecompany.com,product_category_label,https://www.thecurecompany.com/product?slug=slid3-classic---grape-ape-x-northern-lights-eureka-vape-pens-3-32947,desktop 1366x900 Chromium (Playwright),"category label is not the placeholder ""Root category""",pass,,,,,,,,,,screenshots/pages/desktop_product_slug_slid3-classic---grape-ape-x-northern-lights-eureka-vape-pens-3-32947.png,,
C0591,crawl,www.thecurecompany.com,http_status,https://www.thecurecompany.com/product?slug=stiiizy---infused-preroll-5pk---pink-acai---2.5g-custom-brand-pre-rolls-2.5-39440,desktop 1366x900 Chromium (Playwright),HTTP 200 (expected 200),pass,,,,,,,,,,screenshots/pages/desktop_product_slug_stiiizy---infused-preroll-5pk---pink-acai---2.5g-custom-brand-pre-rolls-2.5-3.png,,
C0592,crawl,www.thecurecompany.com,load_time_under_3s,https://www.thecurecompany.com/product?slug=stiiizy---infused-preroll-5pk---pink-acai---2.5g-custom-brand-pre-rolls-2.5-39440,desktop 1366x900 Chromium (Playwright),navigation start to load event 3213 ms (single concurrent sample),fail,Medium,M-12,,,< 3000 ms,3213 ms,,,,screenshots/pages/desktop_product_slug_stiiizy---infused-preroll-5pk---pink-acai---2.5g-custom-brand-pre-rolls-2.5-3.png,,
C0593,crawl,www.thecurecompany.com,mobile_overflow_390,https://www.thecurecompany.com/product?slug=stiiizy---infused-preroll-5pk---pink-acai---2.5g-custom-brand-pre-rolls-2.5-39440,mobile 390x844 Chromium (Playwright),scrollWidth 390 vs viewport 390,pass,,,,,,,,,,screenshots/pages/mobile_product_slug_stiiizy---infused-preroll-5pk---pink-acai---2.5g-custom-brand-pre-rolls-2.5-3.png,,
C0594,crawl,www.thecurecompany.com,console_errors_excl_alpineiq,https://www.thecurecompany.com/product?slug=stiiizy---infused-preroll-5pk---pink-acai---2.5g-custom-brand-pre-rolls-2.5-39440,desktop 1366x900 Chromium (Playwright),"0 non-AlpineIQ errors; 0 AlpineIQ rate-limit errors (429, induced by crawl volume) ignored",pass,,,,,,,,,,screenshots/pages/desktop_product_slug_stiiizy---infused-preroll-5pk---pink-acai---2.5g-custom-brand-pre-rolls-2.5-3.png,,
C0595,crawl,www.thecurecompany.com,images_load,https://www.thecurecompany.com/product?slug=stiiizy---infused-preroll-5pk---pink-acai---2.5g-custom-brand-pre-rolls-2.5-39440,desktop 1366x900 Chromium (Playwright),"18 loaded, 0 broken, 17 lazy never loaded (not tested)",pass,,,,,,,,,,screenshots/pages/desktop_product_slug_stiiizy---infused-preroll-5pk---pink-acai---2.5g-custom-brand-pre-rolls-2.5-3.png,,
C0596,crawl,www.thecurecompany.com,img_alt_text,https://www.thecurecompany.com/product?slug=stiiizy---infused-preroll-5pk---pink-acai---2.5g-custom-brand-pre-rolls-2.5-39440,desktop 1366x900 Chromium (Playwright),20/20 visible non-decorative images have alt,pass,,,,,,,,,,screenshots/pages/desktop_product_slug_stiiizy---infused-preroll-5pk---pink-acai---2.5g-custom-brand-pre-rolls-2.5-3.png,,
C0597,crawl,www.thecurecompany.com,has_h1,https://www.thecurecompany.com/product?slug=stiiizy---infused-preroll-5pk---pink-acai---2.5g-custom-brand-pre-rolls-2.5-39440,desktop 1366x900 Chromium (Playwright),"H1 count 0; title ""Stiiizy - Infused Preroll 5pk - Pink Acai - 2.5g Custom Brand""",fail,Low,L-5,,,,,,,,screenshots/pages/desktop_product_slug_stiiizy---infused-preroll-5pk---pink-acai---2.5g-custom-brand-pre-rolls-2.5-3.png,,
C0598,crawl,www.thecurecompany.com,product_renders,https://www.thecurecompany.com/product?slug=stiiizy---infused-preroll-5pk---pink-acai---2.5g-custom-brand-pre-rolls-2.5-39440,desktop 1366x900 Chromium (Playwright),product name and price rendered,pass,,,,,,,,,,screenshots/pages/desktop_product_slug_stiiizy---infused-preroll-5pk---pink-acai---2.5g-custom-brand-pre-rolls-2.5-3.png,,
C0599,crawl,www.thecurecompany.com,product_category_label,https://www.thecurecompany.com/product?slug=stiiizy---infused-preroll-5pk---pink-acai---2.5g-custom-brand-pre-rolls-2.5-39440,desktop 1366x900 Chromium (Playwright),"category label is not the placeholder ""Root category""",pass,,,,,,,,,,screenshots/pages/desktop_product_slug_stiiizy---infused-preroll-5pk---pink-acai---2.5g-custom-brand-pre-rolls-2.5-3.png,,
C0600,crawl,www.thecurecompany.com,http_status,https://www.thecurecompany.com/product?slug=strawberry-delights-gummies-liquid-diamond-infused-delights-gummies-candy-50-34841,desktop 1366x900 Chromium (Playwright),HTTP 200 (expected 200),pass,,,,,,,,,,screenshots/pages/desktop_product_slug_strawberry-delights-gummies-liquid-diamond-infused-delights-gummies-candy-50-.png,,
C0601,crawl,www.thecurecompany.com,load_time_under_3s,https://www.thecurecompany.com/product?slug=strawberry-delights-gummies-liquid-diamond-infused-delights-gummies-candy-50-34841,desktop 1366x900 Chromium (Playwright),navigation start to load event 3476 ms (single concurrent sample),fail,Medium,M-12,,,< 3000 ms,3476 ms,,,,screenshots/pages/desktop_product_slug_strawberry-delights-gummies-liquid-diamond-infused-delights-gummies-candy-50-.png,,
C0602,crawl,www.thecurecompany.com,mobile_overflow_390,https://www.thecurecompany.com/product?slug=strawberry-delights-gummies-liquid-diamond-infused-delights-gummies-candy-50-34841,mobile 390x844 Chromium (Playwright),scrollWidth 390 vs viewport 390,pass,,,,,,,,,,screenshots/pages/mobile_product_slug_strawberry-delights-gummies-liquid-diamond-infused-delights-gummies-candy-50-.png,,
C0603,crawl,www.thecurecompany.com,console_errors_excl_alpineiq,https://www.thecurecompany.com/product?slug=strawberry-delights-gummies-liquid-diamond-infused-delights-gummies-candy-50-34841,desktop 1366x900 Chromium (Playwright),"0 non-AlpineIQ errors; 2 AlpineIQ rate-limit errors (429, induced by crawl volume) ignored",pass,,,,,,,,,,screenshots/pages/desktop_product_slug_strawberry-delights-gummies-liquid-diamond-infused-delights-gummies-candy-50-.png,,
C0604,crawl,www.thecurecompany.com,images_load,https://www.thecurecompany.com/product?slug=strawberry-delights-gummies-liquid-diamond-infused-delights-gummies-candy-50-34841,desktop 1366x900 Chromium (Playwright),"16 loaded, 0 broken, 4 lazy never loaded (not tested)",pass,,,,,,,,,,screenshots/pages/desktop_product_slug_strawberry-delights-gummies-liquid-diamond-infused-delights-gummies-candy-50-.png,,
C0605,crawl,www.thecurecompany.com,img_alt_text,https://www.thecurecompany.com/product?slug=strawberry-delights-gummies-liquid-diamond-infused-delights-gummies-candy-50-34841,desktop 1366x900 Chromium (Playwright),6/6 visible non-decorative images have alt,pass,,,,,,,,,,screenshots/pages/desktop_product_slug_strawberry-delights-gummies-liquid-diamond-infused-delights-gummies-candy-50-.png,,
C0606,crawl,www.thecurecompany.com,has_h1,https://www.thecurecompany.com/product?slug=strawberry-delights-gummies-liquid-diamond-infused-delights-gummies-candy-50-34841,desktop 1366x900 Chromium (Playwright),"H1 count 0; title ""Strawberry Delights Gummies Liquid Diamond Infused Delights Gummies""",fail,Low,L-5,,,,,,,,screenshots/pages/desktop_product_slug_strawberry-delights-gummies-liquid-diamond-infused-delights-gummies-candy-50-.png,,
C0607,crawl,www.thecurecompany.com,product_renders,https://www.thecurecompany.com/product?slug=strawberry-delights-gummies-liquid-diamond-infused-delights-gummies-candy-50-34841,desktop 1366x900 Chromium (Playwright),product name and price rendered,pass,,,,,,,,,,screenshots/pages/desktop_product_slug_strawberry-delights-gummies-liquid-diamond-infused-delights-gummies-candy-50-.png,,
C0608,crawl,www.thecurecompany.com,product_category_label,https://www.thecurecompany.com/product?slug=strawberry-delights-gummies-liquid-diamond-infused-delights-gummies-candy-50-34841,desktop 1366x900 Chromium (Playwright),"category label is not the placeholder ""Root category""",pass,,,,,,,,,,screenshots/pages/desktop_product_slug_strawberry-delights-gummies-liquid-diamond-infused-delights-gummies-candy-50-.png,,
C0609,crawl,www.thecurecompany.com,http_status,https://www.thecurecompany.com/product?slug=tags---blackberry-punch---100mg-custom-brand-root-category-40-37511,desktop 1366x900 Chromium (Playwright),HTTP 200 (expected 200),pass,,,,,,,,,,screenshots/pages/desktop_product_slug_tags---blackberry-punch---100mg-custom-brand-root-category-40-37511.png,,
C0610,crawl,www.thecurecompany.com,load_time_under_3s,https://www.thecurecompany.com/product?slug=tags---blackberry-punch---100mg-custom-brand-root-category-40-37511,desktop 1366x900 Chromium (Playwright),navigation start to load event 2995 ms (single concurrent sample),pass,,,,,< 3000 ms,2995 ms,,,,screenshots/pages/desktop_product_slug_tags---blackberry-punch---100mg-custom-brand-root-category-40-37511.png,,
C0611,crawl,www.thecurecompany.com,mobile_overflow_390,https://www.thecurecompany.com/product?slug=tags---blackberry-punch---100mg-custom-brand-root-category-40-37511,mobile 390x844 Chromium (Playwright),scrollWidth 390 vs viewport 390,pass,,,,,,,,,,screenshots/pages/mobile_product_slug_tags---blackberry-punch---100mg-custom-brand-root-category-40-37511.png,,
C0612,crawl,www.thecurecompany.com,console_errors_excl_alpineiq,https://www.thecurecompany.com/product?slug=tags---blackberry-punch---100mg-custom-brand-root-category-40-37511,desktop 1366x900 Chromium (Playwright),"0 non-AlpineIQ errors; 2 AlpineIQ rate-limit errors (429, induced by crawl volume) ignored",pass,,,,,,,,,,screenshots/pages/desktop_product_slug_tags---blackberry-punch---100mg-custom-brand-root-category-40-37511.png,,
C0613,crawl,www.thecurecompany.com,images_load,https://www.thecurecompany.com/product?slug=tags---blackberry-punch---100mg-custom-brand-root-category-40-37511,desktop 1366x900 Chromium (Playwright),"16 loaded, 0 broken, 4 lazy never loaded (not tested)",pass,,,,,,,,,,screenshots/pages/desktop_product_slug_tags---blackberry-punch---100mg-custom-brand-root-category-40-37511.png,,
C0614,crawl,www.thecurecompany.com,img_alt_text,https://www.thecurecompany.com/product?slug=tags---blackberry-punch---100mg-custom-brand-root-category-40-37511,desktop 1366x900 Chromium (Playwright),6/6 visible non-decorative images have alt,pass,,,,,,,,,,screenshots/pages/desktop_product_slug_tags---blackberry-punch---100mg-custom-brand-root-category-40-37511.png,,
C0615,crawl,www.thecurecompany.com,has_h1,https://www.thecurecompany.com/product?slug=tags---blackberry-punch---100mg-custom-brand-root-category-40-37511,desktop 1366x900 Chromium (Playwright),"H1 count 0; title ""Tags - Blackberry Punch - 100mg Custom Brand""",fail,Low,L-5,,,,,,,,screenshots/pages/desktop_product_slug_tags---blackberry-punch---100mg-custom-brand-root-category-40-37511.png,,
C0616,crawl,www.thecurecompany.com,product_renders,https://www.thecurecompany.com/product?slug=tags---blackberry-punch---100mg-custom-brand-root-category-40-37511,desktop 1366x900 Chromium (Playwright),product name and price rendered,pass,,,,,,,,,,screenshots/pages/desktop_product_slug_tags---blackberry-punch---100mg-custom-brand-root-category-40-37511.png,,
C0617,crawl,www.thecurecompany.com,product_category_label,https://www.thecurecompany.com/product?slug=tags---blackberry-punch---100mg-custom-brand-root-category-40-37511,desktop 1366x900 Chromium (Playwright),"category label is not the placeholder ""Root category""",pass,,,,,,,,,,screenshots/pages/desktop_product_slug_tags---blackberry-punch---100mg-custom-brand-root-category-40-37511.png,,
C0618,crawl,www.thecurecompany.com,http_status,https://www.thecurecompany.com/product?slug=tgr-infused-prerolls---pineapple-jack-14pk-7g-custom-brand-pre-rolls-7-50479,desktop 1366x900 Chromium (Playwright),HTTP 200 (expected 200),pass,,,,,,,,,,screenshots/pages/desktop_product_slug_tgr-infused-prerolls---pineapple-jack-14pk-7g-custom-brand-pre-rolls-7-50479.png,,
C0619,crawl,www.thecurecompany.com,load_time_under_3s,https://www.thecurecompany.com/product?slug=tgr-infused-prerolls---pineapple-jack-14pk-7g-custom-brand-pre-rolls-7-50479,desktop 1366x900 Chromium (Playwright),navigation start to load event 3360 ms (single concurrent sample),fail,Medium,M-12,,,< 3000 ms,3360 ms,,,,screenshots/pages/desktop_product_slug_tgr-infused-prerolls---pineapple-jack-14pk-7g-custom-brand-pre-rolls-7-50479.png,,
C0620,crawl,www.thecurecompany.com,mobile_overflow_390,https://www.thecurecompany.com/product?slug=tgr-infused-prerolls---pineapple-jack-14pk-7g-custom-brand-pre-rolls-7-50479,mobile 390x844 Chromium (Playwright),scrollWidth 390 vs viewport 390,pass,,,,,,,,,,screenshots/pages/mobile_product_slug_tgr-infused-prerolls---pineapple-jack-14pk-7g-custom-brand-pre-rolls-7-50479.png,,
C0621,crawl,www.thecurecompany.com,console_errors_excl_alpineiq,https://www.thecurecompany.com/product?slug=tgr-infused-prerolls---pineapple-jack-14pk-7g-custom-brand-pre-rolls-7-50479,desktop 1366x900 Chromium (Playwright),"0 non-AlpineIQ errors; 2 AlpineIQ rate-limit errors (429, induced by crawl volume) ignored",pass,,,,,,,,,,screenshots/pages/desktop_product_slug_tgr-infused-prerolls---pineapple-jack-14pk-7g-custom-brand-pre-rolls-7-50479.png,,
C0622,crawl,www.thecurecompany.com,images_load,https://www.thecurecompany.com/product?slug=tgr-infused-prerolls---pineapple-jack-14pk-7g-custom-brand-pre-rolls-7-50479,desktop 1366x900 Chromium (Playwright),"18 loaded, 0 broken, 17 lazy never loaded (not tested)",pass,,,,,,,,,,screenshots/pages/desktop_product_slug_tgr-infused-prerolls---pineapple-jack-14pk-7g-custom-brand-pre-rolls-7-50479.png,,
C0623,crawl,www.thecurecompany.com,img_alt_text,https://www.thecurecompany.com/product?slug=tgr-infused-prerolls---pineapple-jack-14pk-7g-custom-brand-pre-rolls-7-50479,desktop 1366x900 Chromium (Playwright),20/20 visible non-decorative images have alt,pass,,,,,,,,,,screenshots/pages/desktop_product_slug_tgr-infused-prerolls---pineapple-jack-14pk-7g-custom-brand-pre-rolls-7-50479.png,,
C0624,crawl,www.thecurecompany.com,has_h1,https://www.thecurecompany.com/product?slug=tgr-infused-prerolls---pineapple-jack-14pk-7g-custom-brand-pre-rolls-7-50479,desktop 1366x900 Chromium (Playwright),"H1 count 0; title ""TGR Infused Prerolls - Pineapple Jack 14pk 7g Custom Brand""",fail,Low,L-5,,,,,,,,screenshots/pages/desktop_product_slug_tgr-infused-prerolls---pineapple-jack-14pk-7g-custom-brand-pre-rolls-7-50479.png,,
C0625,crawl,www.thecurecompany.com,product_renders,https://www.thecurecompany.com/product?slug=tgr-infused-prerolls---pineapple-jack-14pk-7g-custom-brand-pre-rolls-7-50479,desktop 1366x900 Chromium (Playwright),product name and price rendered,pass,,,,,,,,,,screenshots/pages/desktop_product_slug_tgr-infused-prerolls---pineapple-jack-14pk-7g-custom-brand-pre-rolls-7-50479.png,,
C0626,crawl,www.thecurecompany.com,product_category_label,https://www.thecurecompany.com/product?slug=tgr-infused-prerolls---pineapple-jack-14pk-7g-custom-brand-pre-rolls-7-50479,desktop 1366x900 Chromium (Playwright),"category label is not the placeholder ""Root category""",pass,,,,,,,,,,screenshots/pages/desktop_product_slug_tgr-infused-prerolls---pineapple-jack-14pk-7g-custom-brand-pre-rolls-7-50479.png,,
C0627,crawl,www.thecurecompany.com,http_status,https://www.thecurecompany.com/product?slug=the-cure-co.-curelato-runtz-14g-(big-nugs)-custom-brand-root-category-14-39003,desktop 1366x900 Chromium (Playwright),HTTP 200 (expected 200),pass,,,,,,,,,,screenshots/pages/desktop_product_slug_the-cure-co.-curelato-runtz-14g-_big-nugs_-custom-brand-root-category-14-3900.png,,
C0628,crawl,www.thecurecompany.com,load_time_under_3s,https://www.thecurecompany.com/product?slug=the-cure-co.-curelato-runtz-14g-(big-nugs)-custom-brand-root-category-14-39003,desktop 1366x900 Chromium (Playwright),navigation start to load event 3125 ms (single concurrent sample),fail,Medium,M-12,,,< 3000 ms,3125 ms,,,,screenshots/pages/desktop_product_slug_the-cure-co.-curelato-runtz-14g-_big-nugs_-custom-brand-root-category-14-3900.png,,
C0629,crawl,www.thecurecompany.com,mobile_overflow_390,https://www.thecurecompany.com/product?slug=the-cure-co.-curelato-runtz-14g-(big-nugs)-custom-brand-root-category-14-39003,mobile 390x844 Chromium (Playwright),scrollWidth 390 vs viewport 390,pass,,,,,,,,,,screenshots/pages/mobile_product_slug_the-cure-co.-curelato-runtz-14g-_big-nugs_-custom-brand-root-category-14-3900.png,,
C0630,crawl,www.thecurecompany.com,console_errors_excl_alpineiq,https://www.thecurecompany.com/product?slug=the-cure-co.-curelato-runtz-14g-(big-nugs)-custom-brand-root-category-14-39003,desktop 1366x900 Chromium (Playwright),"0 non-AlpineIQ errors; 4 AlpineIQ rate-limit errors (429, induced by crawl volume) ignored",pass,,,,,,,,,,screenshots/pages/desktop_product_slug_the-cure-co.-curelato-runtz-14g-_big-nugs_-custom-brand-root-category-14-3900.png,,
C0631,crawl,www.thecurecompany.com,images_load,https://www.thecurecompany.com/product?slug=the-cure-co.-curelato-runtz-14g-(big-nugs)-custom-brand-root-category-14-39003,desktop 1366x900 Chromium (Playwright),"18 loaded, 0 broken, 17 lazy never loaded (not tested)",pass,,,,,,,,,,screenshots/pages/desktop_product_slug_the-cure-co.-curelato-runtz-14g-_big-nugs_-custom-brand-root-category-14-3900.png,,
C0632,crawl,www.thecurecompany.com,img_alt_text,https://www.thecurecompany.com/product?slug=the-cure-co.-curelato-runtz-14g-(big-nugs)-custom-brand-root-category-14-39003,desktop 1366x900 Chromium (Playwright),20/20 visible non-decorative images have alt,pass,,,,,,,,,,screenshots/pages/desktop_product_slug_the-cure-co.-curelato-runtz-14g-_big-nugs_-custom-brand-root-category-14-3900.png,,
C0633,crawl,www.thecurecompany.com,has_h1,https://www.thecurecompany.com/product?slug=the-cure-co.-curelato-runtz-14g-(big-nugs)-custom-brand-root-category-14-39003,desktop 1366x900 Chromium (Playwright),"H1 count 0; title ""The Cure Co. Curelato Runtz 14g (Big Nugs) Custom Brand""",fail,Low,L-5,,,,,,,,screenshots/pages/desktop_product_slug_the-cure-co.-curelato-runtz-14g-_big-nugs_-custom-brand-root-category-14-3900.png,,
C0634,crawl,www.thecurecompany.com,product_renders,https://www.thecurecompany.com/product?slug=the-cure-co.-curelato-runtz-14g-(big-nugs)-custom-brand-root-category-14-39003,desktop 1366x900 Chromium (Playwright),product name and price rendered,pass,,,,,,,,,,screenshots/pages/desktop_product_slug_the-cure-co.-curelato-runtz-14g-_big-nugs_-custom-brand-root-category-14-3900.png,,
C0635,crawl,www.thecurecompany.com,product_category_label,https://www.thecurecompany.com/product?slug=the-cure-co.-curelato-runtz-14g-(big-nugs)-custom-brand-root-category-14-39003,desktop 1366x900 Chromium (Playwright),"category label is not the placeholder ""Root category""",pass,,,,,,,,,,screenshots/pages/desktop_product_slug_the-cure-co.-curelato-runtz-14g-_big-nugs_-custom-brand-root-category-14-3900.png,,
C0636,crawl,www.thecurecompany.com,http_status,https://www.thecurecompany.com/product?slug=the-cure-company---badder---sunny-c---1g-custom-brand-root-category-1-39260,desktop 1366x900 Chromium (Playwright),HTTP 200 (expected 200),pass,,,,,,,,,,screenshots/pages/desktop_product_slug_the-cure-company---badder---sunny-c---1g-custom-brand-root-category-1-39260.png,,
C0637,crawl,www.thecurecompany.com,load_time_under_3s,https://www.thecurecompany.com/product?slug=the-cure-company---badder---sunny-c---1g-custom-brand-root-category-1-39260,desktop 1366x900 Chromium (Playwright),navigation start to load event 3247 ms (single concurrent sample),fail,Medium,M-12,,,< 3000 ms,3247 ms,,,,screenshots/pages/desktop_product_slug_the-cure-company---badder---sunny-c---1g-custom-brand-root-category-1-39260.png,,
C0638,crawl,www.thecurecompany.com,mobile_overflow_390,https://www.thecurecompany.com/product?slug=the-cure-company---badder---sunny-c---1g-custom-brand-root-category-1-39260,mobile 390x844 Chromium (Playwright),scrollWidth 390 vs viewport 390,pass,,,,,,,,,,screenshots/pages/mobile_product_slug_the-cure-company---badder---sunny-c---1g-custom-brand-root-category-1-39260.png,,
C0639,crawl,www.thecurecompany.com,console_errors_excl_alpineiq,https://www.thecurecompany.com/product?slug=the-cure-company---badder---sunny-c---1g-custom-brand-root-category-1-39260,desktop 1366x900 Chromium (Playwright),"0 non-AlpineIQ errors; 2 AlpineIQ rate-limit errors (429, induced by crawl volume) ignored",pass,,,,,,,,,,screenshots/pages/desktop_product_slug_the-cure-company---badder---sunny-c---1g-custom-brand-root-category-1-39260.png,,
C0640,crawl,www.thecurecompany.com,images_load,https://www.thecurecompany.com/product?slug=the-cure-company---badder---sunny-c---1g-custom-brand-root-category-1-39260,desktop 1366x900 Chromium (Playwright),"13 loaded, 0 broken, 4 lazy never loaded (not tested)",pass,,,,,,,,,,screenshots/pages/desktop_product_slug_the-cure-company---badder---sunny-c---1g-custom-brand-root-category-1-39260.png,,
C0641,crawl,www.thecurecompany.com,img_alt_text,https://www.thecurecompany.com/product?slug=the-cure-company---badder---sunny-c---1g-custom-brand-root-category-1-39260,desktop 1366x900 Chromium (Playwright),2/2 visible non-decorative images have alt,pass,,,,,,,,,,screenshots/pages/desktop_product_slug_the-cure-company---badder---sunny-c---1g-custom-brand-root-category-1-39260.png,,
C0642,crawl,www.thecurecompany.com,has_h1,https://www.thecurecompany.com/product?slug=the-cure-company---badder---sunny-c---1g-custom-brand-root-category-1-39260,desktop 1366x900 Chromium (Playwright),"H1 count 0; title ""The Cure Company - Badder - Sunny C - 1g Custom Brand""",fail,Low,L-5,,,,,,,,screenshots/pages/desktop_product_slug_the-cure-company---badder---sunny-c---1g-custom-brand-root-category-1-39260.png,,
C0643,crawl,www.thecurecompany.com,product_renders,https://www.thecurecompany.com/product?slug=the-cure-company---badder---sunny-c---1g-custom-brand-root-category-1-39260,desktop 1366x900 Chromium (Playwright),product name and price rendered,pass,,,,,,,,,,screenshots/pages/desktop_product_slug_the-cure-company---badder---sunny-c---1g-custom-brand-root-category-1-39260.png,,
C0644,crawl,www.thecurecompany.com,product_category_label,https://www.thecurecompany.com/product?slug=the-cure-company---badder---sunny-c---1g-custom-brand-root-category-1-39260,desktop 1366x900 Chromium (Playwright),"category label is not the placeholder ""Root category""",pass,,,,,,,,,,screenshots/pages/desktop_product_slug_the-cure-company---badder---sunny-c---1g-custom-brand-root-category-1-39260.png,,
C0645,crawl,www.thecurecompany.com,http_status,https://www.thecurecompany.com/product?slug=the-cure-company---real-og---smalls-3.5g-custom-brand-root-category-3.5-49762,desktop 1366x900 Chromium (Playwright),HTTP 200 (expected 200),pass,,,,,,,,,,screenshots/pages/desktop_product_slug_the-cure-company---real-og---smalls-3.5g-custom-brand-root-category-3.5-49762.png,,
C0646,crawl,www.thecurecompany.com,load_time_under_3s,https://www.thecurecompany.com/product?slug=the-cure-company---real-og---smalls-3.5g-custom-brand-root-category-3.5-49762,desktop 1366x900 Chromium (Playwright),navigation start to load event 3144 ms (single concurrent sample),fail,Medium,M-12,,,< 3000 ms,3144 ms,,,,screenshots/pages/desktop_product_slug_the-cure-company---real-og---smalls-3.5g-custom-brand-root-category-3.5-49762.png,,
C0647,crawl,www.thecurecompany.com,mobile_overflow_390,https://www.thecurecompany.com/product?slug=the-cure-company---real-og---smalls-3.5g-custom-brand-root-category-3.5-49762,mobile 390x844 Chromium (Playwright),scrollWidth 390 vs viewport 390,pass,,,,,,,,,,screenshots/pages/mobile_product_slug_the-cure-company---real-og---smalls-3.5g-custom-brand-root-category-3.5-49762.png,,
C0648,crawl,www.thecurecompany.com,console_errors_excl_alpineiq,https://www.thecurecompany.com/product?slug=the-cure-company---real-og---smalls-3.5g-custom-brand-root-category-3.5-49762,desktop 1366x900 Chromium (Playwright),"0 non-AlpineIQ errors; 1 AlpineIQ rate-limit errors (429, induced by crawl volume) ignored",pass,,,,,,,,,,screenshots/pages/desktop_product_slug_the-cure-company---real-og---smalls-3.5g-custom-brand-root-category-3.5-49762.png,,
C0649,crawl,www.thecurecompany.com,images_load,https://www.thecurecompany.com/product?slug=the-cure-company---real-og---smalls-3.5g-custom-brand-root-category-3.5-49762,desktop 1366x900 Chromium (Playwright),"11 loaded, 0 broken, 4 lazy never loaded (not tested)",pass,,,,,,,,,,screenshots/pages/desktop_product_slug_the-cure-company---real-og---smalls-3.5g-custom-brand-root-category-3.5-49762.png,,
C0650,crawl,www.thecurecompany.com,has_h1,https://www.thecurecompany.com/product?slug=the-cure-company---real-og---smalls-3.5g-custom-brand-root-category-3.5-49762,desktop 1366x900 Chromium (Playwright),"H1 count 0; title ""The Cure Company - Real OG - Smalls 3.5g Custom Brand""",fail,Low,L-5,,,,,,,,screenshots/pages/desktop_product_slug_the-cure-company---real-og---smalls-3.5g-custom-brand-root-category-3.5-49762.png,,
C0651,crawl,www.thecurecompany.com,product_renders,https://www.thecurecompany.com/product?slug=the-cure-company---real-og---smalls-3.5g-custom-brand-root-category-3.5-49762,desktop 1366x900 Chromium (Playwright),product name and price rendered,pass,,,,,,,,,,screenshots/pages/desktop_product_slug_the-cure-company---real-og---smalls-3.5g-custom-brand-root-category-3.5-49762.png,,
C0652,crawl,www.thecurecompany.com,product_category_label,https://www.thecurecompany.com/product?slug=the-cure-company---real-og---smalls-3.5g-custom-brand-root-category-3.5-49762,desktop 1366x900 Chromium (Playwright),"shows placeholder category ""Root category""",fail,Medium,M-10,,,,,,,,screenshots/pages/desktop_product_slug_the-cure-company---real-og---smalls-3.5g-custom-brand-root-category-3.5-49762.png,,
C0653,crawl,www.thecurecompany.com,http_status,https://www.thecurecompany.com/product?slug=top-shelf-cultivation---preroll---whoa-si-whoa---1g-custom-brand-flower-1-50617,desktop 1366x900 Chromium (Playwright),HTTP 200 (expected 200),pass,,,,,,,,,,screenshots/pages/desktop_product_slug_top-shelf-cultivation---preroll---whoa-si-whoa---1g-custom-brand-flower-1-506.png,,
C0654,crawl,www.thecurecompany.com,load_time_under_3s,https://www.thecurecompany.com/product?slug=top-shelf-cultivation---preroll---whoa-si-whoa---1g-custom-brand-flower-1-50617,desktop 1366x900 Chromium (Playwright),navigation start to load event 3302 ms (single concurrent sample),fail,Medium,M-12,,,< 3000 ms,3302 ms,,,,screenshots/pages/desktop_product_slug_top-shelf-cultivation---preroll---whoa-si-whoa---1g-custom-brand-flower-1-506.png,,
C0655,crawl,www.thecurecompany.com,mobile_overflow_390,https://www.thecurecompany.com/product?slug=top-shelf-cultivation---preroll---whoa-si-whoa---1g-custom-brand-flower-1-50617,mobile 390x844 Chromium (Playwright),scrollWidth 390 vs viewport 390,pass,,,,,,,,,,screenshots/pages/mobile_product_slug_top-shelf-cultivation---preroll---whoa-si-whoa---1g-custom-brand-flower-1-506.png,,
C0656,crawl,www.thecurecompany.com,console_errors_excl_alpineiq,https://www.thecurecompany.com/product?slug=top-shelf-cultivation---preroll---whoa-si-whoa---1g-custom-brand-flower-1-50617,desktop 1366x900 Chromium (Playwright),"0 non-AlpineIQ errors; 0 AlpineIQ rate-limit errors (429, induced by crawl volume) ignored",pass,,,,,,,,,,screenshots/pages/desktop_product_slug_top-shelf-cultivation---preroll---whoa-si-whoa---1g-custom-brand-flower-1-506.png,,
C0657,crawl,www.thecurecompany.com,images_load,https://www.thecurecompany.com/product?slug=top-shelf-cultivation---preroll---whoa-si-whoa---1g-custom-brand-flower-1-50617,desktop 1366x900 Chromium (Playwright),"18 loaded, 0 broken, 17 lazy never loaded (not tested)",pass,,,,,,,,,,screenshots/pages/desktop_product_slug_top-shelf-cultivation---preroll---whoa-si-whoa---1g-custom-brand-flower-1-506.png,,
C0658,crawl,www.thecurecompany.com,img_alt_text,https://www.thecurecompany.com/product?slug=top-shelf-cultivation---preroll---whoa-si-whoa---1g-custom-brand-flower-1-50617,desktop 1366x900 Chromium (Playwright),20/20 visible non-decorative images have alt,pass,,,,,,,,,,screenshots/pages/desktop_product_slug_top-shelf-cultivation---preroll---whoa-si-whoa---1g-custom-brand-flower-1-506.png,,
C0659,crawl,www.thecurecompany.com,has_h1,https://www.thecurecompany.com/product?slug=top-shelf-cultivation---preroll---whoa-si-whoa---1g-custom-brand-flower-1-50617,desktop 1366x900 Chromium (Playwright),"H1 count 0; title ""Top Shelf Cultivation - PreRoll - Whoa Si Whoa - 1g Custom Brand""",fail,Low,L-5,,,,,,,,screenshots/pages/desktop_product_slug_top-shelf-cultivation---preroll---whoa-si-whoa---1g-custom-brand-flower-1-506.png,,
C0660,crawl,www.thecurecompany.com,product_renders,https://www.thecurecompany.com/product?slug=top-shelf-cultivation---preroll---whoa-si-whoa---1g-custom-brand-flower-1-50617,desktop 1366x900 Chromium (Playwright),product name and price rendered,pass,,,,,,,,,,screenshots/pages/desktop_product_slug_top-shelf-cultivation---preroll---whoa-si-whoa---1g-custom-brand-flower-1-506.png,,
C0661,crawl,www.thecurecompany.com,product_category_label,https://www.thecurecompany.com/product?slug=top-shelf-cultivation---preroll---whoa-si-whoa---1g-custom-brand-flower-1-50617,desktop 1366x900 Chromium (Playwright),"category label is not the placeholder ""Root category""",pass,,,,,,,,,,screenshots/pages/desktop_product_slug_top-shelf-cultivation---preroll---whoa-si-whoa---1g-custom-brand-flower-1-506.png,,
C0662,crawl,www.thecurecompany.com,http_status,https://www.thecurecompany.com/product?slug=watermelon-zkittlez---1.2g-jefferey-infused-joint-west-coast-cure-pre-rolls-1.2-36373,desktop 1366x900 Chromium (Playwright),HTTP 200 (expected 200),pass,,,,,,,,,,screenshots/pages/desktop_product_slug_watermelon-zkittlez---1.2g-jefferey-infused-joint-west-coast-cure-pre-rolls-1.png,,
C0663,crawl,www.thecurecompany.com,load_time_under_3s,https://www.thecurecompany.com/product?slug=watermelon-zkittlez---1.2g-jefferey-infused-joint-west-coast-cure-pre-rolls-1.2-36373,desktop 1366x900 Chromium (Playwright),navigation start to load event 3218 ms (single concurrent sample),fail,Medium,M-12,,,< 3000 ms,3218 ms,,,,screenshots/pages/desktop_product_slug_watermelon-zkittlez---1.2g-jefferey-infused-joint-west-coast-cure-pre-rolls-1.png,,
C0664,crawl,www.thecurecompany.com,mobile_overflow_390,https://www.thecurecompany.com/product?slug=watermelon-zkittlez---1.2g-jefferey-infused-joint-west-coast-cure-pre-rolls-1.2-36373,mobile 390x844 Chromium (Playwright),scrollWidth 390 vs viewport 390,pass,,,,,,,,,,screenshots/pages/mobile_product_slug_watermelon-zkittlez---1.2g-jefferey-infused-joint-west-coast-cure-pre-rolls-1.png,,
C0665,crawl,www.thecurecompany.com,console_errors_excl_alpineiq,https://www.thecurecompany.com/product?slug=watermelon-zkittlez---1.2g-jefferey-infused-joint-west-coast-cure-pre-rolls-1.2-36373,desktop 1366x900 Chromium (Playwright),"0 non-AlpineIQ errors; 0 AlpineIQ rate-limit errors (429, induced by crawl volume) ignored",pass,,,,,,,,,,screenshots/pages/desktop_product_slug_watermelon-zkittlez---1.2g-jefferey-infused-joint-west-coast-cure-pre-rolls-1.png,,
C0666,crawl,www.thecurecompany.com,images_load,https://www.thecurecompany.com/product?slug=watermelon-zkittlez---1.2g-jefferey-infused-joint-west-coast-cure-pre-rolls-1.2-36373,desktop 1366x900 Chromium (Playwright),"18 loaded, 0 broken, 17 lazy never loaded (not tested)",pass,,,,,,,,,,screenshots/pages/desktop_product_slug_watermelon-zkittlez---1.2g-jefferey-infused-joint-west-coast-cure-pre-rolls-1.png,,
C0667,crawl,www.thecurecompany.com,img_alt_text,https://www.thecurecompany.com/product?slug=watermelon-zkittlez---1.2g-jefferey-infused-joint-west-coast-cure-pre-rolls-1.2-36373,desktop 1366x900 Chromium (Playwright),21/21 visible non-decorative images have alt,pass,,,,,,,,,,screenshots/pages/desktop_product_slug_watermelon-zkittlez---1.2g-jefferey-infused-joint-west-coast-cure-pre-rolls-1.png,,
C0668,crawl,www.thecurecompany.com,has_h1,https://www.thecurecompany.com/product?slug=watermelon-zkittlez---1.2g-jefferey-infused-joint-west-coast-cure-pre-rolls-1.2-36373,desktop 1366x900 Chromium (Playwright),"H1 count 0; title ""Watermelon Zkittlez - 1.2G Jefferey Infused Joint West Coast Cure""",fail,Low,L-5,,,,,,,,screenshots/pages/desktop_product_slug_watermelon-zkittlez---1.2g-jefferey-infused-joint-west-coast-cure-pre-rolls-1.png,,
C0669,crawl,www.thecurecompany.com,product_renders,https://www.thecurecompany.com/product?slug=watermelon-zkittlez---1.2g-jefferey-infused-joint-west-coast-cure-pre-rolls-1.2-36373,desktop 1366x900 Chromium (Playwright),product name and price rendered,pass,,,,,,,,,,screenshots/pages/desktop_product_slug_watermelon-zkittlez---1.2g-jefferey-infused-joint-west-coast-cure-pre-rolls-1.png,,
C0670,crawl,www.thecurecompany.com,product_category_label,https://www.thecurecompany.com/product?slug=watermelon-zkittlez---1.2g-jefferey-infused-joint-west-coast-cure-pre-rolls-1.2-36373,desktop 1366x900 Chromium (Playwright),"category label is not the placeholder ""Root category""",pass,,,,,,,,,,screenshots/pages/desktop_product_slug_watermelon-zkittlez---1.2g-jefferey-infused-joint-west-coast-cure-pre-rolls-1.png,,
C0671,crawl,www.thecurecompany.com,http_status,https://www.thecurecompany.com/product?slug=wedding-cake-x-blackberry-kush-kingroll-pre-rolls-1.3-32859,desktop 1366x900 Chromium (Playwright),HTTP 200 (expected 200),pass,,,,,,,,,,screenshots/pages/desktop_product_slug_wedding-cake-x-blackberry-kush-kingroll-pre-rolls-1.3-32859.png,,
C0672,crawl,www.thecurecompany.com,load_time_under_3s,https://www.thecurecompany.com/product?slug=wedding-cake-x-blackberry-kush-kingroll-pre-rolls-1.3-32859,desktop 1366x900 Chromium (Playwright),navigation start to load event 3212 ms (single concurrent sample),fail,Medium,M-12,,,< 3000 ms,3212 ms,,,,screenshots/pages/desktop_product_slug_wedding-cake-x-blackberry-kush-kingroll-pre-rolls-1.3-32859.png,,
C0673,crawl,www.thecurecompany.com,mobile_overflow_390,https://www.thecurecompany.com/product?slug=wedding-cake-x-blackberry-kush-kingroll-pre-rolls-1.3-32859,mobile 390x844 Chromium (Playwright),scrollWidth 390 vs viewport 390,pass,,,,,,,,,,screenshots/pages/mobile_product_slug_wedding-cake-x-blackberry-kush-kingroll-pre-rolls-1.3-32859.png,,
C0674,crawl,www.thecurecompany.com,console_errors_excl_alpineiq,https://www.thecurecompany.com/product?slug=wedding-cake-x-blackberry-kush-kingroll-pre-rolls-1.3-32859,desktop 1366x900 Chromium (Playwright),"0 non-AlpineIQ errors; 2 AlpineIQ rate-limit errors (429, induced by crawl volume) ignored",pass,,,,,,,,,,screenshots/pages/desktop_product_slug_wedding-cake-x-blackberry-kush-kingroll-pre-rolls-1.3-32859.png,,
C0675,crawl,www.thecurecompany.com,images_load,https://www.thecurecompany.com/product?slug=wedding-cake-x-blackberry-kush-kingroll-pre-rolls-1.3-32859,desktop 1366x900 Chromium (Playwright),"18 loaded, 0 broken, 17 lazy never loaded (not tested)",pass,,,,,,,,,,screenshots/pages/desktop_product_slug_wedding-cake-x-blackberry-kush-kingroll-pre-rolls-1.3-32859.png,,
C0676,crawl,www.thecurecompany.com,img_alt_text,https://www.thecurecompany.com/product?slug=wedding-cake-x-blackberry-kush-kingroll-pre-rolls-1.3-32859,desktop 1366x900 Chromium (Playwright),21/21 visible non-decorative images have alt,pass,,,,,,,,,,screenshots/pages/desktop_product_slug_wedding-cake-x-blackberry-kush-kingroll-pre-rolls-1.3-32859.png,,
C0677,crawl,www.thecurecompany.com,has_h1,https://www.thecurecompany.com/product?slug=wedding-cake-x-blackberry-kush-kingroll-pre-rolls-1.3-32859,desktop 1366x900 Chromium (Playwright),"H1 count 0; title ""Wedding Cake x Blackberry Kush Kingroll""",fail,Low,L-5,,,,,,,,screenshots/pages/desktop_product_slug_wedding-cake-x-blackberry-kush-kingroll-pre-rolls-1.3-32859.png,,
C0678,crawl,www.thecurecompany.com,product_renders,https://www.thecurecompany.com/product?slug=wedding-cake-x-blackberry-kush-kingroll-pre-rolls-1.3-32859,desktop 1366x900 Chromium (Playwright),product name and price rendered,pass,,,,,,,,,,screenshots/pages/desktop_product_slug_wedding-cake-x-blackberry-kush-kingroll-pre-rolls-1.3-32859.png,,
C0679,crawl,www.thecurecompany.com,product_category_label,https://www.thecurecompany.com/product?slug=wedding-cake-x-blackberry-kush-kingroll-pre-rolls-1.3-32859,desktop 1366x900 Chromium (Playwright),"category label is not the placeholder ""Root category""",pass,,,,,,,,,,screenshots/pages/desktop_product_slug_wedding-cake-x-blackberry-kush-kingroll-pre-rolls-1.3-32859.png,,
C0680,crawl,www.thecurecompany.com,http_status,https://www.thecurecompany.com/product?slug=west-coast-cure---grape-biscotti---live-resin-badder-1g-custom-brand-root-category-1-38060,desktop 1366x900 Chromium (Playwright),HTTP 200 (expected 200),pass,,,,,,,,,,screenshots/pages/desktop_product_slug_west-coast-cure---grape-biscotti---live-resin-badder-1g-custom-brand-root-cat.png,,
C0681,crawl,www.thecurecompany.com,load_time_under_3s,https://www.thecurecompany.com/product?slug=west-coast-cure---grape-biscotti---live-resin-badder-1g-custom-brand-root-category-1-38060,desktop 1366x900 Chromium (Playwright),navigation start to load event 3305 ms (single concurrent sample),fail,Medium,M-12,,,< 3000 ms,3305 ms,,,,screenshots/pages/desktop_product_slug_west-coast-cure---grape-biscotti---live-resin-badder-1g-custom-brand-root-cat.png,,
C0682,crawl,www.thecurecompany.com,mobile_overflow_390,https://www.thecurecompany.com/product?slug=west-coast-cure---grape-biscotti---live-resin-badder-1g-custom-brand-root-category-1-38060,mobile 390x844 Chromium (Playwright),scrollWidth 390 vs viewport 390,pass,,,,,,,,,,screenshots/pages/mobile_product_slug_west-coast-cure---grape-biscotti---live-resin-badder-1g-custom-brand-root-cat.png,,
C0683,crawl,www.thecurecompany.com,console_errors_excl_alpineiq,https://www.thecurecompany.com/product?slug=west-coast-cure---grape-biscotti---live-resin-badder-1g-custom-brand-root-category-1-38060,desktop 1366x900 Chromium (Playwright),"0 non-AlpineIQ errors; 2 AlpineIQ rate-limit errors (429, induced by crawl volume) ignored",pass,,,,,,,,,,screenshots/pages/desktop_product_slug_west-coast-cure---grape-biscotti---live-resin-badder-1g-custom-brand-root-cat.png,,
C0684,crawl,www.thecurecompany.com,images_load,https://www.thecurecompany.com/product?slug=west-coast-cure---grape-biscotti---live-resin-badder-1g-custom-brand-root-category-1-38060,desktop 1366x900 Chromium (Playwright),"13 loaded, 0 broken, 4 lazy never loaded (not tested)",pass,,,,,,,,,,screenshots/pages/desktop_product_slug_west-coast-cure---grape-biscotti---live-resin-badder-1g-custom-brand-root-cat.png,,
C0685,crawl,www.thecurecompany.com,img_alt_text,https://www.thecurecompany.com/product?slug=west-coast-cure---grape-biscotti---live-resin-badder-1g-custom-brand-root-category-1-38060,desktop 1366x900 Chromium (Playwright),2/2 visible non-decorative images have alt,pass,,,,,,,,,,screenshots/pages/desktop_product_slug_west-coast-cure---grape-biscotti---live-resin-badder-1g-custom-brand-root-cat.png,,
C0686,crawl,www.thecurecompany.com,has_h1,https://www.thecurecompany.com/product?slug=west-coast-cure---grape-biscotti---live-resin-badder-1g-custom-brand-root-category-1-38060,desktop 1366x900 Chromium (Playwright),"H1 count 0; title ""West Coast Cure - Grape Biscotti - Live Resin Badder 1g Custom Brand""",fail,Low,L-5,,,,,,,,screenshots/pages/desktop_product_slug_west-coast-cure---grape-biscotti---live-resin-badder-1g-custom-brand-root-cat.png,,
C0687,crawl,www.thecurecompany.com,product_renders,https://www.thecurecompany.com/product?slug=west-coast-cure---grape-biscotti---live-resin-badder-1g-custom-brand-root-category-1-38060,desktop 1366x900 Chromium (Playwright),product name and price rendered,pass,,,,,,,,,,screenshots/pages/desktop_product_slug_west-coast-cure---grape-biscotti---live-resin-badder-1g-custom-brand-root-cat.png,,
C0688,crawl,www.thecurecompany.com,product_category_label,https://www.thecurecompany.com/product?slug=west-coast-cure---grape-biscotti---live-resin-badder-1g-custom-brand-root-category-1-38060,desktop 1366x900 Chromium (Playwright),"category label is not the placeholder ""Root category""",pass,,,,,,,,,,screenshots/pages/desktop_product_slug_west-coast-cure---grape-biscotti---live-resin-badder-1g-custom-brand-root-cat.png,,
C0689,crawl,www.thecurecompany.com,http_status,https://www.thecurecompany.com/product?slug=west-coast-cure---honey-bananas---live-resin-badder---1-g-west-coast-cure-root-category-1-50887,desktop 1366x900 Chromium (Playwright),HTTP 200 (expected 200),pass,,,,,,,,,,screenshots/pages/desktop_product_slug_west-coast-cure---honey-bananas---live-resin-badder---1-g-west-coast-cure-roo.png,,
C0690,crawl,www.thecurecompany.com,load_time_under_3s,https://www.thecurecompany.com/product?slug=west-coast-cure---honey-bananas---live-resin-badder---1-g-west-coast-cure-root-category-1-50887,desktop 1366x900 Chromium (Playwright),navigation start to load event 3550 ms (single concurrent sample),fail,Medium,M-12,,,< 3000 ms,3550 ms,,,,screenshots/pages/desktop_product_slug_west-coast-cure---honey-bananas---live-resin-badder---1-g-west-coast-cure-roo.png,,
C0691,crawl,www.thecurecompany.com,mobile_overflow_390,https://www.thecurecompany.com/product?slug=west-coast-cure---honey-bananas---live-resin-badder---1-g-west-coast-cure-root-category-1-50887,mobile 390x844 Chromium (Playwright),scrollWidth 390 vs viewport 390,pass,,,,,,,,,,screenshots/pages/mobile_product_slug_west-coast-cure---honey-bananas---live-resin-badder---1-g-west-coast-cure-roo.png,,
C0692,crawl,www.thecurecompany.com,console_errors_excl_alpineiq,https://www.thecurecompany.com/product?slug=west-coast-cure---honey-bananas---live-resin-badder---1-g-west-coast-cure-root-category-1-50887,desktop 1366x900 Chromium (Playwright),"0 non-AlpineIQ errors; 2 AlpineIQ rate-limit errors (429, induced by crawl volume) ignored",pass,,,,,,,,,,screenshots/pages/desktop_product_slug_west-coast-cure---honey-bananas---live-resin-badder---1-g-west-coast-cure-roo.png,,
C0693,crawl,www.thecurecompany.com,images_load,https://www.thecurecompany.com/product?slug=west-coast-cure---honey-bananas---live-resin-badder---1-g-west-coast-cure-root-category-1-50887,desktop 1366x900 Chromium (Playwright),"11 loaded, 0 broken, 4 lazy never loaded (not tested)",pass,,,,,,,,,,screenshots/pages/desktop_product_slug_west-coast-cure---honey-bananas---live-resin-badder---1-g-west-coast-cure-roo.png,,
C0694,crawl,www.thecurecompany.com,img_alt_text,https://www.thecurecompany.com/product?slug=west-coast-cure---honey-bananas---live-resin-badder---1-g-west-coast-cure-root-category-1-50887,desktop 1366x900 Chromium (Playwright),1/1 visible non-decorative images have alt,pass,,,,,,,,,,screenshots/pages/desktop_product_slug_west-coast-cure---honey-bananas---live-resin-badder---1-g-west-coast-cure-roo.png,,
C0695,crawl,www.thecurecompany.com,has_h1,https://www.thecurecompany.com/product?slug=west-coast-cure---honey-bananas---live-resin-badder---1-g-west-coast-cure-root-category-1-50887,desktop 1366x900 Chromium (Playwright),"H1 count 0; title ""West Coast Cure - Honey Bananas - Live Resin Badder - 1 g West Coast Cure""",fail,Low,L-5,,,,,,,,screenshots/pages/desktop_product_slug_west-coast-cure---honey-bananas---live-resin-badder---1-g-west-coast-cure-roo.png,,
C0696,crawl,www.thecurecompany.com,product_renders,https://www.thecurecompany.com/product?slug=west-coast-cure---honey-bananas---live-resin-badder---1-g-west-coast-cure-root-category-1-50887,desktop 1366x900 Chromium (Playwright),product name and price rendered,pass,,,,,,,,,,screenshots/pages/desktop_product_slug_west-coast-cure---honey-bananas---live-resin-badder---1-g-west-coast-cure-roo.png,,
C0697,crawl,www.thecurecompany.com,product_category_label,https://www.thecurecompany.com/product?slug=west-coast-cure---honey-bananas---live-resin-badder---1-g-west-coast-cure-root-category-1-50887,desktop 1366x900 Chromium (Playwright),"shows placeholder category ""Root category""",fail,Medium,M-10,,,,,,,,screenshots/pages/desktop_product_slug_west-coast-cure---honey-bananas---live-resin-badder---1-g-west-coast-cure-roo.png,,
C0698,crawl,www.thecurecompany.com,http_status,https://www.thecurecompany.com/product?slug=west-coast-cure---lemon-burst---1g-aio-curebar-2.0---1-g-west-coast-cure-vape-pens-1-50000,desktop 1366x900 Chromium (Playwright),HTTP 200 (expected 200),pass,,,,,,,,,,screenshots/pages/desktop_product_slug_west-coast-cure---lemon-burst---1g-aio-curebar-2.0---1-g-west-coast-cure-vape.png,,
C0699,crawl,www.thecurecompany.com,load_time_under_3s,https://www.thecurecompany.com/product?slug=west-coast-cure---lemon-burst---1g-aio-curebar-2.0---1-g-west-coast-cure-vape-pens-1-50000,desktop 1366x900 Chromium (Playwright),navigation start to load event 3106 ms (single concurrent sample),fail,Medium,M-12,,,< 3000 ms,3106 ms,,,,screenshots/pages/desktop_product_slug_west-coast-cure---lemon-burst---1g-aio-curebar-2.0---1-g-west-coast-cure-vape.png,,
C0700,crawl,www.thecurecompany.com,mobile_overflow_390,https://www.thecurecompany.com/product?slug=west-coast-cure---lemon-burst---1g-aio-curebar-2.0---1-g-west-coast-cure-vape-pens-1-50000,mobile 390x844 Chromium (Playwright),scrollWidth 390 vs viewport 390,pass,,,,,,,,,,screenshots/pages/mobile_product_slug_west-coast-cure---lemon-burst---1g-aio-curebar-2.0---1-g-west-coast-cure-vape.png,,
C0701,crawl,www.thecurecompany.com,console_errors_excl_alpineiq,https://www.thecurecompany.com/product?slug=west-coast-cure---lemon-burst---1g-aio-curebar-2.0---1-g-west-coast-cure-vape-pens-1-50000,desktop 1366x900 Chromium (Playwright),"0 non-AlpineIQ errors; 2 AlpineIQ rate-limit errors (429, induced by crawl volume) ignored",pass,,,,,,,,,,screenshots/pages/desktop_product_slug_west-coast-cure---lemon-burst---1g-aio-curebar-2.0---1-g-west-coast-cure-vape.png,,
C0702,crawl,www.thecurecompany.com,images_load,https://www.thecurecompany.com/product?slug=west-coast-cure---lemon-burst---1g-aio-curebar-2.0---1-g-west-coast-cure-vape-pens-1-50000,desktop 1366x900 Chromium (Playwright),"11 loaded, 0 broken, 4 lazy never loaded (not tested)",pass,,,,,,,,,,screenshots/pages/desktop_product_slug_west-coast-cure---lemon-burst---1g-aio-curebar-2.0---1-g-west-coast-cure-vape.png,,
C0703,crawl,www.thecurecompany.com,img_alt_text,https://www.thecurecompany.com/product?slug=west-coast-cure---lemon-burst---1g-aio-curebar-2.0---1-g-west-coast-cure-vape-pens-1-50000,desktop 1366x900 Chromium (Playwright),1/1 visible non-decorative images have alt,pass,,,,,,,,,,screenshots/pages/desktop_product_slug_west-coast-cure---lemon-burst---1g-aio-curebar-2.0---1-g-west-coast-cure-vape.png,,
C0704,crawl,www.thecurecompany.com,has_h1,https://www.thecurecompany.com/product?slug=west-coast-cure---lemon-burst---1g-aio-curebar-2.0---1-g-west-coast-cure-vape-pens-1-50000,desktop 1366x900 Chromium (Playwright),"H1 count 0; title ""West Coast Cure - Lemon Burst - 1G AIO CUREbar 2.0 - 1 g West Coast Cure""",fail,Low,L-5,,,,,,,,screenshots/pages/desktop_product_slug_west-coast-cure---lemon-burst---1g-aio-curebar-2.0---1-g-west-coast-cure-vape.png,,
C0705,crawl,www.thecurecompany.com,product_renders,https://www.thecurecompany.com/product?slug=west-coast-cure---lemon-burst---1g-aio-curebar-2.0---1-g-west-coast-cure-vape-pens-1-50000,desktop 1366x900 Chromium (Playwright),product name and price rendered,pass,,,,,,,,,,screenshots/pages/desktop_product_slug_west-coast-cure---lemon-burst---1g-aio-curebar-2.0---1-g-west-coast-cure-vape.png,,
C0706,crawl,www.thecurecompany.com,product_category_label,https://www.thecurecompany.com/product?slug=west-coast-cure---lemon-burst---1g-aio-curebar-2.0---1-g-west-coast-cure-vape-pens-1-50000,desktop 1366x900 Chromium (Playwright),"category label is not the placeholder ""Root category""",pass,,,,,,,,,,screenshots/pages/desktop_product_slug_west-coast-cure---lemon-burst---1g-aio-curebar-2.0---1-g-west-coast-cure-vape.png,,
C0707,crawl,www.thecurecompany.com,http_status,https://www.thecurecompany.com/profile,desktop 1366x900 Chromium (Playwright),HTTP 200 (expected 200),pass,,,,,,,,,,screenshots/pages/desktop_profile.png,,
C0708,crawl,www.thecurecompany.com,load_time_under_3s,https://www.thecurecompany.com/profile,desktop 1366x900 Chromium (Playwright),navigation start to load event 583 ms (single concurrent sample),pass,,,,,< 3000 ms,583 ms,,,,screenshots/pages/desktop_profile.png,,
C0709,crawl,www.thecurecompany.com,mobile_overflow_390,https://www.thecurecompany.com/profile,mobile 390x844 Chromium (Playwright),scrollWidth 390 vs viewport 390,pass,,,,,,,,,,screenshots/pages/mobile_profile.png,,
C0710,crawl,www.thecurecompany.com,console_errors_excl_alpineiq,https://www.thecurecompany.com/profile,desktop 1366x900 Chromium (Playwright),"0 non-AlpineIQ errors; 2 AlpineIQ rate-limit errors (429, induced by crawl volume) ignored",pass,,,,,,,,,,screenshots/pages/desktop_profile.png,,
C0711,crawl,www.thecurecompany.com,images_load,https://www.thecurecompany.com/profile,desktop 1366x900 Chromium (Playwright),"10 loaded, 0 broken, 0 lazy never loaded (not tested)",pass,,,,,,,,,,screenshots/pages/desktop_profile.png,,
C0712,crawl,www.thecurecompany.com,has_h1,https://www.thecurecompany.com/profile,desktop 1366x900 Chromium (Playwright),"H1 count 0; title ""Login""",fail,Low,L-5,,,,,,,,screenshots/pages/desktop_profile.png,,
C0713,crawl,www.thecurecompany.com,http_status,https://www.thecurecompany.com/query,desktop 1366x900 Chromium (Playwright),HTTP 200 (expected 200),pass,,,,,,,,,,screenshots/pages/desktop_query.png,,
C0714,crawl,www.thecurecompany.com,load_time_under_3s,https://www.thecurecompany.com/query,desktop 1366x900 Chromium (Playwright),navigation start to load event 3096 ms (single concurrent sample),fail,Medium,M-12,,,< 3000 ms,3096 ms,,,,screenshots/pages/desktop_query.png,,
C0715,crawl,www.thecurecompany.com,mobile_overflow_390,https://www.thecurecompany.com/query,mobile 390x844 Chromium (Playwright),scrollWidth 390 vs viewport 390,pass,,,,,,,,,,screenshots/pages/mobile_query.png,,
C0716,crawl,www.thecurecompany.com,console_errors_excl_alpineiq,https://www.thecurecompany.com/query,desktop 1366x900 Chromium (Playwright),"0 non-AlpineIQ errors; 2 AlpineIQ rate-limit errors (429, induced by crawl volume) ignored",pass,,,,,,,,,,screenshots/pages/desktop_query.png,,
C0717,crawl,www.thecurecompany.com,images_load,https://www.thecurecompany.com/query,desktop 1366x900 Chromium (Playwright),"33 loaded, 0 broken, 6 lazy never loaded (not tested)",pass,,,,,,,,,,screenshots/pages/desktop_query.png,,
C0718,crawl,www.thecurecompany.com,img_alt_text,https://www.thecurecompany.com/query,desktop 1366x900 Chromium (Playwright),23/23 visible non-decorative images have alt,pass,,,,,,,,,,screenshots/pages/desktop_query.png,,
C0719,crawl,www.thecurecompany.com,has_h1,https://www.thecurecompany.com/query,desktop 1366x900 Chromium (Playwright),"H1 count 0; title ""Query""",fail,Low,L-5,,,,,,,,screenshots/pages/desktop_query.png,,
C0720,crawl,www.thecurecompany.com,http_status,https://www.thecurecompany.com/query?search=alien+og,desktop 1366x900 Chromium (Playwright),HTTP 200 (expected 200),pass,,,,,,,,,,screenshots/pages/desktop_query_search_alien_og.png,,
C0721,crawl,www.thecurecompany.com,load_time_under_3s,https://www.thecurecompany.com/query?search=alien+og,desktop 1366x900 Chromium (Playwright),navigation start to load event 3603 ms (single concurrent sample),fail,Medium,M-12,,,< 3000 ms,3603 ms,,,,screenshots/pages/desktop_query_search_alien_og.png,,
C0722,crawl,www.thecurecompany.com,mobile_overflow_390,https://www.thecurecompany.com/query?search=alien+og,mobile 390x844 Chromium (Playwright),scrollWidth 390 vs viewport 390,pass,,,,,,,,,,screenshots/pages/mobile_query_search_alien_og.png,,
C0723,crawl,www.thecurecompany.com,console_errors_excl_alpineiq,https://www.thecurecompany.com/query?search=alien+og,desktop 1366x900 Chromium (Playwright),"0 non-AlpineIQ errors; 2 AlpineIQ rate-limit errors (429, induced by crawl volume) ignored",pass,,,,,,,,,,screenshots/pages/desktop_query_search_alien_og.png,,
C0724,crawl,www.thecurecompany.com,images_load,https://www.thecurecompany.com/query?search=alien+og,desktop 1366x900 Chromium (Playwright),"26 loaded, 0 broken, 6 lazy never loaded (not tested)",pass,,,,,,,,,,screenshots/pages/desktop_query_search_alien_og.png,,
C0725,crawl,www.thecurecompany.com,img_alt_text,https://www.thecurecompany.com/query?search=alien+og,desktop 1366x900 Chromium (Playwright),16/16 visible non-decorative images have alt,pass,,,,,,,,,,screenshots/pages/desktop_query_search_alien_og.png,,
C0726,crawl,www.thecurecompany.com,has_h1,https://www.thecurecompany.com/query?search=alien+og,desktop 1366x900 Chromium (Playwright),"H1 count 0; title ""Query""",fail,Low,L-5,,,,,,,,screenshots/pages/desktop_query_search_alien_og.png,,
C0727,crawl,www.thecurecompany.com,http_status,https://www.thecurecompany.com/reset-password,desktop 1366x900 Chromium (Playwright),HTTP 200 (expected 200),pass,,,,,,,,,,screenshots/pages/desktop_reset-password.png,,
C0728,crawl,www.thecurecompany.com,load_time_under_3s,https://www.thecurecompany.com/reset-password,desktop 1366x900 Chromium (Playwright),navigation start to load event 3072 ms (single concurrent sample),fail,Medium,M-12,,,< 3000 ms,3072 ms,,,,screenshots/pages/desktop_reset-password.png,,
C0729,crawl,www.thecurecompany.com,mobile_overflow_390,https://www.thecurecompany.com/reset-password,mobile 390x844 Chromium (Playwright),scrollWidth 390 vs viewport 390,pass,,,,,,,,,,screenshots/pages/mobile_reset-password.png,,
C0730,crawl,www.thecurecompany.com,console_errors_excl_alpineiq,https://www.thecurecompany.com/reset-password,desktop 1366x900 Chromium (Playwright),"0 non-AlpineIQ errors; 2 AlpineIQ rate-limit errors (429, induced by crawl volume) ignored",pass,,,,,,,,,,screenshots/pages/desktop_reset-password.png,,
C0731,crawl,www.thecurecompany.com,images_load,https://www.thecurecompany.com/reset-password,desktop 1366x900 Chromium (Playwright),"10 loaded, 0 broken, 0 lazy never loaded (not tested)",pass,,,,,,,,,,screenshots/pages/desktop_reset-password.png,,
C0732,crawl,www.thecurecompany.com,has_h1,https://www.thecurecompany.com/reset-password,desktop 1366x900 Chromium (Playwright),"H1 count 0; title ""Login""",fail,Low,L-5,,,,,,,,screenshots/pages/desktop_reset-password.png,,
C0733,crawl,www.thecurecompany.com,http_status,https://www.thecurecompany.com/shop,desktop 1366x900 Chromium (Playwright),HTTP 200 (expected 200),pass,,,,,,,,,,screenshots/pages/desktop_shop.png,,
C0734,crawl,www.thecurecompany.com,load_time_under_3s,https://www.thecurecompany.com/shop,desktop 1366x900 Chromium (Playwright),navigation start to load event 3191 ms (single concurrent sample),fail,Medium,M-12,,,< 3000 ms,3191 ms,,,,screenshots/pages/desktop_shop.png,,
C0735,crawl,www.thecurecompany.com,mobile_overflow_390,https://www.thecurecompany.com/shop,mobile 390x844 Chromium (Playwright),scrollWidth 390 vs viewport 390,pass,,,,,,,,,,screenshots/pages/mobile_shop.png,,
C0736,crawl,www.thecurecompany.com,console_errors_excl_alpineiq,https://www.thecurecompany.com/shop,desktop 1366x900 Chromium (Playwright),"0 non-AlpineIQ errors; 2 AlpineIQ rate-limit errors (429, induced by crawl volume) ignored",pass,,,,,,,,,,screenshots/pages/desktop_shop.png,,
C0737,crawl,www.thecurecompany.com,images_load,https://www.thecurecompany.com/shop,desktop 1366x900 Chromium (Playwright),"58 loaded, 3 broken, 76 lazy never loaded (not tested)",fail,Medium,M-13,,,,,.product_card_image,,https://s3.us-west-1.amazonaws.com/mbdocsbucket/photos/11470/products/57e5906793bab60eab1dae35bd263415.jpg -> HTTP 403 | https://s3.us-west-1.amazonaws.com/mbdocsbucket/photos/10758/products/8c6968e7fe54e9549ccc29eed6e8e20d.png -> HTTP 403 | https://s3.us-west-1.amazonaws.com/mbdocsbucket/photos/11470/products/633c48a4953489a3c2e36ff78551a6d8.png -> HTTP 403,screenshots/pages/desktop_shop.png,,
C0738,crawl,www.thecurecompany.com,img_alt_text,https://www.thecurecompany.com/shop,desktop 1366x900 Chromium (Playwright),55/127 visible non-decorative images have alt,fail,Low,L-10,,,,,.footer_icon .footer_logo .product_card_image,,,screenshots/pages/desktop_shop.png,,
C0739,crawl,www.thecurecompany.com,has_h1,https://www.thecurecompany.com/shop,desktop 1366x900 Chromium (Playwright),"H1 count 0; title ""Shop Cannabis Products in Los Angeles | The Cure Company""",fail,Low,L-5,,,,,,,,screenshots/pages/desktop_shop.png,,
C0740,crawl,www.thecurecompany.com,http_status,https://www.thecurecompany.com/signup,desktop 1366x900 Chromium (Playwright),HTTP 200 (expected 200),pass,,,,,,,,,,screenshots/pages/desktop_signup.png,,
C0741,crawl,www.thecurecompany.com,load_time_under_3s,https://www.thecurecompany.com/signup,desktop 1366x900 Chromium (Playwright),navigation start to load event 3196 ms (single concurrent sample),fail,Medium,M-12,,,< 3000 ms,3196 ms,,,,screenshots/pages/desktop_signup.png,,
C0742,crawl,www.thecurecompany.com,mobile_overflow_390,https://www.thecurecompany.com/signup,mobile 390x844 Chromium (Playwright),scrollWidth 390 vs viewport 390,pass,,,,,,,,,,screenshots/pages/mobile_signup.png,,
C0743,crawl,www.thecurecompany.com,console_errors_excl_alpineiq,https://www.thecurecompany.com/signup,desktop 1366x900 Chromium (Playwright),"0 non-AlpineIQ errors; 2 AlpineIQ rate-limit errors (429, induced by crawl volume) ignored",pass,,,,,,,,,,screenshots/pages/desktop_signup.png,,
C0744,crawl,www.thecurecompany.com,images_load,https://www.thecurecompany.com/signup,desktop 1366x900 Chromium (Playwright),"10 loaded, 0 broken, 0 lazy never loaded (not tested)",pass,,,,,,,,,,screenshots/pages/desktop_signup.png,,
C0745,crawl,www.thecurecompany.com,has_h1,https://www.thecurecompany.com/signup,desktop 1366x900 Chromium (Playwright),"H1 count 0; title ""Sign Up""",fail,Low,L-5,,,,,,,,screenshots/pages/desktop_signup.png,,
C0746,crawl,www.thecurecompany.com,http_status,https://www.thecurecompany.com/strains,desktop 1366x900 Chromium (Playwright),HTTP 200 (expected 200),pass,,,,,,,,,,screenshots/pages/desktop_strains.png,,
C0747,crawl,www.thecurecompany.com,load_time_under_3s,https://www.thecurecompany.com/strains,desktop 1366x900 Chromium (Playwright),navigation start to load event 3023 ms (single concurrent sample),fail,Medium,M-12,,,< 3000 ms,3023 ms,,,,screenshots/pages/desktop_strains.png,,
C0748,crawl,www.thecurecompany.com,mobile_overflow_390,https://www.thecurecompany.com/strains,mobile 390x844 Chromium (Playwright),scrollWidth 390 vs viewport 390,pass,,,,,,,,,,screenshots/pages/mobile_strains.png,,
C0749,crawl,www.thecurecompany.com,console_errors_excl_alpineiq,https://www.thecurecompany.com/strains,desktop 1366x900 Chromium (Playwright),"0 non-AlpineIQ errors; 2 AlpineIQ rate-limit errors (429, induced by crawl volume) ignored",pass,,,,,,,,,,screenshots/pages/desktop_strains.png,,
C0750,crawl,www.thecurecompany.com,images_load,https://www.thecurecompany.com/strains,desktop 1366x900 Chromium (Playwright),"30 loaded, 0 broken, 8 lazy never loaded (not tested)",pass,,,,,,,,,,screenshots/pages/desktop_strains.png,,
C0751,crawl,www.thecurecompany.com,img_alt_text,https://www.thecurecompany.com/strains,desktop 1366x900 Chromium (Playwright),20/20 visible non-decorative images have alt,pass,,,,,,,,,,screenshots/pages/desktop_strains.png,,
C0752,crawl,www.thecurecompany.com,has_h1,https://www.thecurecompany.com/strains,desktop 1366x900 Chromium (Playwright),"H1 count 1; title ""Strains""",pass,,,,,,,,,,screenshots/pages/desktop_strains.png,,
C0753,crawl,www.thecurecompany.com,http_status,https://www.thecurecompany.com/terms,desktop 1366x900 Chromium (Playwright),HTTP 200 (expected 200),pass,,,,,,,,,,screenshots/pages/desktop_terms.png,,
C0754,crawl,www.thecurecompany.com,load_time_under_3s,https://www.thecurecompany.com/terms,desktop 1366x900 Chromium (Playwright),navigation start to load event 3375 ms (single concurrent sample),fail,Medium,M-12,,,< 3000 ms,3375 ms,,,,screenshots/pages/desktop_terms.png,,
C0755,crawl,www.thecurecompany.com,mobile_overflow_390,https://www.thecurecompany.com/terms,mobile 390x844 Chromium (Playwright),scrollWidth 390 vs viewport 390,pass,,,,,,,,,,screenshots/pages/mobile_terms.png,,
C0756,crawl,www.thecurecompany.com,console_errors_excl_alpineiq,https://www.thecurecompany.com/terms,desktop 1366x900 Chromium (Playwright),"0 non-AlpineIQ errors; 2 AlpineIQ rate-limit errors (429, induced by crawl volume) ignored",pass,,,,,,,,,,screenshots/pages/desktop_terms.png,,
C0757,crawl,www.thecurecompany.com,images_load,https://www.thecurecompany.com/terms,desktop 1366x900 Chromium (Playwright),"8 loaded, 0 broken, 0 lazy never loaded (not tested)",pass,,,,,,,,,,screenshots/pages/desktop_terms.png,,
C0758,crawl,www.thecurecompany.com,has_h1,https://www.thecurecompany.com/terms,desktop 1366x900 Chromium (Playwright),"H1 count 0; title ""Terms | The Cure Company""",fail,Low,L-5,,,,,,,,screenshots/pages/desktop_terms.png,,
C0759,crawl,www.thecurecompany.com,http_status,https://www.thecurecompany.com/this-page-does-not-exist-qa,desktop 1366x900 Chromium (Playwright),HTTP 404 (expected 404),pass,,,,,,,,,,screenshots/pages/desktop_this-page-does-not-exist-qa.png,,
C0760,crawl,www.thecurecompany.com,load_time_under_3s,https://www.thecurecompany.com/this-page-does-not-exist-qa,desktop 1366x900 Chromium (Playwright),navigation start to load event 2781 ms (single concurrent sample),pass,,,,,< 3000 ms,2781 ms,,,,screenshots/pages/desktop_this-page-does-not-exist-qa.png,,
C0761,crawl,www.thecurecompany.com,mobile_overflow_390,https://www.thecurecompany.com/this-page-does-not-exist-qa,mobile 390x844 Chromium (Playwright),scrollWidth 390 vs viewport 390,pass,,,,,,,,,,screenshots/pages/mobile_this-page-does-not-exist-qa.png,,
C0762,crawl,www.thecurecompany.com,console_errors_excl_alpineiq,https://www.thecurecompany.com/this-page-does-not-exist-qa,desktop 1366x900 Chromium (Playwright),not applicable: the only error is the intentional 404 document itself,not_tested,,,,,,,,,,screenshots/pages/desktop_this-page-does-not-exist-qa.png,,
C0763,crawl,www.thecurecompany.com,images_load,https://www.thecurecompany.com/this-page-does-not-exist-qa,desktop 1366x900 Chromium (Playwright),"1 loaded, 0 broken, 0 lazy never loaded (not tested)",pass,,,,,,,,,,screenshots/pages/desktop_this-page-does-not-exist-qa.png,,
C0764,crawl,www.thecurecompany.com,has_h1,https://www.thecurecompany.com/this-page-does-not-exist-qa,desktop 1366x900 Chromium (Playwright),"H1 count 0; title ""Not Found""",fail,Low,L-5,,,,,,,,screenshots/pages/desktop_this-page-does-not-exist-qa.png,,
C0765,crawl,www.thecurecompany.com,http_status,https://www.thecurecompany.com/wholesale,desktop 1366x900 Chromium (Playwright),HTTP 200 (expected 200),pass,,,,,,,,,,screenshots/pages/desktop_wholesale.png,,
C0766,crawl,www.thecurecompany.com,load_time_under_3s,https://www.thecurecompany.com/wholesale,desktop 1366x900 Chromium (Playwright),navigation start to load event 3189 ms (single concurrent sample),fail,Medium,M-12,,,< 3000 ms,3189 ms,,,,screenshots/pages/desktop_wholesale.png,,
C0767,crawl,www.thecurecompany.com,mobile_overflow_390,https://www.thecurecompany.com/wholesale,mobile 390x844 Chromium (Playwright),scrollWidth 390 vs viewport 390,pass,,,,,,,,,,screenshots/pages/mobile_wholesale.png,,
C0768,crawl,www.thecurecompany.com,console_errors_excl_alpineiq,https://www.thecurecompany.com/wholesale,desktop 1366x900 Chromium (Playwright),"0 non-AlpineIQ errors; 2 AlpineIQ rate-limit errors (429, induced by crawl volume) ignored",pass,,,,,,,,,,screenshots/pages/desktop_wholesale.png,,
C0769,crawl,www.thecurecompany.com,images_load,https://www.thecurecompany.com/wholesale,desktop 1366x900 Chromium (Playwright),"10 loaded, 0 broken, 4 lazy never loaded (not tested)",pass,,,,,,,,,,screenshots/pages/desktop_wholesale.png,,
C0770,crawl,www.thecurecompany.com,has_h1,https://www.thecurecompany.com/wholesale,desktop 1366x900 Chromium (Playwright),"H1 count 0; title ""Wholesale""",fail,Low,L-5,,,,,,,,screenshots/pages/desktop_wholesale.png,,
C0771,linkcheck,www.thecurecompany.com,link_external,https://cdn.prod.website-files.com/68ef4a0c65500cafbe219bfc/6a26fee1c25e1bfdb2a363dc_stiiizy%20web%20file.jpg,python-requests,"HTTP 200; found on 8 page(s); text ""cdn.prod.website-files.com""",pass,,,,,,,,,,,,
C0772,linkcheck,www.thecurecompany.com,link_external,https://g.co/kgs/CXSjz9s,python-requests,"HTTP 200; found on 1 page(s); text ""g.co - opens in a new tab""",pass,,,,,,,,,,,,
C0773,linkcheck,www.thecurecompany.com,link_external,https://g.co/kgs/aW57cNz,python-requests,"HTTP 200; found on 1 page(s); text ""g.co - opens in a new tab""",pass,,,,,,,,,,,,
C0774,linkcheck,www.thecurecompany.com,link_external,https://g.co/kgs/zvhMuWf,python-requests,"HTTP 200; found on 1 page(s); text ""g.co - opens in a new tab""",pass,,,,,,,,,,,,
C0775,linkcheck,www.thecurecompany.com,link_external,https://g.page/r/CUxRL_kU74FaEAI/review,python-requests,"HTTP 200; found on 1 page(s); text ""g.page - opens in a new tab""",pass,,,,,,,,,,,,
C0776,linkcheck,www.thecurecompany.com,link_external,https://g.page/r/CaF46DkXnB6kEAI/review,python-requests,"HTTP 200; found on 1 page(s); text ""g.page - opens in a new tab""",pass,,,,,,,,,,,,
C0777,linkcheck,www.thecurecompany.com,link_external,https://g.page/r/CcM1OmSb98SUEBM/review,python-requests,"HTTP 200; found on 1 page(s); text ""g.page - opens in a new tab""",pass,,,,,,,,,,,,
C0778,linkcheck,www.thecurecompany.com,link_external,https://lab.alpineiq.com/join/c/4413/109731,python-requests,"HTTP 200; found on 95 page(s); text ""JOIN VIP LIST""",pass,,,,,,,,,,,,
C0779,linkcheck,www.thecurecompany.com,link_external,https://thecurecompany.com/brand?name=the%20cure%20company,python-requests,"HTTP 200; found on 1 page(s); text ""Brand""",pass,,,,,,,,,,,,
C0780,linkcheck,www.thecurecompany.com,link_external,https://thecurecompany.com/strain?slug=alien-og,python-requests,"HTTP 200; found on 1 page(s); text ""Alien OG""",pass,,,,,,,,,,,,
C0781,linkcheck,www.thecurecompany.com,link_external,https://thecurecompany.com/strain?slug=curelato,python-requests,"HTTP 200; found on 1 page(s); text ""Curelato""",pass,,,,,,,,,,,,
C0782,linkcheck,www.thecurecompany.com,link_external,https://thecurecompany.com/strain?slug=skywalker-og,python-requests,"HTTP 200; found on 1 page(s); text ""SkyWalker""",pass,,,,,,,,,,,,
C0783,linkcheck,www.thecurecompany.com,link_external,https://thecurecompany.webflow.io/strain?slug=alien-og,python-requests,"HTTP 200; found on 1 page(s); text ""Alien OG Celebrated for its intense potency""",pass,,,,,,,,,,,,
C0784,linkcheck,www.thecurecompany.com,link_external,https://thecurecompany.webflow.io/strain?slug=curelato,python-requests,"HTTP 200; found on 1 page(s); text ""Curelato A very special pheno of Gelato #33 that took us fiv""",pass,,,,,,,,,,,,
C0785,linkcheck,www.thecurecompany.com,link_external,https://thecurecompany.webflow.io/strain?slug=skywalker-og,python-requests,"HTTP 200; found on 1 page(s); text ""Sky Walker A very special pheno of Gelato #33 that took us f""",pass,,,,,,,,,,,,
C0786,linkcheck,www.thecurecompany.com,link_external,https://weedmaps.com/brands/the-cure-company/products,python-requests,"HTTP 200; found on 95 page(s); text ""weedmaps.com - opens in a new tab""",pass,,,,,,,,,,,,
C0787,linkcheck,www.thecurecompany.com,link_external,https://weedmaps.com/dispensaries/citycompassionatecaregivers,python-requests,"HTTP 406; found on 1 page(s); text ""weedmaps.com - opens in a new tab""; blocked for automated clients (bot protection), not a site fault",not_tested,,,,,,,,,,,,
C0788,linkcheck,www.thecurecompany.com,link_external,https://weedmaps.com/dispensaries/cure-co-crenshaw,python-requests,"HTTP 406; found on 1 page(s); text ""weedmaps.com - opens in a new tab""; blocked for automated clients (bot protection), not a site fault",not_tested,,,,,,,,,,,,
C0789,linkcheck,www.thecurecompany.com,link_external,https://weedmaps.com/dispensaries/cure-co-pico,python-requests,"HTTP 406; found on 1 page(s); text ""weedmaps.com - opens in a new tab""; blocked for automated clients (bot protection), not a site fault",not_tested,,,,,,,,,,,,
C0790,linkcheck,www.thecurecompany.com,link_external,https://weedmaps.com/dispensaries/downtown-patients-group-dtpg,python-requests,"HTTP 406; found on 1 page(s); text ""weedmaps.com - opens in a new tab""; blocked for automated clients (bot protection), not a site fault",not_tested,,,,,,,,,,,,
C0791,linkcheck,www.thecurecompany.com,link_external,https://weedmaps.com/dispensaries/the-cure-company-melrose,python-requests,"HTTP 406; found on 1 page(s); text ""weedmaps.com - opens in a new tab""; blocked for automated clients (bot protection), not a site fault",not_tested,,,,,,,,,,,,
C0792,linkcheck,www.thecurecompany.com,link_external,https://weedmaps.com/dispensaries/the-cure-company-south-la,python-requests,"HTTP 406; found on 1 page(s); text ""weedmaps.com - opens in a new tab""; blocked for automated clients (bot protection), not a site fault",not_tested,,,,,,,,,,,,
C0793,linkcheck,www.thecurecompany.com,link_external,https://www.facebook.com/thecurecompany,python-requests,"HTTP 400; found on 95 page(s); text ""facebook - opens in a new tab""; blocked for automated clients (bot protection), not a site fault",not_tested,,,,,,,,,,,,
C0794,linkcheck,www.thecurecompany.com,link_external,https://www.google.com/maps?q=109%20E.%20101st%20St%2C%20%20Los%20Angeles%2C%20CA%2090003,python-requests,"HTTP 200; found on 1 page(s); text ""109 E. 101st St, Los Angeles, CA 90003""",pass,,,,,,,,,,,,
C0795,linkcheck,www.thecurecompany.com,link_external,https://www.google.com/maps?q=2235%20E%207th%20St%2C%20Los%20Angeles%2C%20CA%2090023,python-requests,"HTTP 200; found on 1 page(s); text ""2235 E 7th St, Los Angeles, CA 90023""",pass,,,,,,,,,,,,
C0796,linkcheck,www.thecurecompany.com,link_external,https://www.google.com/maps?q=4316%20Melrose%20Ave%2C%20%20Los%20Angeles%2C%20CA%2090029,python-requests,"HTTP 200; found on 1 page(s); text ""4316 Melrose Ave, Los Angeles, CA 90029""",pass,,,,,,,,,,,,
C0797,linkcheck,www.thecurecompany.com,link_external,https://www.google.com/maps?q=5546%20W%20Pico%20Blvd%2C%20%20Los%20Angeles%2C%20CA%2090019,python-requests,"HTTP 200; found on 1 page(s); text ""5546 W Pico Blvd, Los Angeles, CA 90019""",pass,,,,,,,,,,,,
C0798,linkcheck,www.thecurecompany.com,link_external,https://www.google.com/maps?q=7872%20Crenshaw%20Blvd%2C%20%20Los%20Angeles%20CA%2C%2090043,python-requests,"HTTP 200; found on 1 page(s); text ""7872 Crenshaw Blvd, Los Angeles CA, 90043""",pass,,,,,,,,,,,,
C0799,linkcheck,www.thecurecompany.com,link_external,https://www.google.com/maps?q=930%20S%20Alameda%20St%2C%20%20Los%20Angeles%2C%20CA%2090021,python-requests,"HTTP 200; found on 1 page(s); text ""930 S Alameda St, Los Angeles, CA 90021""",pass,,,,,,,,,,,,
C0800,linkcheck,www.thecurecompany.com,link_external,https://www.instagram.com/curecopico,python-requests,"HTTP 200; found on 1 page(s); text ""instagram - opens in a new tab""",pass,,,,,,,,,,,,
C0801,linkcheck,www.thecurecompany.com,link_external,https://www.instagram.com/dtpgla_losangeless,python-requests,"HTTP 200; found on 1 page(s); text ""instagram - opens in a new tab""",pass,,,,,,,,,,,,
C0802,linkcheck,www.thecurecompany.com,link_external,https://www.instagram.com/thecureco.southla,python-requests,"HTTP 200; found on 1 page(s); text ""instagram - opens in a new tab""",pass,,,,,,,,,,,,
C0803,linkcheck,www.thecurecompany.com,link_external,https://www.instagram.com/thecurecompany/?igshid=YmMyMTA2M2Y%3D,python-requests,"HTTP 200; found on 95 page(s); text ""instagram - opens in a new tab""",pass,,,,,,,,,,,,
C0804,linkcheck,www.thecurecompany.com,link_external,https://www.instagram.com/thecureoncrenshaw,python-requests,"HTTP 200; found on 1 page(s); text ""instagram - opens in a new tab""",pass,,,,,,,,,,,,
C0805,linkcheck,www.thecurecompany.com,link_external,https://www.leafly.com/dispensary-info/city-compassionate-caregivers---ccc,python-requests,"HTTP 200; found on 1 page(s); text ""leafly.com - opens in a new tab""",pass,,,,,,,,,,,,
C0806,linkcheck,www.thecurecompany.com,link_external,https://www.leafly.com/dispensary-info/cure-co-crenshaw,python-requests,"HTTP 200; found on 1 page(s); text ""leafly.com - opens in a new tab""",pass,,,,,,,,,,,,
C0807,linkcheck,www.thecurecompany.com,link_external,https://www.leafly.com/dispensary-info/cure-co-south-la,python-requests,"HTTP 200; found on 1 page(s); text ""leafly.com - opens in a new tab""",pass,,,,,,,,,,,,
C0808,linkcheck,www.thecurecompany.com,link_external,https://www.leafly.com/dispensary-info/dtpg,python-requests,"HTTP 200; found on 1 page(s); text ""leafly.com - opens in a new tab""",pass,,,,,,,,,,,,
C0809,linkcheck,www.thecurecompany.com,link_external,https://www.leafly.com/dispensary-info/the-cure-company-melrose,python-requests,"HTTP 200; found on 1 page(s); text ""leafly.com - opens in a new tab""",pass,,,,,,,,,,,,
C0810,linkcheck,www.thecurecompany.com,link_internal,https://www.thecurecompany.com/,python-requests,"HTTP 200; found on 96 page(s); text ""Go Home | Move to top | cart""",pass,,,,,,,,,,,,
C0811,linkcheck,www.thecurecompany.com,link_internal,https://www.thecurecompany.com/about,python-requests,"HTTP 200; found on 95 page(s); text ""About Us | Learn More | cart""",pass,,,,,,,,,,,,
C0812,linkcheck,www.thecurecompany.com,link_internal,https://www.thecurecompany.com/brand?name=The%20Cure%20Company,python-requests,"HTTP 200; found on 9 page(s); text """"",pass,,,,,,,,,,,,
C0813,linkcheck,www.thecurecompany.com,link_internal,https://www.thecurecompany.com/brand?name=the%20cure%20company,python-requests,"HTTP 200; found on 94 page(s); text ""Brand""",pass,,,,,,,,,,,,
C0814,linkcheck,www.thecurecompany.com,link_internal,https://www.thecurecompany.com/category?name=concentrates,python-requests,"HTTP 200; found on 2 page(s); text ""Brand NameProduct Name - X Strain - Y.ZW Size$10.00Add To Ca""",pass,,,,,,,,,,,,
C0815,linkcheck,www.thecurecompany.com,link_internal,https://www.thecurecompany.com/category?name=edibles,python-requests,"HTTP 200; found on 2 page(s); text ""Brand NameProduct Name - X Strain - Y.ZW Size$10.00Add To Ca""",pass,,,,,,,,,,,,
C0816,linkcheck,www.thecurecompany.com,link_internal,https://www.thecurecompany.com/category?name=flower,python-requests,"HTTP 200; found on 2 page(s); text ""Brand NameProduct Name - X Strain - Y.ZW Size$10.00Add To Ca""",pass,,,,,,,,,,,,
C0817,linkcheck,www.thecurecompany.com,link_internal,https://www.thecurecompany.com/category?name=prerolls,python-requests,"HTTP 200; found on 2 page(s); text ""Brand NameProduct Name - X Strain - Y.ZW Size$10.00Add To Ca""",pass,,,,,,,,,,,,
C0818,linkcheck,www.thecurecompany.com,link_internal,https://www.thecurecompany.com/category?name=topicals,python-requests,"HTTP 200; found on 2 page(s); text ""Brand NameProduct Name - X Strain - Y.ZW Size$10.00Add To Ca""",pass,,,,,,,,,,,,
C0819,linkcheck,www.thecurecompany.com,link_internal,https://www.thecurecompany.com/category?name=vaporizers,python-requests,"HTTP 200; found on 2 page(s); text ""Brand NameProduct Name - X Strain - Y.ZW Size$10.00Add To Ca""",pass,,,,,,,,,,,,
C0820,linkcheck,www.thecurecompany.com,link_internal,https://www.thecurecompany.com/checkout,python-requests,"HTTP 200; found on 81 page(s); text ""Checkout | cart""",pass,,,,,,,,,,,,
C0821,linkcheck,www.thecurecompany.com,link_internal,https://www.thecurecompany.com/contact,python-requests,"HTTP 200; found on 95 page(s); text ""Contact | Contact Us | Send Message | cart""",pass,,,,,,,,,,,,
C0822,linkcheck,www.thecurecompany.com,link_internal,https://www.thecurecompany.com/dispensaries,python-requests,"HTTP 200; found on 95 page(s); text ""Locations | cart""",pass,,,,,,,,,,,,
C0823,linkcheck,www.thecurecompany.com,link_internal,https://www.thecurecompany.com/forgot-password,python-requests,"HTTP 200; found on 8 page(s); text ""Forgot Password? | Reset Password | cart""",pass,,,,,,,,,,,,
C0824,linkcheck,www.thecurecompany.com,link_internal,https://www.thecurecompany.com/framework,python-requests,"HTTP 200; found on 1 page(s); text ""cart""",pass,,,,,,,,,,,,
C0825,linkcheck,www.thecurecompany.com,link_internal,https://www.thecurecompany.com/genetics,python-requests,"HTTP 200; found on 95 page(s); text ""Explore | Genetics | cart""",pass,,,,,,,,,,,,
C0826,linkcheck,www.thecurecompany.com,link_internal,https://www.thecurecompany.com/locations/ccc,python-requests,"HTTP 200; found on 3 page(s); text ""The Cure Company CCC 2235 E 7th St, Los Angeles, CA 90023 | """,pass,,,,,,,,,,,,
C0827,linkcheck,www.thecurecompany.com,link_internal,https://www.thecurecompany.com/locations/crenshaw-dispensary,python-requests,"HTTP 200; found on 3 page(s); text ""The Cure Company Crenshaw 7872 Crenshaw Blvd, Los Angeles CA""",pass,,,,,,,,,,,,
C0828,linkcheck,www.thecurecompany.com,link_internal,https://www.thecurecompany.com/locations/dtpg,python-requests,"HTTP 200; found on 3 page(s); text ""The Cure Company DTPG 930 S Alameda St, Los Angeles, CA 9002""",pass,,,,,,,,,,,,
C0829,linkcheck,www.thecurecompany.com,link_internal,https://www.thecurecompany.com/locations/melrose-dispensary,python-requests,"HTTP 200; found on 3 page(s); text ""The Cure Company Melrose 4316 Melrose Ave, Los Angeles, CA 9""",pass,,,,,,,,,,,,
C0830,linkcheck,www.thecurecompany.com,link_internal,https://www.thecurecompany.com/locations/pico-dispensary,python-requests,"HTTP 200; found on 3 page(s); text ""The Cure Company Pico 5546 W Pico Blvd, Los Angeles, CA 9001""",pass,,,,,,,,,,,,
C0831,linkcheck,www.thecurecompany.com,link_internal,https://www.thecurecompany.com/locations/south-la-dispensary,python-requests,"HTTP 200; found on 3 page(s); text ""The Cure Company South LA 109 E. 101st St, Los Angeles, CA 9""",pass,,,,,,,,,,,,
C0832,linkcheck,www.thecurecompany.com,link_internal,https://www.thecurecompany.com/login,python-requests,"HTTP 200; found on 95 page(s); text ""LOGIN | Log In | Send OTP | Sign In | cart""",pass,,,,,,,,,,,,
C0833,linkcheck,www.thecurecompany.com,link_internal,https://www.thecurecompany.com/login?from=%2Fprofile,python-requests,"HTTP 200; found on 1 page(s); text ""LOGIN | Send OTP | cart""",pass,,,,,,,,,,,,
C0834,linkcheck,www.thecurecompany.com,link_internal,https://www.thecurecompany.com/login?from=address,python-requests,"HTTP 200; found on 1 page(s); text ""LOGIN | Send OTP | cart""",pass,,,,,,,,,,,,
C0835,linkcheck,www.thecurecompany.com,link_internal,https://www.thecurecompany.com/login?from=collectibles,python-requests,"HTTP 200; found on 1 page(s); text ""LOGIN | Send OTP | cart""",pass,,,,,,,,,,,,
C0836,linkcheck,www.thecurecompany.com,link_internal,https://www.thecurecompany.com/login?from=delete-account,python-requests,"HTTP 200; found on 1 page(s); text ""LOGIN | Send OTP | cart""",pass,,,,,,,,,,,,
C0837,linkcheck,www.thecurecompany.com,link_internal,https://www.thecurecompany.com/login?from=orders,python-requests,"HTTP 200; found on 1 page(s); text ""LOGIN | Send OTP | cart""",pass,,,,,,,,,,,,
C0838,linkcheck,www.thecurecompany.com,link_internal,https://www.thecurecompany.com/privacy,python-requests,"HTTP 200; found on 95 page(s); text ""Privacy Policy | cart""",pass,,,,,,,,,,,,
C0839,linkcheck,www.thecurecompany.com,link_internal,https://www.thecurecompany.com/product?slug=.5g-pod---do-si-dos-stiiizy-root-category-0.5-33839,python-requests,"HTTP 200; found on 1 page(s); text ""Add To Cart | Check Availability | Get Notified | cart""",pass,,,,,,,,,,,,
C0840,linkcheck,www.thecurecompany.com,link_internal,https://www.thecurecompany.com/product?slug=.5g-pod---gdp-stiiizy-root-category-0.5-35407,python-requests,"HTTP 200; found on 1 page(s); text ""Add To Cart | Check Availability | Get Notified | cart""",pass,,,,,,,,,,,,
C0841,linkcheck,www.thecurecompany.com,link_internal,https://www.thecurecompany.com/product?slug=.5g-pod---pineapple-runtz-stiiizy-vape-pens-0.5-38951,python-requests,"HTTP 200; found on 1 page(s); text ""Add To Cart | Check Availability | Get Notified | cart""",pass,,,,,,,,,,,,
C0842,linkcheck,www.thecurecompany.com,link_internal,https://www.thecurecompany.com/product?slug=1.3g-kingroll---mimosa-x-cali-o-custom-brand-pre-rolls-1.3-34526,python-requests,"HTTP 200; found on 1 page(s); text ""Add To Cart | Check Availability | Get Notified | cart""",pass,,,,,,,,,,,,
C0843,linkcheck,www.thecurecompany.com,link_internal,https://www.thecurecompany.com/product?slug=alien-og---14g-bigs-the-cure-company-[web]-flower-14-39923&productId=39923,python-requests,"HTTP 200; found on 1 page(s); text ""The Cure Company Alien OG - 14g Bigs $150 Check Availability""",pass,,,,,,,,,,,,
C0844,linkcheck,www.thecurecompany.com,link_internal,https://www.thecurecompany.com/product?slug=alien-og---14g-blendz-the-cure-company-[web]-flower-14-32-39976&productId=39976,python-requests,"HTTP 200; found on 1 page(s); text ""The Cure Company Alien OG - 14g Blendz $39 Check Availabilit""",pass,,,,,,,,,,,,
C0845,linkcheck,www.thecurecompany.com,link_internal,https://www.thecurecompany.com/product?slug=alien-og---14g-minis-the-cure-company-[web]-flower-14-32-40036&productId=40036,python-requests,"HTTP 200; found on 1 page(s); text ""The Cure Company Alien OG - 14g Minis $39 Check Availability""",pass,,,,,,,,,,,,
C0846,linkcheck,www.thecurecompany.com,link_internal,https://www.thecurecompany.com/product?slug=alien-og---14g-smalls-the-cure-company-[web]-flower-14-32-40016&productId=40016,python-requests,"HTTP 200; found on 1 page(s); text ""The Cure Company Alien OG - 14g Smalls $120 Check Availabili""",pass,,,,,,,,,,,,
C0847,linkcheck,www.thecurecompany.com,link_internal,https://www.thecurecompany.com/product?slug=alien-og---1g-aio-vape-the-cure-company-%5Bweb%5D-vaporizers-1-39840&productId=39840,python-requests,"HTTP 200; found on 13 page(s); text ""The Cure Company Alien OG - 1g AIO Vape $20.21 Check Availab""",pass,,,,,,,,,,,,
C0848,linkcheck,www.thecurecompany.com,link_internal,https://www.thecurecompany.com/product?slug=alien-og---1g-aio-vape-the-cure-company-[web]-vaporizers-1-39840&productId=39840,python-requests,"HTTP 200; found on 2 page(s); text ""The Cure Company Alien OG - 1g AIO Vape $20.21 Check Availab""",pass,,,,,,,,,,,,
C0849,linkcheck,www.thecurecompany.com,link_internal,https://www.thecurecompany.com/product?slug=alien-og---1g-preroll-the-cure-company-%5Bweb%5D-pre-rolls-1-39882&productId=39882,python-requests,"HTTP 200; found on 15 page(s); text ""The Cure Company Alien OG - 1g Preroll $11 Check Availabilit""",pass,,,,,,,,,,,,
C0850,linkcheck,www.thecurecompany.com,link_internal,https://www.thecurecompany.com/product?slug=alien-og---1g-preroll-the-cure-company-[web]-pre-rolls-1-39882&productId=39882,python-requests,"HTTP 200; found on 2 page(s); text ""The Cure Company Alien OG - 1g Preroll $11 Check Availabilit""",pass,,,,,,,,,,,,
C0851,linkcheck,www.thecurecompany.com,link_internal,https://www.thecurecompany.com/product?slug=alien-og---1g-vape-cartridge-the-cure-company-%5Bweb%5D-vaporizers-1-88.9-39822&productId=39822,python-requests,"HTTP 200; found on 13 page(s); text ""The Cure Company Alien OG - 1g Vape Cartridge $14.44 Check A""",pass,,,,,,,,,,,,
C0852,linkcheck,www.thecurecompany.com,link_internal,https://www.thecurecompany.com/product?slug=alien-og---1g-vape-cartridge-the-cure-company-[web]-vaporizers-1-88.9-39822&productId=39822,python-requests,"HTTP 200; found on 2 page(s); text ""The Cure Company Alien OG - 1g Vape Cartridge $14.44 Check A""",pass,,,,,,,,,,,,
C0853,linkcheck,www.thecurecompany.com,link_internal,https://www.thecurecompany.com/product?slug=alien-og---28g-bigs-the-cure-company-[web]-flower-28-39942&productId=39942,python-requests,"HTTP 200; found on 1 page(s); text ""The Cure Company Alien OG - 28g Bigs $250 Check Availability""",pass,,,,,,,,,,,,
C0854,linkcheck,www.thecurecompany.com,link_internal,https://www.thecurecompany.com/product?slug=alien-og---28g-smalls-the-cure-company-[web]-flower-28-32-40019&productId=40019,python-requests,"HTTP 200; found on 1 page(s); text ""The Cure Company Alien OG - 28g Smalls $220 Check Availabili""",pass,,,,,,,,,,,,
C0855,linkcheck,www.thecurecompany.com,link_internal,https://www.thecurecompany.com/product?slug=alien-og---2g-hash-hole-the-cure-company-[web]-pre-rolls-2-39849&productId=39849,python-requests,"HTTP 200; found on 1 page(s); text ""The Cure Company Alien OG - 2g Hash Hole $50 Check Availabil""",pass,,,,,,,,,,,,
C0856,linkcheck,www.thecurecompany.com,link_internal,https://www.thecurecompany.com/product?slug=alien-og---3.5g-flower-the-cure-company-[web]-flower-3.5-32-40035&productId=40035,python-requests,"HTTP 200; found on 1 page(s); text ""The Cure Company Alien OG - 3.5g Flower $32.49 Check Availab""",pass,,,,,,,,,,,,
C0857,linkcheck,www.thecurecompany.com,link_internal,https://www.thecurecompany.com/product?slug=alien-og---5g-smalls-the-cure-company-[web]-flower-5-39892&productId=39892,python-requests,"HTTP 200; found on 1 page(s); text ""The Cure Company Alien OG - 5g Smalls $40.91 Check Availabil""",pass,,,,,,,,,,,,
C0858,linkcheck,www.thecurecompany.com,link_internal,https://www.thecurecompany.com/product?slug=animal-z---0.7g-prerolls-5-pack-the-cure-company-%5Bweb%5D-pre-rolls-3.5-39872&productId=39872,python-requests,"HTTP 200; found on 15 page(s); text ""The Cure Company Animal Z - 0.7g Prerolls 5 Pack $35 Check A""",pass,,,,,,,,,,,,
C0859,linkcheck,www.thecurecompany.com,link_internal,https://www.thecurecompany.com/product?slug=animal-z---0.7g-prerolls-5-pack-the-cure-company-[web]-pre-rolls-3.5-39872&productId=39872,python-requests,"HTTP 200; found on 1 page(s); text ""The Cure Company Animal Z - 0.7g Prerolls 5 Pack $35 Check A""",pass,,,,,,,,,,,,
C0860,linkcheck,www.thecurecompany.com,link_internal,https://www.thecurecompany.com/product?slug=animal-z---1g-preroll-the-cure-company-%5Bweb%5D-pre-rolls-1-39881&productId=39881,python-requests,"HTTP 200; found on 15 page(s); text ""The Cure Company Animal Z - 1g Preroll $11 Check Availabilit""",pass,,,,,,,,,,,,
C0861,linkcheck,www.thecurecompany.com,link_internal,https://www.thecurecompany.com/product?slug=animal-z---1g-preroll-the-cure-company-[web]-pre-rolls-1-39881&productId=39881,python-requests,"HTTP 200; found on 1 page(s); text ""The Cure Company Animal Z - 1g Preroll $11 Check Availabilit""",pass,,,,,,,,,,,,
C0862,linkcheck,www.thecurecompany.com,link_internal,https://www.thecurecompany.com/product?slug=animal-z---5g-smalls-the-cure-company-[web]-flower-5-39974&productId=39974,python-requests,"HTTP 200; found on 1 page(s); text ""The Cure Company Animal Z - 5g Smalls $40.91 Check Availabil""",pass,,,,,,,,,,,,
C0863,linkcheck,www.thecurecompany.com,link_internal,https://www.thecurecompany.com/product?slug=apple-gelato---1g-aio-vape-the-cure-company-%5Bweb%5D-vaporizers-1-91.93-39836&productId=39836,python-requests,"HTTP 200; found on 13 page(s); text ""The Cure Company Apple Gelato - 1g AIO Vape $20.21 Check Ava""",pass,,,,,,,,,,,,
C0864,linkcheck,www.thecurecompany.com,link_internal,https://www.thecurecompany.com/product?slug=apple-gelato---1g-aio-vape-the-cure-company-[web]-vaporizers-1-91.93-39836&productId=39836,python-requests,"HTTP 200; found on 1 page(s); text ""The Cure Company Apple Gelato - 1g AIO Vape $20.21 Check Ava""",pass,,,,,,,,,,,,
C0865,linkcheck,www.thecurecompany.com,link_internal,https://www.thecurecompany.com/product?slug=awaken---bath-bomb-pure-cbd-25mg-kush-queen-bath-196-35495&productId=35495,python-requests,"HTTP 200; found on 1 page(s); text ""Kush Queen Awaken - Bath Bomb Pure CBD 25mg $12.71 Check Ava""",pass,,,,,,,,,,,,
C0866,linkcheck,www.thecurecompany.com,link_internal,https://www.thecurecompany.com/product?slug=baby-infused---tropicali-jeeter-pre-rolls-2.5-38107,python-requests,"HTTP 200; found on 1 page(s); text ""Add To Cart | Check Availability | Get Notified | cart""",pass,,,,,,,,,,,,
C0867,linkcheck,www.thecurecompany.com,link_internal,https://www.thecurecompany.com/product?slug=baja-blast-gummies---1000mg-the-cure-company-%5Bweb%5D-edibles-1000-39847&productId=39847,python-requests,"HTTP 200; found on 4 page(s); text ""The Cure Company Baja Blast Gummies - 1000mg $10 Check Avail""",pass,,,,,,,,,,,,
C0868,linkcheck,www.thecurecompany.com,link_internal,https://www.thecurecompany.com/product?slug=baja-blast-gummies---1000mg-the-cure-company-[web]-edibles-1000-39847&productId=39847,python-requests,"HTTP 200; found on 1 page(s); text ""The Cure Company Baja Blast Gummies - 1000mg $10 Check Avail""",pass,,,,,,,,,,,,
C0869,linkcheck,www.thecurecompany.com,link_internal,https://www.thecurecompany.com/product?slug=baja-blast-the-cure-company-root-category-39.7-39371&productId=39371,python-requests,"HTTP 200; found on 1 page(s); text ""The Cure Company Baja Blast $7.94 Check Availability""",pass,,,,,,,,,,,,
C0870,linkcheck,www.thecurecompany.com,link_internal,https://www.thecurecompany.com/product?slug=bear-labs:-grilled-peaches-1g-live-resin-diamonds-custom-brand-root-category-1-32933,python-requests,"HTTP 200; found on 1 page(s); text ""Add To Cart | Check Availability | Get Notified | cart""",pass,,,,,,,,,,,,
C0871,linkcheck,www.thecurecompany.com,link_internal,https://www.thecurecompany.com/product?slug=big-chief---cart---amnesia-haze---1g-custom-brand-vape-pens-1-36438,python-requests,"HTTP 200; found on 1 page(s); text ""Add To Cart | Check Availability | Get Notified | cart""",pass,,,,,,,,,,,,
C0872,linkcheck,www.thecurecompany.com,link_internal,https://www.thecurecompany.com/product?slug=big-perm-juice-vape-cart-(la-family-farms---cured-resin)-coldfire-extracts-vape-pens-1-33092,python-requests,"HTTP 200; found on 1 page(s); text ""Add To Cart | Check Availability | Get Notified | cart""",pass,,,,,,,,,,,,
C0873,linkcheck,www.thecurecompany.com,link_internal,https://www.thecurecompany.com/product?slug=biscotti-,python-requests,"HTTP 200; found on 1 page(s); text ""The Cure Company Biscotti #2 - 1g Preroll $11 Check Availabi""",pass,,,,,,,,,,,,
C0874,linkcheck,www.thecurecompany.com,link_internal,https://www.thecurecompany.com/product?slug=biscotti-%232---1g-preroll-the-cure-company-%5Bweb%5D-pre-rolls-1-39880&productId=39880,python-requests,"HTTP 200; found on 15 page(s); text ""The Cure Company Biscotti #2 - 1g Preroll $11 Check Availabi""",pass,,,,,,,,,,,,
C0875,linkcheck,www.thecurecompany.com,link_internal,https://www.thecurecompany.com/product?slug=black-mamba---jack-herer---infused-blunt-5pk-sativa---6g-custom-brand-pre-rolls-6-33523,python-requests,"HTTP 200; found on 1 page(s); text ""Add To Cart | Check Availability | Get Notified | cart""",pass,,,,,,,,,,,,
C0876,linkcheck,www.thecurecompany.com,link_internal,https://www.thecurecompany.com/product?slug=blueberry-kush---1g-aio-vape-the-cure-company-%5Bweb%5D-vaporizers-1-39834&productId=39834,python-requests,"HTTP 200; found on 13 page(s); text ""The Cure Company Blueberry Kush - 1g AIO Vape $20.21 Check A""",pass,,,,,,,,,,,,
C0877,linkcheck,www.thecurecompany.com,link_internal,https://www.thecurecompany.com/product?slug=blueberry-kush---1g-aio-vape-the-cure-company-[web]-vaporizers-1-39834&productId=39834,python-requests,"HTTP 200; found on 1 page(s); text ""The Cure Company Blueberry Kush - 1g AIO Vape $20.21 Check A""",pass,,,,,,,,,,,,
C0878,linkcheck,www.thecurecompany.com,link_internal,https://www.thecurecompany.com/product?slug=bolato---1g-live-resin-aio-vape-the-cure-company-%5Bweb%5D-vaporizers-1-39829&productId=39829,python-requests,"HTTP 200; found on 13 page(s); text ""The Cure Company Bolato - 1g Live Resin AIO Vape $50 Check A""",pass,,,,,,,,,,,,
C0879,linkcheck,www.thecurecompany.com,link_internal,https://www.thecurecompany.com/product?slug=bolato---1g-live-resin-aio-vape-the-cure-company-[web]-vaporizers-1-39829&productId=39829,python-requests,"HTTP 200; found on 1 page(s); text ""The Cure Company Bolato - 1g Live Resin AIO Vape $50 Check A""",pass,,,,,,,,,,,,
C0880,linkcheck,www.thecurecompany.com,link_internal,https://www.thecurecompany.com/product?slug=bolato---1g-preroll-the-cure-company-%5Bweb%5D-pre-rolls-1-39879&productId=39879,python-requests,"HTTP 200; found on 15 page(s); text ""The Cure Company Bolato - 1g Preroll $11 Check Availability""",pass,,,,,,,,,,,,
C0881,linkcheck,www.thecurecompany.com,link_internal,https://www.thecurecompany.com/product?slug=bolato---1g-preroll-the-cure-company-[web]-pre-rolls-1-39879&productId=39879,python-requests,"HTTP 200; found on 1 page(s); text ""The Cure Company Bolato - 1g Preroll $11 Check Availability""",pass,,,,,,,,,,,,
C0882,linkcheck,www.thecurecompany.com,link_internal,https://www.thecurecompany.com/product?slug=box---platinum-og---5pk-infused-blunt-black-mamba-cannabis-pre-rolls-6-33997,python-requests,"HTTP 200; found on 1 page(s); text ""Add To Cart | Check Availability | Get Notified | cart""",pass,,,,,,,,,,,,
C0883,linkcheck,www.thecurecompany.com,link_internal,https://www.thecurecompany.com/product?slug=bubble-gum---1g-aio-vape-the-cure-company-%5Bweb%5D-vaporizers-1-91.49-39835&productId=39835,python-requests,"HTTP 200; found on 13 page(s); text ""The Cure Company Bubble Gum - 1g AIO Vape $20.21 Check Avail""",pass,,,,,,,,,,,,
C0884,linkcheck,www.thecurecompany.com,link_internal,https://www.thecurecompany.com/product?slug=bubble-gum---1g-aio-vape-the-cure-company-[web]-vaporizers-1-91.49-39835&productId=39835,python-requests,"HTTP 200; found on 1 page(s); text ""The Cure Company Bubble Gum - 1g AIO Vape $20.21 Check Avail""",pass,,,,,,,,,,,,
C0885,linkcheck,www.thecurecompany.com,link_internal,https://www.thecurecompany.com/product?slug=bubble-gum---1g-live-resin-aio-vape-the-cure-company-%5Bweb%5D-vaporizers-1-39828&productId=39828,python-requests,"HTTP 200; found on 13 page(s); text ""The Cure Company Bubble Gum - 1g Live Resin AIO Vape $50 Che""",pass,,,,,,,,,,,,
C0886,linkcheck,www.thecurecompany.com,link_internal,https://www.thecurecompany.com/product?slug=bubble-gum---1g-live-resin-aio-vape-the-cure-company-[web]-vaporizers-1-39828&productId=39828,python-requests,"HTTP 200; found on 1 page(s); text ""The Cure Company Bubble Gum - 1g Live Resin AIO Vape $50 Che""",pass,,,,,,,,,,,,
C0887,linkcheck,www.thecurecompany.com,link_internal,https://www.thecurecompany.com/product?slug=cake---aio---pink-guava---1.25g-custom-brand-vape-pens-1.25-38375,python-requests,"HTTP 200; found on 1 page(s); text ""Add To Cart | Check Availability | Get Notified | cart""",pass,,,,,,,,,,,,
C0888,linkcheck,www.thecurecompany.com,link_internal,https://www.thecurecompany.com/product?slug=cam---3.5g---pineapple-express---3.5g-custom-brand-root-category-3.5-36128,python-requests,"HTTP 200; found on 1 page(s); text ""Add To Cart | Check Availability | Get Notified | cart""",pass,,,,,,,,,,,,
C0889,linkcheck,www.thecurecompany.com,link_internal,https://www.thecurecompany.com/product?slug=cannabiotix---blue-milk-og-terp-sugar---1-g-cannabiotix-concentrates-1-51304&productId=51304,python-requests,"HTTP 200; found on 1 page(s); text ""Cannabiotix Cannabiotix - Blue Milk OG Terp Sugar - 1 g $22.""",pass,,,,,,,,,,,,
C0890,linkcheck,www.thecurecompany.com,link_internal,https://www.thecurecompany.com/product?slug=cannabiotix---casino-kush-premium-cannabis-flower---3.5-g-cannabiotix-flower-3.5-51197&productId=51197,python-requests,"HTTP 200; found on 1 page(s); text ""Cannabiotix Cannabiotix - Casino Kush Premium Cannabis Flowe""",pass,,,,,,,,,,,,
C0891,linkcheck,www.thecurecompany.com,link_internal,https://www.thecurecompany.com/product?slug=cannabiotix---dropane-terp-sugar---1-g-cannabiotix-concentrates-1-51301&productId=51301,python-requests,"HTTP 200; found on 1 page(s); text ""Cannabiotix Cannabiotix - Dropane Terp Sugar - 1 g $22.24 Ch""",pass,,,,,,,,,,,,
C0892,linkcheck,www.thecurecompany.com,link_internal,https://www.thecurecompany.com/product?slug=cannabiotix---grape-gasby-terp-sugar---1-g-cannabiotix-concentrates-1-51305&productId=51305,python-requests,"HTTP 200; found on 1 page(s); text ""Cannabiotix Cannabiotix - Grape Gasby Terp Sugar - 1 g $22.2""",pass,,,,,,,,,,,,
C0893,linkcheck,www.thecurecompany.com,link_internal,https://www.thecurecompany.com/product?slug=cannabiotix---jet-lag-og-terp-sugar---1-g-cannabiotix-concentrates-1-51311&productId=51311,python-requests,"HTTP 200; found on 1 page(s); text ""Cannabiotix Cannabiotix - Jet Lag OG Terp Sugar - 1 g $22.24""",pass,,,,,,,,,,,,
C0894,linkcheck,www.thecurecompany.com,link_internal,https://www.thecurecompany.com/product?slug=cannabiotix---l%27orange-preroll-4-pack---2-g-cannabiotix-flower-2-51199&productId=51199,python-requests,"HTTP 200; found on 1 page(s); text ""Cannabiotix Cannabiotix - L'Orange Preroll 4 Pack - 2 g $23.""",pass,,,,,,,,,,,,
C0895,linkcheck,www.thecurecompany.com,link_internal,https://www.thecurecompany.com/product?slug=cbd-peach-gummy-100mg-kushy-punch-candy-15-38924&productId=38924,python-requests,"HTTP 200; found on 1 page(s); text ""Kushy Punch CBD Peach Gummy 100mg $11 Check Availability""",pass,,,,,,,,,,,,
C0896,linkcheck,www.thecurecompany.com,link_internal,https://www.thecurecompany.com/product?slug=cemetery-eights-dime-bag-darrell-flower-3.5-28-51672&productId=51672,python-requests,"HTTP 200; found on 1 page(s); text ""DimeBagDarrell Cemetery Eights $60 Check Availability""",pass,,,,,,,,,,,,
C0897,linkcheck,www.thecurecompany.com,link_internal,https://www.thecurecompany.com/product?slug=ces-budder---garlic-runtz-1g-custom-brand-root-category-1-34325,python-requests,"HTTP 200; found on 1 page(s); text ""Add To Cart | Check Availability | Get Notified | cart""",pass,,,,,,,,,,,,
C0898,linkcheck,www.thecurecompany.com,link_internal,https://www.thecurecompany.com/product?slug=cherry-bomb-syrup-tincture-1000mg-st-ides-edible-oils-60-34276&productId=34276,python-requests,"HTTP 200; found on 1 page(s); text ""ST Ides Cherry Bomb Syrup Tincture 1000mg $31.76 Check Avail""",pass,,,,,,,,,,,,
C0899,linkcheck,www.thecurecompany.com,link_internal,https://www.thecurecompany.com/product?slug=cherry-bomb-syrup-tincture-1000mg-st-ides-edible-oils-60-37568&productId=37568,python-requests,"HTTP 200; found on 1 page(s); text ""ST Ides Cherry Bomb Syrup Tincture 1000mg $31.76 Check Avail""",pass,,,,,,,,,,,,
C0900,linkcheck,www.thecurecompany.com,link_internal,https://www.thecurecompany.com/product?slug=cherry-bomb-syrup-tincture-1000mg-st-ides-edible-oils-60-38718&productId=38718,python-requests,"HTTP 200; found on 1 page(s); text ""ST Ides Cherry Bomb Syrup Tincture 1000mg $30.63 Check Avail""",pass,,,,,,,,,,,,
C0901,linkcheck,www.thecurecompany.com,link_internal,https://www.thecurecompany.com/product?slug=cherry-pie-diesel-live-sauce-raw-garden%E2%84%A2-concentrates-1-32750,python-requests,"HTTP 200; found on 1 page(s); text ""Add To Cart | Check Availability | Get Notified | cart""",pass,,,,,,,,,,,,
C0902,linkcheck,www.thecurecompany.com,link_internal,https://www.thecurecompany.com/product?slug=claybourne---mango-machine---infused-blunt---1.5g-custom-brand-pre-rolls-1.5-34913,python-requests,"HTTP 200; found on 1 page(s); text ""Add To Cart | Check Availability | Get Notified | cart""",pass,,,,,,,,,,,,
C0903,linkcheck,www.thecurecompany.com,link_internal,https://www.thecurecompany.com/product?slug=claybourne-co.---banana-og---flyers-infused-blunt---1.5-g-claybourne-co.-pre-rolls-1.5-49992,python-requests,"HTTP 200; found on 1 page(s); text ""Add To Cart | Check Availability | Get Notified | cart""",pass,,,,,,,,,,,,
C0904,linkcheck,www.thecurecompany.com,link_internal,https://www.thecurecompany.com/product?slug=cloud-cake-refined-live-resin%E2%84%A2-cartridge-raw-garden%E2%84%A2-vape-pens-1-39224,python-requests,"HTTP 200; found on 1 page(s); text ""Add To Cart | Check Availability | Get Notified | cart""",pass,,,,,,,,,,,,
C0905,linkcheck,www.thecurecompany.com,link_internal,https://www.thecurecompany.com/product?slug=coldfire-cartridge---jelly-cake---1g-custom-brand-vape-pens-50962,python-requests,"HTTP 200; found on 1 page(s); text ""Add To Cart | Check Availability | Get Notified | cart""",pass,,,,,,,,,,,,
C0906,linkcheck,www.thecurecompany.com,link_internal,https://www.thecurecompany.com/product?slug=cookies---blue-raz---infused-pre-roll-1g-custom-brand-root-category-1-51126,python-requests,"HTTP 200; found on 1 page(s); text ""Add To Cart | Check Availability | Get Notified | cart""",pass,,,,,,,,,,,,
C0907,linkcheck,www.thecurecompany.com,link_internal,https://www.thecurecompany.com/product?slug=cookies---infused-pre-roll---berniehana-butter---1-g-cookies-pre-rolls-1-51338&productId=51338,python-requests,"HTTP 200; found on 1 page(s); text ""Cookies Cookies - Infused Pre Roll - BernieHana Butter - 1 g""",pass,,,,,,,,,,,,
C0908,linkcheck,www.thecurecompany.com,link_internal,https://www.thecurecompany.com/product?slug=cookies---infused-pre-roll---gary-payton---1-g-cookies-pre-rolls-1-51332&productId=51332,python-requests,"HTTP 200; found on 1 page(s); text ""Cookies Cookies - Infused Pre Roll - Gary Payton - 1 g $15.4""",pass,,,,,,,,,,,,
C0909,linkcheck,www.thecurecompany.com,link_internal,https://www.thecurecompany.com/product?slug=cookies---infused-pre-roll---ridgeline-lantz---1-g-cookies-pre-rolls-1-51331&productId=51331,python-requests,"HTTP 200; found on 1 page(s); text ""Cookies Cookies - Infused Pre Roll - Ridgeline Lantz - 1 g $""",pass,,,,,,,,,,,,
C0910,linkcheck,www.thecurecompany.com,link_internal,https://www.thecurecompany.com/product?slug=cookies---infused-pre-roll---triple-scoop---1-g-cookies-pre-rolls-1-51342&productId=51342,python-requests,"HTTP 200; found on 1 page(s); text ""Cookies Cookies - Infused Pre Roll - Triple Scoop - 1 g $15.""",pass,,,,,,,,,,,,
C0911,linkcheck,www.thecurecompany.com,link_internal,https://www.thecurecompany.com/product?slug=cooling-roll-on-%E2%80%93-150mg-cbd-%7C-160mg-thc-carter%27s-aromatherapy-design-c.a.d.-topicals-9-34038&productId=34038,python-requests,"HTTP 200; found on 1 page(s); text ""Carter's Aromatherapy Design C.A.D. Cooling Roll-On – 150mg """,pass,,,,,,,,,,,,
C0912,linkcheck,www.thecurecompany.com,link_internal,https://www.thecurecompany.com/product?slug=cure-company-black-semi-truck-shirt---2xl-custom-brand-apparel-33652,python-requests,"HTTP 200; found on 1 page(s); text ""Add To Cart | Check Availability | Get Notified | cart""",pass,,,,,,,,,,,,
C0913,linkcheck,www.thecurecompany.com,link_internal,https://www.thecurecompany.com/product?slug=curelato---0.7g-prerolls-5-pack-the-cure-company-%5Bweb%5D-pre-rolls-3.5-39871&productId=39871,python-requests,"HTTP 200; found on 15 page(s); text ""The Cure Company Curelato - 0.7g Prerolls 5 Pack $35 Check A""",pass,,,,,,,,,,,,
C0914,linkcheck,www.thecurecompany.com,link_internal,https://www.thecurecompany.com/product?slug=curelato---0.7g-prerolls-5-pack-the-cure-company-[web]-pre-rolls-3.5-39871&productId=39871,python-requests,"HTTP 200; found on 1 page(s); text ""The Cure Company Curelato - 0.7g Prerolls 5 Pack $35 Check A""",pass,,,,,,,,,,,,
C0915,linkcheck,www.thecurecompany.com,link_internal,https://www.thecurecompany.com/product?slug=curelato---14g-minis-the-cure-company-%5Bweb%5D-flower-14-33-40040&productId=40040,python-requests,"HTTP 200; found on 10 page(s); text ""The Cure Company Curelato - 14g Minis $90.24 Check Availabil""",pass,,,,,,,,,,,,
C0916,linkcheck,www.thecurecompany.com,link_internal,https://www.thecurecompany.com/product?slug=curelato---14g-minis-the-cure-company-[web]-flower-14-33-40040&productId=40040,python-requests,"HTTP 200; found on 2 page(s); text ""The Cure Company Curelato - 14g Minis $90.24 Check Availabil""",pass,,,,,,,,,,,,
C0917,linkcheck,www.thecurecompany.com,link_internal,https://www.thecurecompany.com/product?slug=curelato---1g-preroll-the-cure-company-%5Bweb%5D-pre-rolls-1-28-39886&productId=39886,python-requests,"HTTP 200; found on 15 page(s); text ""The Cure Company Curelato - 1g Preroll $14 Check Availabilit""",pass,,,,,,,,,,,,
C0918,linkcheck,www.thecurecompany.com,link_internal,https://www.thecurecompany.com/product?slug=curelato---1g-preroll-the-cure-company-[web]-pre-rolls-1-28-39886&productId=39886,python-requests,"HTTP 200; found on 1 page(s); text ""The Cure Company Curelato - 1g Preroll $14 Check Availabilit""",pass,,,,,,,,,,,,
C0919,linkcheck,www.thecurecompany.com,link_internal,https://www.thecurecompany.com/product?slug=curelato---3.5g-flower-the-cure-company-%5Bweb%5D-flower-3.5-33-40054&productId=40054,python-requests,"HTTP 200; found on 10 page(s); text ""The Cure Company Curelato - 3.5g Flower $32.49 Check Availab""",pass,,,,,,,,,,,,
C0920,linkcheck,www.thecurecompany.com,link_internal,https://www.thecurecompany.com/product?slug=curelato---3.5g-flower-the-cure-company-[web]-flower-3.5-33-40054&productId=40054,python-requests,"HTTP 200; found on 2 page(s); text ""The Cure Company Curelato - 3.5g Flower $32.49 Check Availab""",pass,,,,,,,,,,,,
C0921,linkcheck,www.thecurecompany.com,link_internal,https://www.thecurecompany.com/product?slug=curelato---5g-smalls-the-cure-company-%5Bweb%5D-flower-5-33-40055&productId=40055,python-requests,"HTTP 200; found on 10 page(s); text ""The Cure Company Curelato - 5g Smalls $55 Check Availability""",pass,,,,,,,,,,,,
C0922,linkcheck,www.thecurecompany.com,link_internal,https://www.thecurecompany.com/product?slug=curelato---5g-smalls-the-cure-company-[web]-flower-5-33-40055&productId=40055,python-requests,"HTTP 200; found on 2 page(s); text ""The Cure Company Curelato - 5g Smalls $55 Check Availability""",pass,,,,,,,,,,,,
C0923,linkcheck,www.thecurecompany.com,link_internal,https://www.thecurecompany.com/product?slug=curelato---smalls-the-cure-company-root-category-28-36928,python-requests,"HTTP 200; found on 1 page(s); text ""Add To Cart | Check Availability | Get Notified | cart""",pass,,,,,,,,,,,,
C0924,linkcheck,www.thecurecompany.com,link_internal,https://www.thecurecompany.com/product?slug=curelato-runtz---14g-minis-the-cure-company-%5Bweb%5D-flower-14-32-40039&productId=40039,python-requests,"HTTP 200; found on 10 page(s); text ""The Cure Company Curelato Runtz - 14g Minis $90.24 Check Ava""",pass,,,,,,,,,,,,
C0925,linkcheck,www.thecurecompany.com,link_internal,https://www.thecurecompany.com/product?slug=curelato-runtz---14g-minis-the-cure-company-[web]-flower-14-32-40039&productId=40039,python-requests,"HTTP 200; found on 2 page(s); text ""The Cure Company Curelato Runtz - 14g Minis $90.24 Check Ava""",pass,,,,,,,,,,,,
C0926,linkcheck,www.thecurecompany.com,link_internal,https://www.thecurecompany.com/product?slug=curelato-runtz---1g-preroll-the-cure-company-%5Bweb%5D-pre-rolls-1-28-39883&productId=39883,python-requests,"HTTP 200; found on 15 page(s); text ""The Cure Company Curelato Runtz - 1g Preroll $14 Check Avail""",pass,,,,,,,,,,,,
C0927,linkcheck,www.thecurecompany.com,link_internal,https://www.thecurecompany.com/product?slug=curelato-runtz---1g-preroll-the-cure-company-[web]-pre-rolls-1-28-39883&productId=39883,python-requests,"HTTP 200; found on 1 page(s); text ""The Cure Company Curelato Runtz - 1g Preroll $14 Check Avail""",pass,,,,,,,,,,,,
C0928,linkcheck,www.thecurecompany.com,link_internal,https://www.thecurecompany.com/product?slug=curelato-runtz---3.5g-flower-the-cure-company-%5Bweb%5D-flower-3.5-32-40037&productId=40037,python-requests,"HTTP 200; found on 10 page(s); text ""The Cure Company Curelato Runtz - 3.5g Flower $40.91 Check A""",pass,,,,,,,,,,,,
C0929,linkcheck,www.thecurecompany.com,link_internal,https://www.thecurecompany.com/product?slug=curelato-runtz---3.5g-flower-the-cure-company-[web]-flower-3.5-32-40037&productId=40037,python-requests,"HTTP 200; found on 2 page(s); text ""The Cure Company Curelato Runtz - 3.5g Flower $40.91 Check A""",pass,,,,,,,,,,,,
C0930,linkcheck,www.thecurecompany.com,link_internal,https://www.thecurecompany.com/product?slug=daily-smoke---cherry-bubblegum---1-g-daily-smoke-root-category-1-51475,python-requests,"HTTP 200; found on 1 page(s); text ""Add To Cart | Check Availability | Get Notified | cart""",pass,,,,,,,,,,,,
C0931,linkcheck,www.thecurecompany.com,link_internal,https://www.thecurecompany.com/product?slug=daily-smoke---fire-og---3.5g-custom-brand-root-category-3.5-36115,python-requests,"HTTP 200; found on 1 page(s); text ""Add To Cart | Check Availability | Get Notified | cart""",pass,,,,,,,,,,,,
C0932,linkcheck,www.thecurecompany.com,link_internal,https://www.thecurecompany.com/product?slug=daily-smoke---knockout-og---pre-roll-1g-custom-brand-flower-1-50650,python-requests,"HTTP 200; found on 1 page(s); text ""Add To Cart | Check Availability | Get Notified | cart""",pass,,,,,,,,,,,,
C0933,linkcheck,www.thecurecompany.com,link_internal,https://www.thecurecompany.com/product?slug=drift-away-herbal-cannabis-tincture-yummi-karma-edible-oils-30-35488&productId=35488,python-requests,"HTTP 200; found on 1 page(s); text ""Yummi Karma Drift Away Herbal Cannabis Tincture $33 Check Av""",pass,,,,,,,,,,,,
C0934,linkcheck,www.thecurecompany.com,link_internal,https://www.thecurecompany.com/product?slug=gelato---last-bites-milk-chocolate-caramel-mini-cones-100mg---80-g-gelato-edibles-80-50065&productId=50065,python-requests,"HTTP 200; found on 1 page(s); text ""Gelato Gelato - Last Bites Milk Chocolate Caramel Mini Cones""",pass,,,,,,,,,,,,
C0935,linkcheck,www.thecurecompany.com,link_internal,https://www.thecurecompany.com/product?slug=gelato---last-bites-strawberry-chocolate-mini-cones-100mg---80-g-gelato-edibles-80-50548&productId=50548,python-requests,"HTTP 200; found on 1 page(s); text ""Gelato Gelato - Last Bites Strawberry Chocolate Mini Cones 1""",pass,,,,,,,,,,,,
C0936,linkcheck,www.thecurecompany.com,link_internal,https://www.thecurecompany.com/product?slug=gramlin---amaretto-mintz---3.5g-custom-brand-root-category-34520,python-requests,"HTTP 200; found on 1 page(s); text ""Add To Cart | Check Availability | Get Notified | cart""",pass,,,,,,,,,,,,
C0937,linkcheck,www.thecurecompany.com,link_internal,https://www.thecurecompany.com/product?slug=gramlin---live-rosin-aio---z-cake---1g-custom-brand-vape-pens-1-38348,python-requests,"HTTP 200; found on 1 page(s); text ""Add To Cart | Check Availability | Get Notified | cart""",pass,,,,,,,,,,,,
C0938,linkcheck,www.thecurecompany.com,link_internal,https://www.thecurecompany.com/product?slug=hotbox%E2%84%A2---skunkberry-hybrid---3.5-g-hotbox%E2%84%A2-flower-3.5-51368&productId=51368,python-requests,"HTTP 200; found on 1 page(s); text ""HOTBOX™ HOTBOX™ - Skunkberry Hybrid - 3.5 g $31.69 Check Ava""",pass,,,,,,,,,,,,
C0939,linkcheck,www.thecurecompany.com,link_internal,"https://www.thecurecompany.com/product?slug=ice-packs-rosin,-diamond,-hash-infused---5pk---maui-waui-rove-pre-rolls-2.5-35782",python-requests,"HTTP 200; found on 1 page(s); text ""Add To Cart | Check Availability | Get Notified | cart""",pass,,,,,,,,,,,,
C0940,linkcheck,www.thecurecompany.com,link_internal,https://www.thecurecompany.com/product?slug=indica-watermelon---individuals-kushy-punch-candy-30-39042&productId=39042,python-requests,"HTTP 200; found on 1 page(s); text ""Kushy Punch Indica Watermelon - Individuals $11.12 Check Ava""",pass,,,,,,,,,,,,
C0941,linkcheck,www.thecurecompany.com,link_internal,https://www.thecurecompany.com/product?slug=jack-pot-the-cure-company-root-category-3.5-37599,python-requests,"HTTP 200; found on 1 page(s); text ""Add To Cart | Check Availability | Get Notified | cart""",pass,,,,,,,,,,,,
C0942,linkcheck,www.thecurecompany.com,link_internal,https://www.thecurecompany.com/product?slug=jeeter---acapulco-gold---xl-rosin-infused---pre-roll-2g-custom-brand-pre-rolls-2-33556,python-requests,"HTTP 200; found on 1 page(s); text ""Add To Cart | Check Availability | Get Notified | cart""",pass,,,,,,,,,,,,
C0943,linkcheck,www.thecurecompany.com,link_internal,https://www.thecurecompany.com/product?slug=jeeter---infused-xl-preroll---blue-dream---2g-custom-brand-pre-rolls-2-39776,python-requests,"HTTP 200; found on 1 page(s); text ""Add To Cart | Check Availability | Get Notified | cart""",pass,,,,,,,,,,,,
C0944,linkcheck,www.thecurecompany.com,link_internal,https://www.thecurecompany.com/product?slug=jeeter---infused-xl-preroll---milk-man---2g-custom-brand-pre-rolls-2-39780,python-requests,"HTTP 200; found on 1 page(s); text ""Add To Cart | Check Availability | Get Notified | cart""",pass,,,,,,,,,,,,
C0945,linkcheck,www.thecurecompany.com,link_internal,https://www.thecurecompany.com/product?slug=just-peachy-30%3A1-high-cbd-ratio-tincture-yummi-karma-edible-oils-30-35562&productId=35562,python-requests,"HTTP 200; found on 1 page(s); text ""Yummi Karma Just Peachy 30:1 High CBD Ratio Tincture $44 Che""",pass,,,,,,,,,,,,
C0946,linkcheck,www.thecurecompany.com,link_internal,https://www.thecurecompany.com/product?slug=khalifa-kush---baby-turtle---1-g-khalifa-kush-flower-1-51234&productId=51234,python-requests,"HTTP 200; found on 1 page(s); text ""Khalifa Kush Khalifa Kush - Baby Turtle - 1 g $12.68 Check A""",pass,,,,,,,,,,,,
C0947,linkcheck,www.thecurecompany.com,link_internal,https://www.thecurecompany.com/product?slug=khalifa-kush---baby-turtle---1-g-khalifa-kush-flower-1-51462&productId=51462,python-requests,"HTTP 200; found on 1 page(s); text ""Khalifa Kush Khalifa Kush - Baby Turtle - 1 g $12.68 Check A""",pass,,,,,,,,,,,,
C0948,linkcheck,www.thecurecompany.com,link_internal,https://www.thecurecompany.com/product?slug=khalifa-kush---khalifa-kush---1-g-khalifa-kush-flower-1-51461&productId=51461,python-requests,"HTTP 200; found on 1 page(s); text ""Khalifa Kush Khalifa Kush - Khalifa Kush - 1 g $12.68 Check """,pass,,,,,,,,,,,,
C0949,linkcheck,www.thecurecompany.com,link_internal,https://www.thecurecompany.com/product?slug=khalifa-kush---khalifa-mints---1-g-khalifa-kush-flower-1-51233&productId=51233,python-requests,"HTTP 200; found on 1 page(s); text ""Khalifa Kush Khalifa Kush - Khalifa Mints - 1 g $12.68 Check""",pass,,,,,,,,,,,,
C0950,linkcheck,www.thecurecompany.com,link_internal,https://www.thecurecompany.com/product?slug=khalifa-kush---khalifa-mints---1-g-khalifa-kush-flower-1-51452&productId=51452,python-requests,"HTTP 200; found on 1 page(s); text ""Khalifa Kush Khalifa Kush - Khalifa Mints - 1 g $12.68 Check""",pass,,,,,,,,,,,,
C0951,linkcheck,www.thecurecompany.com,link_internal,https://www.thecurecompany.com/product?slug=khalifa-kush---violet-sky-(h)---1-g-khalifa-kush-flower-1-51225&productId=51225,python-requests,"HTTP 200; found on 1 page(s); text ""Khalifa Kush Khalifa Kush - Violet Sky (H) - 1 g $12.68 Chec""",pass,,,,,,,,,,,,
C0952,linkcheck,www.thecurecompany.com,link_internal,https://www.thecurecompany.com/product?slug=khalifa-kush---violet-sky-(h)---1-g-khalifa-kush-flower-1-51460&productId=51460,python-requests,"HTTP 200; found on 1 page(s); text ""Khalifa Kush Khalifa Kush - Violet Sky (H) - 1 g $12.68 Chec""",pass,,,,,,,,,,,,
C0953,linkcheck,www.thecurecompany.com,link_internal,https://www.thecurecompany.com/product?slug=khalifa-kush---violet-sky-(h)-flower---3.5-g-khalifa-kush-flower-3.5-51230&productId=51230,python-requests,"HTTP 200; found on 1 page(s); text ""Khalifa Kush Khalifa Kush - Violet Sky (H) Flower - 3.5 g $4""",pass,,,,,,,,,,,,
C0954,linkcheck,www.thecurecompany.com,link_internal,https://www.thecurecompany.com/product?slug=king-louie---1g-aio-vape-the-cure-company-%5Bweb%5D-vaporizers-1-90.15-39839&productId=39839,python-requests,"HTTP 200; found on 13 page(s); text ""The Cure Company King Louie - 1g AIO Vape $20.21 Check Avail""",pass,,,,,,,,,,,,
C0955,linkcheck,www.thecurecompany.com,link_internal,https://www.thecurecompany.com/product?slug=king-louie---1g-aio-vape-the-cure-company-[web]-vaporizers-1-90.15-39839&productId=39839,python-requests,"HTTP 200; found on 1 page(s); text ""The Cure Company King Louie - 1g AIO Vape $20.21 Check Avail""",pass,,,,,,,,,,,,
C0956,linkcheck,www.thecurecompany.com,link_internal,https://www.thecurecompany.com/product?slug=king-louie---1g-vape-cartridge-the-cure-company-%5Bweb%5D-vaporizers-1-88.8-39821&productId=39821,python-requests,"HTTP 200; found on 13 page(s); text ""The Cure Company King Louie - 1g Vape Cartridge $14.44 Check""",pass,,,,,,,,,,,,
C0957,linkcheck,www.thecurecompany.com,link_internal,https://www.thecurecompany.com/product?slug=king-louie---1g-vape-cartridge-the-cure-company-[web]-vaporizers-1-88.8-39821&productId=39821,python-requests,"HTTP 200; found on 1 page(s); text ""The Cure Company King Louie - 1g Vape Cartridge $14.44 Check""",pass,,,,,,,,,,,,
C0958,linkcheck,www.thecurecompany.com,link_internal,https://www.thecurecompany.com/product?slug=king-louie---3.5g-flower-the-cure-company-%5Bweb%5D-flower-3.5-30-40044&productId=40044,python-requests,"HTTP 200; found on 10 page(s); text ""The Cure Company King Louie - 3.5g Flower $40.91 Check Avail""",pass,,,,,,,,,,,,
C0959,linkcheck,www.thecurecompany.com,link_internal,https://www.thecurecompany.com/product?slug=king-louie---3.5g-flower-the-cure-company-[web]-flower-3.5-30-40044&productId=40044,python-requests,"HTTP 200; found on 2 page(s); text ""The Cure Company King Louie - 3.5g Flower $40.91 Check Avail""",pass,,,,,,,,,,,,
C0960,linkcheck,www.thecurecompany.com,link_internal,https://www.thecurecompany.com/product?slug=kingroll---4-pack-zoap-x-permanent-marker-hybrid---3-g-kingroll-pre-rolls-3-51383&productId=51383,python-requests,"HTTP 200; found on 1 page(s); text ""Kingroll Kingroll - 4-Pack Zoap x Permanent Marker Hybrid - """,pass,,,,,,,,,,,,
C0961,linkcheck,www.thecurecompany.com,link_internal,https://www.thecurecompany.com/product?slug=kingroll---ace-%7C-cannalope-ak-x-cannalope-kush---.6-g-kingroll-pre-rolls-0.6-51370&productId=51370,python-requests,"HTTP 200; found on 1 page(s); text ""Kingroll Kingroll - Ace | Cannalope AK x Cannalope Kush - .6""",pass,,,,,,,,,,,,
C0962,linkcheck,www.thecurecompany.com,link_internal,https://www.thecurecompany.com/product?slug=kingroll---gg4-x-zookies-v3---4-pack-pre-rolls---3-g-kingroll-pre-rolls-3-51366&productId=51366,python-requests,"HTTP 200; found on 1 page(s); text ""Kingroll Kingroll - GG4 x Zookies v3 - 4 pack Pre Rolls - 3 """,pass,,,,,,,,,,,,
C0963,linkcheck,www.thecurecompany.com,link_internal,https://www.thecurecompany.com/product?slug=kingroll---jr.-4-pack-g13-x-master-kush-indica---3-g-kingroll-flower-3-51373&productId=51373,python-requests,"HTTP 200; found on 1 page(s); text ""Kingroll Kingroll - Jr. 4-Pack G13 x Master Kush Indica - 3 """,pass,,,,,,,,,,,,
C0964,linkcheck,www.thecurecompany.com,link_internal,https://www.thecurecompany.com/product?slug=kingroll---junior-infused-preroll-4-pack---strawberry-cough-x-lemoncello---0.75g-custom-brand-pre-rolls-2.5-36176,python-requests,"HTTP 200; found on 1 page(s); text ""Add To Cart | Check Availability | Get Notified | cart""",pass,,,,,,,,,,,,
C0965,linkcheck,www.thecurecompany.com,link_internal,https://www.thecurecompany.com/product?slug=kingroll---single-blueberry-x-fire-og-indica---1.3-g-kingroll-pre-rolls-1.3-51364&productId=51364,python-requests,"HTTP 200; found on 1 page(s); text ""Kingroll Kingroll - Single Blueberry x Fire OG Indica - 1.3 """,pass,,,,,,,,,,,,
C0966,linkcheck,www.thecurecompany.com,link_internal,https://www.thecurecompany.com/product?slug=kingroll---single-grandi-guava-x-grapefruit-romulan---1.3-g-kingroll-pre-rolls-1.3-51380&productId=51380,python-requests,"HTTP 200; found on 1 page(s); text ""Kingroll Kingroll - Single Grandi Guava x Grapefruit Romulan""",pass,,,,,,,,,,,,
C0967,linkcheck,www.thecurecompany.com,link_internal,https://www.thecurecompany.com/product?slug=kingroll---single-white-rntz-x-apple-fritter---1.3-g-kingroll-flower-1.3-51214&productId=51214,python-requests,"HTTP 200; found on 1 page(s); text ""Kingroll Kingroll - Single White RNTZ x Apple Fritter - 1.3 """,pass,,,,,,,,,,,,
C0968,linkcheck,www.thecurecompany.com,link_internal,https://www.thecurecompany.com/product?slug=kingroll---single-zoap-x-permanent-marker-hybrid---1.3-g-kingroll-flower-1.3-51374&productId=51374,python-requests,"HTTP 200; found on 1 page(s); text ""Kingroll Kingroll - Single Zoap x Permanent Marker Hybrid - """,pass,,,,,,,,,,,,
C0969,linkcheck,www.thecurecompany.com,link_internal,https://www.thecurecompany.com/product?slug=kingroll---zerealz-x-watermelon-sorbet-4-pack-pre-rolls---3-g-kingroll-pre-rolls-3-51375&productId=51375,python-requests,"HTTP 200; found on 1 page(s); text ""Kingroll Kingroll - Zerealz x Watermelon Sorbet 4 Pack Pre-R""",pass,,,,,,,,,,,,
C0970,linkcheck,www.thecurecompany.com,link_internal,https://www.thecurecompany.com/product?slug=kiva-confections---lost-farm-100mg-10pk-cherry-lime-x-gmo-live-rosin-chews---46-g-kiva-confections-edibles-46-50081&productId=50081,python-requests,"HTTP 200; found on 1 page(s); text ""Kiva Confections Kiva Confections - Lost Farm 100mg 10pk Che""",pass,,,,,,,,,,,,
C0971,linkcheck,www.thecurecompany.com,link_internal,https://www.thecurecompany.com/product?slug=kiva-confections---lost-farm-blueberry-%27blue-dream%27-chew---40-g-kiva-confections-edibles-40-50030&productId=50030,python-requests,"HTTP 403; found on 1 page(s); text ""Kiva Confections Kiva Confections - Lost Farm Blueberry 'Blu""; re-checked with curl at 12:55 PM PT: HTTP 200 (transient 403 during crawl)",pass,,,,,,,,,,,,
C0972,linkcheck,www.thecurecompany.com,link_internal,https://www.thecurecompany.com/product?slug=kiva-confections---lost-farm-pomberry-kush-mints-punch-live-rosin-fruit-chews---46-g-kiva-confections-edibles-46-50125&productId=50125,python-requests,"HTTP 200; found on 1 page(s); text ""Kiva Confections Kiva Confections - Lost Farm Pomberry Kush """,pass,,,,,,,,,,,,
C0973,linkcheck,www.thecurecompany.com,link_internal,https://www.thecurecompany.com/product?slug=kiva-confections---lost-farm-watermelon-%27gelato%27-chew---46-g-kiva-confections-edibles-46-50031&productId=50031,python-requests,"HTTP 200; found on 1 page(s); text ""Kiva Confections Kiva Confections - Lost Farm Watermelon 'Ge""",pass,,,,,,,,,,,,
C0974,linkcheck,www.thecurecompany.com,link_internal,https://www.thecurecompany.com/product?slug=kushy-punch-510-battery--pink-custom-brand-vape-pens-33737,python-requests,"HTTP 200; found on 1 page(s); text ""Add To Cart | Check Availability | Get Notified | cart""",pass,,,,,,,,,,,,
C0975,linkcheck,www.thecurecompany.com,link_internal,https://www.thecurecompany.com/product?slug=la-rocket-popz---1g-preroll-the-cure-company-%5Bweb%5D-pre-rolls-1-39878&productId=39878,python-requests,"HTTP 200; found on 15 page(s); text ""The Cure Company LA Rocket Popz - 1g Preroll $11 Check Avail""",pass,,,,,,,,,,,,
C0976,linkcheck,www.thecurecompany.com,link_internal,https://www.thecurecompany.com/product?slug=la-rocket-popz---1g-preroll-the-cure-company-[web]-pre-rolls-1-39878&productId=39878,python-requests,"HTTP 200; found on 1 page(s); text ""The Cure Company LA Rocket Popz - 1g Preroll $11 Check Avail""",pass,,,,,,,,,,,,
C0977,linkcheck,www.thecurecompany.com,link_internal,https://www.thecurecompany.com/product?slug=lax---kill-shot---3.5g-custom-brand-root-category-34785,python-requests,"HTTP 200; found on 1 page(s); text ""Add To Cart | Check Availability | Get Notified | cart""",pass,,,,,,,,,,,,
C0978,linkcheck,www.thecurecompany.com,link_internal,https://www.thecurecompany.com/product?slug=lemonatti-x-blueberry-breath-slid3-disposable-eureka-vape-pens-1-32936,python-requests,"HTTP 200; found on 1 page(s); text ""Add To Cart | Check Availability | Get Notified | cart""",pass,,,,,,,,,,,,
C0979,linkcheck,www.thecurecompany.com,link_internal,https://www.thecurecompany.com/product?slug=lights-out-1000mg-herbal-cannabis-tincture-yummi-karma-edible-oils-30-35489&productId=35489,python-requests,"HTTP 200; found on 1 page(s); text ""Yummi Karma Lights Out 1000mg Herbal Cannabis Tincture $43.6""",pass,,,,,,,,,,,,
C0980,linkcheck,www.thecurecompany.com,link_internal,https://www.thecurecompany.com/product?slug=lim%C3%B3n-gummy---bite-(100mg)-whoa-candy-8.75-39508&productId=39508,python-requests,"HTTP 200; found on 1 page(s); text ""Whoa Limón Gummy - Bite (100mg) $5.56 Check Availability""",pass,,,,,,,,,,,,
C0981,linkcheck,www.thecurecompany.com,link_internal,https://www.thecurecompany.com/product?slug=mango-chili-gummies---1000mg-the-cure-company-%5Bweb%5D-edibles-1000-39846&productId=39846,python-requests,"HTTP 200; found on 4 page(s); text ""The Cure Company Mango Chili Gummies - 1000mg $10 Check Avai""",pass,,,,,,,,,,,,
C0982,linkcheck,www.thecurecompany.com,link_internal,https://www.thecurecompany.com/product?slug=mango-chili-gummies---1000mg-the-cure-company-[web]-edibles-1000-39846&productId=39846,python-requests,"HTTP 200; found on 1 page(s); text ""The Cure Company Mango Chili Gummies - 1000mg $10 Check Avai""",pass,,,,,,,,,,,,
C0983,linkcheck,www.thecurecompany.com,link_internal,https://www.thecurecompany.com/product?slug=mango-chili-the-cure-company-root-category-39.7-39369&productId=39369,python-requests,"HTTP 200; found on 1 page(s); text ""The Cure Company Mango Chili $7.94 Check Availability""",pass,,,,,,,,,,,,
C0984,linkcheck,www.thecurecompany.com,link_internal,https://www.thecurecompany.com/product?slug=marathon-og---1g-preroll-the-cure-company-%5Bweb%5D-pre-rolls-1-29-39887&productId=39887,python-requests,"HTTP 200; found on 15 page(s); text ""The Cure Company Marathon OG - 1g Preroll $18 Check Availabi""",pass,,,,,,,,,,,,
C0985,linkcheck,www.thecurecompany.com,link_internal,https://www.thecurecompany.com/product?slug=marathon-og---1g-preroll-the-cure-company-[web]-pre-rolls-1-29-39887&productId=39887,python-requests,"HTTP 200; found on 1 page(s); text ""The Cure Company Marathon OG - 1g Preroll $18 Check Availabi""",pass,,,,,,,,,,,,
C0986,linkcheck,www.thecurecompany.com,link_internal,https://www.thecurecompany.com/product?slug=marathon-og---3.5g-flower-the-cure-company-%5Bweb%5D-flower-3.5-32-40053&productId=40053,python-requests,"HTTP 200; found on 10 page(s); text ""The Cure Company Marathon OG - 3.5g Flower $50.54 Check Avai""",pass,,,,,,,,,,,,
C0987,linkcheck,www.thecurecompany.com,link_internal,https://www.thecurecompany.com/product?slug=marathon-og---3.5g-flower-the-cure-company-[web]-flower-3.5-32-40053&productId=40053,python-requests,"HTTP 200; found on 2 page(s); text ""The Cure Company Marathon OG - 3.5g Flower $50.54 Check Avai""",pass,,,,,,,,,,,,
C0988,linkcheck,www.thecurecompany.com,link_internal,https://www.thecurecompany.com/product?slug=mars-og---3.5g-the-cure-company-%5Bweb%5D-flower-3.5-30-40056&productId=40056,python-requests,"HTTP 200; found on 10 page(s); text ""The Cure Company Mars OG - 3.5g $40.91 Check Availability""",pass,,,,,,,,,,,,
C0989,linkcheck,www.thecurecompany.com,link_internal,https://www.thecurecompany.com/product?slug=mars-og---3.5g-the-cure-company-[web]-flower-3.5-30-40056&productId=40056,python-requests,"HTTP 200; found on 2 page(s); text ""The Cure Company Mars OG - 3.5g $40.91 Check Availability""",pass,,,,,,,,,,,,
C0990,linkcheck,www.thecurecompany.com,link_internal,https://www.thecurecompany.com/product?slug=master%27s-mistress---14g-blendz-the-cure-company-%5Bweb%5D-flower-14-30-40047&productId=40047,python-requests,"HTTP 200; found on 10 page(s); text ""The Cure Company Master's Mistress - 14g Blendz $102 Check A""",pass,,,,,,,,,,,,
C0991,linkcheck,www.thecurecompany.com,link_internal,https://www.thecurecompany.com/product?slug=master%27s-mistress---14g-blendz-the-cure-company-[web]-flower-14-30-40047&productId=40047,python-requests,"HTTP 200; found on 2 page(s); text ""The Cure Company Master's Mistress - 14g Blendz $102 Check A""",pass,,,,,,,,,,,,
C0992,linkcheck,www.thecurecompany.com,link_internal,https://www.thecurecompany.com/product?slug=master%27s-mistress---14g-minis-the-cure-company-%5Bweb%5D-flower-14-30-40046&productId=40046,python-requests,"HTTP 200; found on 10 page(s); text ""The Cure Company Master's Mistress - 14g Minis $102 Check Av""",pass,,,,,,,,,,,,
C0993,linkcheck,www.thecurecompany.com,link_internal,https://www.thecurecompany.com/product?slug=master%27s-mistress---14g-minis-the-cure-company-[web]-flower-14-30-40046&productId=40046,python-requests,"HTTP 200; found on 2 page(s); text ""The Cure Company Master's Mistress - 14g Minis $102 Check Av""",pass,,,,,,,,,,,,
C0994,linkcheck,www.thecurecompany.com,link_internal,https://www.thecurecompany.com/product?slug=master%27s-mistress---1g-preroll-the-cure-company-%5Bweb%5D-pre-rolls-1-39877&productId=39877,python-requests,"HTTP 200; found on 15 page(s); text ""The Cure Company Master's Mistress - 1g Preroll $11 Check Av""",pass,,,,,,,,,,,,
C0995,linkcheck,www.thecurecompany.com,link_internal,https://www.thecurecompany.com/product?slug=master%27s-mistress---1g-preroll-the-cure-company-[web]-pre-rolls-1-39877&productId=39877,python-requests,"HTTP 200; found on 1 page(s); text ""The Cure Company Master's Mistress - 1g Preroll $11 Check Av""",pass,,,,,,,,,,,,
C0996,linkcheck,www.thecurecompany.com,link_internal,https://www.thecurecompany.com/product?slug=master%27s-mistress---5g-smalls-the-cure-company-%5Bweb%5D-flower-5-30-40045&productId=40045,python-requests,"HTTP 200; found on 10 page(s); text ""The Cure Company Master's Mistress - 5g Smalls $55 Check Ava""",pass,,,,,,,,,,,,
C0997,linkcheck,www.thecurecompany.com,link_internal,https://www.thecurecompany.com/product?slug=master%27s-mistress---5g-smalls-the-cure-company-[web]-flower-5-30-40045&productId=40045,python-requests,"HTTP 200; found on 2 page(s); text ""The Cure Company Master's Mistress - 5g Smalls $55 Check Ava""",pass,,,,,,,,,,,,
C0998,linkcheck,www.thecurecompany.com,link_internal,https://www.thecurecompany.com/product?slug=melon-splash---1000mg-the-cure-company-%5Bweb%5D-edibles-1000-39845&productId=39845,python-requests,"HTTP 200; found on 4 page(s); text ""The Cure Company Melon Splash - 1000mg $10 Check Availabilit""",pass,,,,,,,,,,,,
C0999,linkcheck,www.thecurecompany.com,link_internal,https://www.thecurecompany.com/product?slug=melon-splash---1000mg-the-cure-company-[web]-edibles-1000-39845&productId=39845,python-requests,"HTTP 200; found on 1 page(s); text ""The Cure Company Melon Splash - 1000mg $10 Check Availabilit""",pass,,,,,,,,,,,,
C1000,linkcheck,www.thecurecompany.com,link_internal,https://www.thecurecompany.com/product?slug=melon-splash-the-cure-company-root-category-39.7-39372&productId=39372,python-requests,"HTTP 200; found on 1 page(s); text ""The Cure Company Melon Splash $7.94 Check Availability""",pass,,,,,,,,,,,,
C1001,linkcheck,www.thecurecompany.com,link_internal,https://www.thecurecompany.com/product?slug=mimosa-cream-%E2%80%93-200mg-cbd-%7C-100mg-thc-carter%27s-aromatherapy-design-c.a.d.-topicals-54-34037&productId=34037,python-requests,"HTTP 200; found on 1 page(s); text ""Carter's Aromatherapy Design C.A.D. Mimosa Cream – 200MG CBD""",pass,,,,,,,,,,,,
C1002,linkcheck,www.thecurecompany.com,link_internal,https://www.thecurecompany.com/product?slug=motorbreath---1g-preroll-the-cure-company-%5Bweb%5D-pre-rolls-1-39876&productId=39876,python-requests,"HTTP 200; found on 15 page(s); text ""The Cure Company Motorbreath - 1g Preroll $11 Check Availabi""",pass,,,,,,,,,,,,
C1003,linkcheck,www.thecurecompany.com,link_internal,https://www.thecurecompany.com/product?slug=motorbreath---1g-preroll-the-cure-company-[web]-pre-rolls-1-39876&productId=39876,python-requests,"HTTP 200; found on 1 page(s); text ""The Cure Company Motorbreath - 1g Preroll $11 Check Availabi""",pass,,,,,,,,,,,,
C1004,linkcheck,www.thecurecompany.com,link_internal,https://www.thecurecompany.com/product?slug=mount-zereal-kush-live-sauce-cart-cannabiotix-vape-pens-0.5-38365,python-requests,"HTTP 200; found on 1 page(s); text ""Add To Cart | Check Availability | Get Notified | cart""",pass,,,,,,,,,,,,
C1005,linkcheck,www.thecurecompany.com,link_internal,https://www.thecurecompany.com/product?slug=nameless---kaleidoscope---3.5g-custom-brand-root-category-3.5-51457,python-requests,"HTTP 200; found on 1 page(s); text ""Add To Cart | Check Availability | Get Notified | cart""",pass,,,,,,,,,,,,
C1006,linkcheck,www.thecurecompany.com,link_internal,https://www.thecurecompany.com/product?slug=og-kush-breath-claybourne-co.-flower-3.5-37222,python-requests,"HTTP 200; found on 1 page(s); text ""Add To Cart | Check Availability | Get Notified | cart""",pass,,,,,,,,,,,,
C1007,linkcheck,www.thecurecompany.com,link_internal,https://www.thecurecompany.com/product?slug=ozk---1g-live-resin-aio-vape-the-cure-company-%5Bweb%5D-vaporizers-1-39831&productId=39831,python-requests,"HTTP 200; found on 13 page(s); text ""The Cure Company OZK - 1g Live Resin AIO Vape $50 Check Avai""",pass,,,,,,,,,,,,
C1008,linkcheck,www.thecurecompany.com,link_internal,https://www.thecurecompany.com/product?slug=ozk---1g-live-resin-aio-vape-the-cure-company-[web]-vaporizers-1-39831&productId=39831,python-requests,"HTTP 200; found on 1 page(s); text ""The Cure Company OZK - 1g Live Resin AIO Vape $50 Check Avai""",pass,,,,,,,,,,,,
C1009,linkcheck,www.thecurecompany.com,link_internal,https://www.thecurecompany.com/product?slug=ozk---1g-live-resin-diamonds-the-cure-company-%5Bweb%5D-concentrates-1-39825&productId=39825,python-requests,"HTTP 200; found on 7 page(s); text ""The Cure Company OZK - 1g Live Resin Diamonds $25 Check Avai""",pass,,,,,,,,,,,,
C1010,linkcheck,www.thecurecompany.com,link_internal,https://www.thecurecompany.com/product?slug=ozk---1g-live-resin-diamonds-the-cure-company-[web]-concentrates-1-39825&productId=39825,python-requests,"HTTP 200; found on 1 page(s); text ""The Cure Company OZK - 1g Live Resin Diamonds $25 Check Avai""",pass,,,,,,,,,,,,
C1011,linkcheck,www.thecurecompany.com,link_internal,https://www.thecurecompany.com/product?slug=papa-and-barkley---releaf-balm-1%3A3-cbd%3Athc---15-g-papa-and-barkley-topicals-15-49656&productId=49656,python-requests,"HTTP 200; found on 1 page(s); text ""Papa & Barkley Papa & Barkley - Releaf Balm 1:3 CBD:THC - 15""",pass,,,,,,,,,,,,
C1012,linkcheck,www.thecurecompany.com,link_internal,https://www.thecurecompany.com/product?slug=papaya---0.7g-prerolls-5-pack-the-cure-company-%5Bweb%5D-pre-rolls-3.5-39870&productId=39870,python-requests,"HTTP 200; found on 15 page(s); text ""The Cure Company Papaya - 0.7g Prerolls 5 Pack $35 Check Ava""",pass,,,,,,,,,,,,
C1013,linkcheck,www.thecurecompany.com,link_internal,https://www.thecurecompany.com/product?slug=papaya---0.7g-prerolls-5-pack-the-cure-company-[web]-pre-rolls-3.5-39870&productId=39870,python-requests,"HTTP 200; found on 1 page(s); text ""The Cure Company Papaya - 0.7g Prerolls 5 Pack $35 Check Ava""",pass,,,,,,,,,,,,
C1014,linkcheck,www.thecurecompany.com,link_internal,https://www.thecurecompany.com/product?slug=papaya---1g-aio-vape-the-cure-company-%5Bweb%5D-vaporizers-1-93.52-39838&productId=39838,python-requests,"HTTP 200; found on 13 page(s); text ""The Cure Company Papaya - 1g AIO Vape $20.21 Check Availabil""",pass,,,,,,,,,,,,
C1015,linkcheck,www.thecurecompany.com,link_internal,https://www.thecurecompany.com/product?slug=papaya---1g-aio-vape-the-cure-company-[web]-vaporizers-1-93.52-39838&productId=39838,python-requests,"HTTP 200; found on 1 page(s); text ""The Cure Company Papaya - 1g AIO Vape $20.21 Check Availabil""",pass,,,,,,,,,,,,
C1016,linkcheck,www.thecurecompany.com,link_internal,https://www.thecurecompany.com/product?slug=papaya---smalls-the-cure-company-root-category-5-36971,python-requests,"HTTP 200; found on 1 page(s); text ""Add To Cart | Check Availability | Get Notified | cart""",pass,,,,,,,,,,,,
C1017,linkcheck,www.thecurecompany.com,link_internal,https://www.thecurecompany.com/product?slug=peach-100mg-thc-fruit-chews-smokiez-edibles-candy-60-37804,python-requests,"HTTP 200; found on 1 page(s); text ""Add To Cart | Check Availability | Get Notified | cart""",pass,,,,,,,,,,,,
C1018,linkcheck,www.thecurecompany.com,link_internal,https://www.thecurecompany.com/product?slug=peaches-and-cream-gummies---1000mg-the-cure-company-%5Bweb%5D-edibles-1000-39844&productId=39844,python-requests,"HTTP 200; found on 4 page(s); text ""The Cure Company Peaches & Cream Gummies - 1000mg $10 Check """,pass,,,,,,,,,,,,
C1019,linkcheck,www.thecurecompany.com,link_internal,https://www.thecurecompany.com/product?slug=peaches-and-cream-gummies---1000mg-the-cure-company-[web]-edibles-1000-39844&productId=39844,python-requests,"HTTP 200; found on 1 page(s); text ""The Cure Company Peaches & Cream Gummies - 1000mg $10 Check """,pass,,,,,,,,,,,,
C1020,linkcheck,www.thecurecompany.com,link_internal,https://www.thecurecompany.com/product?slug=peaches-n-cream-the-cure-company-root-category-39.7-39370&productId=39370,python-requests,"HTTP 200; found on 1 page(s); text ""The Cure Company Peaches n Cream $7.94 Check Availability""",pass,,,,,,,,,,,,
C1021,linkcheck,www.thecurecompany.com,link_internal,https://www.thecurecompany.com/product?slug=pistachio-gelato---14g-minis-the-cure-company-%5Bweb%5D-flower-14-31-40043&productId=40043,python-requests,"HTTP 200; found on 10 page(s); text ""The Cure Company Pistachio Gelato - 14g Minis $39 Check Avai""",pass,,,,,,,,,,,,
C1022,linkcheck,www.thecurecompany.com,link_internal,https://www.thecurecompany.com/product?slug=pistachio-gelato---14g-minis-the-cure-company-[web]-flower-14-31-40043&productId=40043,python-requests,"HTTP 200; found on 2 page(s); text ""The Cure Company Pistachio Gelato - 14g Minis $39 Check Avai""",pass,,,,,,,,,,,,
C1023,linkcheck,www.thecurecompany.com,link_internal,https://www.thecurecompany.com/product?slug=pistachio-gelato---1g-preroll-the-cure-company-%5Bweb%5D-pre-rolls-1-39875&productId=39875,python-requests,"HTTP 200; found on 15 page(s); text ""The Cure Company Pistachio Gelato - 1g Preroll $11 Check Ava""",pass,,,,,,,,,,,,
C1024,linkcheck,www.thecurecompany.com,link_internal,https://www.thecurecompany.com/product?slug=pistachio-gelato---1g-preroll-the-cure-company-[web]-pre-rolls-1-39875&productId=39875,python-requests,"HTTP 200; found on 1 page(s); text ""The Cure Company Pistachio Gelato - 1g Preroll $11 Check Ava""",pass,,,,,,,,,,,,
C1025,linkcheck,www.thecurecompany.com,link_internal,https://www.thecurecompany.com/product?slug=pistachio-gelato---3.5g-flower-the-cure-company-%5Bweb%5D-flower-3.5-31-40042&productId=40042,python-requests,"HTTP 200; found on 10 page(s); text ""The Cure Company Pistachio Gelato - 3.5g Flower $40.91 Check""",pass,,,,,,,,,,,,
C1026,linkcheck,www.thecurecompany.com,link_internal,https://www.thecurecompany.com/product?slug=pistachio-gelato---3.5g-flower-the-cure-company-[web]-flower-3.5-31-40042&productId=40042,python-requests,"HTTP 200; found on 2 page(s); text ""The Cure Company Pistachio Gelato - 3.5g Flower $40.91 Check""",pass,,,,,,,,,,,,
C1027,linkcheck,www.thecurecompany.com,link_internal,https://www.thecurecompany.com/product?slug=pistachio-gelato---5g-smalls-the-cure-company-%5Bweb%5D-flower-5-31-40041&productId=40041,python-requests,"HTTP 200; found on 10 page(s); text ""The Cure Company Pistachio Gelato - 5g Smalls $55 Check Avai""",pass,,,,,,,,,,,,
C1028,linkcheck,www.thecurecompany.com,link_internal,https://www.thecurecompany.com/product?slug=pistachio-gelato---5g-smalls-the-cure-company-[web]-flower-5-31-40041&productId=40041,python-requests,"HTTP 200; found on 2 page(s); text ""The Cure Company Pistachio Gelato - 5g Smalls $55 Check Avai""",pass,,,,,,,,,,,,
C1029,linkcheck,www.thecurecompany.com,link_internal,https://www.thecurecompany.com/product?slug=pistil-whip:-motorbreath-x-banana-punch-1g-rosin-badder-custom-brand-other-1-32671,python-requests,"HTTP 200; found on 1 page(s); text ""Add To Cart | Check Availability | Get Notified | cart""",pass,,,,,,,,,,,,
C1030,linkcheck,www.thecurecompany.com,link_internal,https://www.thecurecompany.com/product?slug=purple-diamond---1g-live-resin-aio-vape-the-cure-company-%5Bweb%5D-vaporizers-1-39827&productId=39827,python-requests,"HTTP 200; found on 13 page(s); text ""The Cure Company Purple Diamond - 1g Live Resin AIO Vape $50""",pass,,,,,,,,,,,,
C1031,linkcheck,www.thecurecompany.com,link_internal,https://www.thecurecompany.com/product?slug=purple-diamond---1g-live-resin-aio-vape-the-cure-company-[web]-vaporizers-1-39827&productId=39827,python-requests,"HTTP 200; found on 1 page(s); text ""The Cure Company Purple Diamond - 1g Live Resin AIO Vape $50""",pass,,,,,,,,,,,,
C1032,linkcheck,www.thecurecompany.com,link_internal,https://www.thecurecompany.com/product?slug=purple-diamond---1g-live-resin-diamonds-the-cure-company-%5Bweb%5D-concentrates-1-39826&productId=39826,python-requests,"HTTP 200; found on 7 page(s); text ""The Cure Company Purple Diamond - 1g Live Resin Diamonds $25""",pass,,,,,,,,,,,,
C1033,linkcheck,www.thecurecompany.com,link_internal,https://www.thecurecompany.com/product?slug=purple-diamond---1g-live-resin-diamonds-the-cure-company-[web]-concentrates-1-39826&productId=39826,python-requests,"HTTP 200; found on 1 page(s); text ""The Cure Company Purple Diamond - 1g Live Resin Diamonds $25""",pass,,,,,,,,,,,,
C1034,linkcheck,www.thecurecompany.com,link_internal,https://www.thecurecompany.com/product?slug=purple-grape-syrup-tincture-1000mg-st-ides-edible-oils-60-34264&productId=34264,python-requests,"HTTP 200; found on 1 page(s); text ""ST Ides Purple Grape Syrup Tincture 1000mg $31.76 Check Avai""",pass,,,,,,,,,,,,
C1035,linkcheck,www.thecurecompany.com,link_internal,https://www.thecurecompany.com/product?slug=purple-grape-syrup-tincture-1000mg-st-ides-edible-oils-60-37567&productId=37567,python-requests,"HTTP 200; found on 1 page(s); text ""ST Ides Purple Grape Syrup Tincture 1000mg $31.76 Check Avai""",pass,,,,,,,,,,,,
C1036,linkcheck,www.thecurecompany.com,link_internal,https://www.thecurecompany.com/product?slug=purple-grape-syrup-tincture-1000mg-st-ides-edible-oils-60-38699&productId=38699,python-requests,"HTTP 200; found on 1 page(s); text ""ST Ides Purple Grape Syrup Tincture 1000mg $30.63 Check Avai""",pass,,,,,,,,,,,,
C1037,linkcheck,www.thecurecompany.com,link_internal,https://www.thecurecompany.com/product?slug=quickies-prerolls---infused-sativa---1-g-quickies-prerolls-pre-rolls-1-51211&productId=51211,python-requests,"HTTP 200; found on 1 page(s); text ""Quickies Prerolls Quickies Prerolls - Infused Sativa - 1 g $""",pass,,,,,,,,,,,,
C1038,linkcheck,www.thecurecompany.com,link_internal,https://www.thecurecompany.com/product?slug=rainbow-pie---1g-live-resin-aio-vape-the-cure-company-%5Bweb%5D-vaporizers-1-39830&productId=39830,python-requests,"HTTP 200; found on 13 page(s); text ""The Cure Company Rainbow Pie - 1g Live Resin AIO Vape $50 Ch""",pass,,,,,,,,,,,,
C1039,linkcheck,www.thecurecompany.com,link_internal,https://www.thecurecompany.com/product?slug=rainbow-pie---1g-live-resin-aio-vape-the-cure-company-[web]-vaporizers-1-39830&productId=39830,python-requests,"HTTP 200; found on 1 page(s); text ""The Cure Company Rainbow Pie - 1g Live Resin AIO Vape $50 Ch""",pass,,,,,,,,,,,,
C1040,linkcheck,www.thecurecompany.com,link_internal,https://www.thecurecompany.com/product?slug=raw-garden%E2%84%A2---apple-fritter-%2374-live-sauce---1-g-raw-garden%E2%84%A2-concentrates-1-51278&productId=51278,python-requests,"HTTP 200; found on 1 page(s); text ""Raw Garden™ Raw Garden™ - Apple Fritter #74 Live Sauce - 1 g""",pass,,,,,,,,,,,,
C1041,linkcheck,www.thecurecompany.com,link_internal,https://www.thecurecompany.com/product?slug=raw-garden%E2%84%A2---apple-fritter-%2374-live-sauce---1-g-raw-garden%E2%84%A2-concentrates-1-51553&productId=51553,python-requests,"HTTP 200; found on 1 page(s); text ""Raw Garden™ Raw Garden™ - Apple Fritter #74 Live Sauce - 1 g""",pass,,,,,,,,,,,,
C1042,linkcheck,www.thecurecompany.com,link_internal,https://www.thecurecompany.com/product?slug=raw-garden%E2%84%A2---chem-breath-live-sauce---1-g-raw-garden%E2%84%A2-concentrates-1-51279&productId=51279,python-requests,"HTTP 200; found on 1 page(s); text ""Raw Garden™ Raw Garden™ - Chem Breath Live Sauce - 1 g $19.0""",pass,,,,,,,,,,,,
C1043,linkcheck,www.thecurecompany.com,link_internal,https://www.thecurecompany.com/product?slug=raw-garden%E2%84%A2---chem-breath-live-sauce---1-g-raw-garden%E2%84%A2-concentrates-1-51557&productId=51557,python-requests,"HTTP 200; found on 1 page(s); text ""Raw Garden™ Raw Garden™ - Chem Breath Live Sauce - 1 g $19.0""",pass,,,,,,,,,,,,
C1044,linkcheck,www.thecurecompany.com,link_internal,https://www.thecurecompany.com/product?slug=raw-garden%E2%84%A2---colombian-cookies-refined-live-resin%E2%84%A2-cartridge---1-g-raw-garden%E2%84%A2-vape-pens-1-49766,python-requests,"HTTP 200; found on 1 page(s); text ""Add To Cart | Check Availability | Get Notified | cart""",pass,,,,,,,,,,,,
C1045,linkcheck,www.thecurecompany.com,link_internal,https://www.thecurecompany.com/product?slug=raw-garden%E2%84%A2---grapes-and-cream-live-badder---1-g-raw-garden%E2%84%A2-concentrates-1-51253&productId=51253,python-requests,"HTTP 200; found on 1 page(s); text ""Raw Garden™ Raw Garden™ - Grapes & Cream Live Badder - 1 g $""",pass,,,,,,,,,,,,
C1046,linkcheck,www.thecurecompany.com,link_internal,https://www.thecurecompany.com/product?slug=raw-garden%E2%84%A2---grapes-and-cream-live-badder---1-g-raw-garden%E2%84%A2-concentrates-1-51565&productId=51565,python-requests,"HTTP 200; found on 1 page(s); text ""Raw Garden™ Raw Garden™ - Grapes & Cream Live Badder - 1 g $""",pass,,,,,,,,,,,,
C1047,linkcheck,www.thecurecompany.com,link_internal,https://www.thecurecompany.com/product?slug=raw-garden%E2%84%A2---jealous-runtz-live-rosin---1-g-raw-garden%E2%84%A2-concentrates-1-51281&productId=51281,python-requests,"HTTP 200; found on 1 page(s); text ""Raw Garden™ Raw Garden™ - Jealous Runtz Live Rosin - 1 g $31""",pass,,,,,,,,,,,,
C1048,linkcheck,www.thecurecompany.com,link_internal,https://www.thecurecompany.com/product?slug=raw-garden%E2%84%A2---moonwalker-og-rlr%E2%84%A2-crushed-diamonds-infused-(3)-joints---1.5-g-raw-garden%E2%84%A2-pre-rolls-1.5-51254&productId=51254,python-requests,"HTTP 200; found on 1 page(s); text ""Raw Garden™ Raw Garden™ - Moonwalker OG RLR™ Crushed Diamond""",pass,,,,,,,,,,,,
C1049,linkcheck,www.thecurecompany.com,link_internal,https://www.thecurecompany.com/product?slug=raw-garden%E2%84%A2---nap-nectar-live-sauce---1-g-raw-garden%E2%84%A2-concentrates-1-51285&productId=51285,python-requests,"HTTP 200; found on 1 page(s); text ""Raw Garden™ Raw Garden™ - Nap Nectar Live Sauce - 1 g $19.01""",pass,,,,,,,,,,,,
C1050,linkcheck,www.thecurecompany.com,link_internal,https://www.thecurecompany.com/product?slug=raw-garden%E2%84%A2---nap-nectar-live-sauce---1-g-raw-garden%E2%84%A2-concentrates-1-51567&productId=51567,python-requests,"HTTP 200; found on 1 page(s); text ""Raw Garden™ Raw Garden™ - Nap Nectar Live Sauce - 1 g $19.06""",pass,,,,,,,,,,,,
C1051,linkcheck,www.thecurecompany.com,link_internal,https://www.thecurecompany.com/product?slug=raw-garden%E2%84%A2---orange-runtz-live-sauce---1-g-raw-garden%E2%84%A2-concentrates-1-51287&productId=51287,python-requests,"HTTP 200; found on 1 page(s); text ""Raw Garden™ Raw Garden™ - Orange Runtz Live Sauce - 1 g $19.""",pass,,,,,,,,,,,,
C1052,linkcheck,www.thecurecompany.com,link_internal,https://www.thecurecompany.com/product?slug=raw-garden%E2%84%A2---orange-runtz-live-sauce---1-g-raw-garden%E2%84%A2-concentrates-1-51569&productId=51569,python-requests,"HTTP 200; found on 1 page(s); text ""Raw Garden™ Raw Garden™ - Orange Runtz Live Sauce - 1 g $19.""",pass,,,,,,,,,,,,
C1053,linkcheck,www.thecurecompany.com,link_internal,https://www.thecurecompany.com/product?slug=raw-garden%E2%84%A2---pb-souffle-live-badder---1-g-raw-garden%E2%84%A2-concentrates-1-51570&productId=51570,python-requests,"HTTP 200; found on 1 page(s); text ""Raw Garden™ Raw Garden™ - PB Souffle Live Badder - 1 g $18.2""",pass,,,,,,,,,,,,
C1054,linkcheck,www.thecurecompany.com,link_internal,https://www.thecurecompany.com/product?slug=raw-garden%E2%84%A2---pink-drink-live-rosin---1-g-raw-garden%E2%84%A2-concentrates-1-51286&productId=51286,python-requests,"HTTP 200; found on 1 page(s); text ""Raw Garden™ Raw Garden™ - Pink Drink Live Rosin - 1 g $31.69""",pass,,,,,,,,,,,,
C1055,linkcheck,www.thecurecompany.com,link_internal,https://www.thecurecompany.com/product?slug=raw-garden%E2%84%A2---sugar-bears-live-resin---1-g-raw-garden%E2%84%A2-root-category-1-50113,python-requests,"HTTP 200; found on 1 page(s); text ""Add To Cart | Check Availability | Get Notified | cart""",pass,,,,,,,,,,,,
C1056,linkcheck,www.thecurecompany.com,link_internal,https://www.thecurecompany.com/product?slug=raw-garden%E2%84%A2---tropicana-cherry-live-rosin---1-g-raw-garden%E2%84%A2-concentrates-1-51284&productId=51284,python-requests,"HTTP 200; found on 1 page(s); text ""Raw Garden™ Raw Garden™ - Tropicana Cherry Live Rosin - 1 g """,pass,,,,,,,,,,,,
C1057,linkcheck,www.thecurecompany.com,link_internal,https://www.thecurecompany.com/product?slug=raw-garden%E2%84%A2---turbo-vision-live-sauce---1-g-raw-garden%E2%84%A2-concentrates-1-51291&productId=51291,python-requests,"HTTP 200; found on 1 page(s); text ""Raw Garden™ Raw Garden™ - Turbo Vision Live Sauce - 1 g $19.""",pass,,,,,,,,,,,,
C1058,linkcheck,www.thecurecompany.com,link_internal,https://www.thecurecompany.com/product?slug=raw-garden%E2%84%A2---virgin-purps-refined-live-resin%E2%84%A2-crushed-diamonds---1-g-raw-garden%E2%84%A2-concentrates-1-51289&productId=51289,python-requests,"HTTP 200; found on 1 page(s); text ""Raw Garden™ Raw Garden™ - Virgin Purps Refined Live Resin™ C""",pass,,,,,,,,,,,,
C1059,linkcheck,www.thecurecompany.com,link_internal,https://www.thecurecompany.com/product?slug=raw-garden---cart---green-crack---1g-custom-brand-vape-pens-1-50678,python-requests,"HTTP 200; found on 1 page(s); text ""Add To Cart | Check Availability | Get Notified | cart""",pass,,,,,,,,,,,,
C1060,linkcheck,www.thecurecompany.com,link_internal,https://www.thecurecompany.com/product?slug=raw-rolling-paper-1-1-4-pack-(classic-organic-hemp-black).-custom-brand-accessories-32325,python-requests,"HTTP 200; found on 1 page(s); text ""Add To Cart | Check Availability | Get Notified | cart""",pass,,,,,,,,,,,,
C1061,linkcheck,www.thecurecompany.com,link_internal,https://www.thecurecompany.com/product?slug=raw:-1-1-4-classic-papers-custom-brand-root-category-35208,python-requests,"HTTP 200; found on 1 page(s); text ""Add To Cart | Check Availability | Get Notified | cart""",pass,,,,,,,,,,,,
C1062,linkcheck,www.thecurecompany.com,link_internal,https://www.thecurecompany.com/product?slug=releaf%E2%84%A2-balm-1%3A3-cbd%3Athc-400mg-papa-and-barkley-topicals-50-36848&productId=36848,python-requests,"HTTP 200; found on 1 page(s); text ""Papa & Barkley Releaf™ Balm 1:3 CBD:THC 400mg $59.56 Check A""",pass,,,,,,,,,,,,
C1063,linkcheck,www.thecurecompany.com,link_internal,https://www.thecurecompany.com/product?slug=releaf%E2%84%A2-tincture-30%3A1-cbd%3Athc-450mg-papa-and-barkley-edible-oils-15-36862&productId=36862,python-requests,"HTTP 200; found on 1 page(s); text ""Papa & Barkley Releaf™ Tincture 30:1 CBD:THC 450mg $51.62 Ch""",pass,,,,,,,,,,,,
C1064,linkcheck,www.thecurecompany.com,link_internal,https://www.thecurecompany.com/product?slug=releaf-balm---3%3A1-cbd-rich-papa-and-barkley-root-category-50-36858&productId=36858,python-requests,"HTTP 200; found on 1 page(s); text ""Papa & Barkley RELEAF BALM - 3:1 CBD RICH $87.35 Check Avail""",pass,,,,,,,,,,,,
C1065,linkcheck,www.thecurecompany.com,link_internal,https://www.thecurecompany.com/product?slug=relieve-1%3A1-cbd-and-delta-9-thc-bath-bomb-kush-queen-bath-196-35490&productId=35490,python-requests,"HTTP 200; found on 1 page(s); text ""Kush Queen Relieve 1:1 CBD & Delta 9 THC Bath Bomb $12.71 Ch""",pass,,,,,,,,,,,,
C1066,linkcheck,www.thecurecompany.com,link_internal,https://www.thecurecompany.com/product?slug=sfv-og---14g-blendz-the-cure-company-%5Bweb%5D-flower-14-30-40052&productId=40052,python-requests,"HTTP 200; found on 10 page(s); text ""The Cure Company SFV OG - 14g Blendz $39 Check Availability""",pass,,,,,,,,,,,,
C1067,linkcheck,www.thecurecompany.com,link_internal,https://www.thecurecompany.com/product?slug=sfv-og---14g-blendz-the-cure-company-[web]-flower-14-30-40052&productId=40052,python-requests,"HTTP 200; found on 2 page(s); text ""The Cure Company SFV OG - 14g Blendz $39 Check Availability""",pass,,,,,,,,,,,,
C1068,linkcheck,www.thecurecompany.com,link_internal,https://www.thecurecompany.com/product?slug=sfv-og---14g-minis-the-cure-company-%5Bweb%5D-flower-14-30-40038&productId=40038,python-requests,"HTTP 200; found on 10 page(s); text ""The Cure Company SFV OG - 14g Minis $102 Check Availability""",pass,,,,,,,,,,,,
C1069,linkcheck,www.thecurecompany.com,link_internal,https://www.thecurecompany.com/product?slug=sfv-og---14g-minis-the-cure-company-[web]-flower-14-30-40038&productId=40038,python-requests,"HTTP 200; found on 2 page(s); text ""The Cure Company SFV OG - 14g Minis $102 Check Availability""",pass,,,,,,,,,,,,
C1070,linkcheck,www.thecurecompany.com,link_internal,https://www.thecurecompany.com/product?slug=sfv-og---3.5g-flower-the-cure-company-%5Bweb%5D-flower-3.5-30-40051&productId=40051,python-requests,"HTTP 200; found on 10 page(s); text ""The Cure Company SFV OG - 3.5g Flower $40.91 Check Availabil""",pass,,,,,,,,,,,,
C1071,linkcheck,www.thecurecompany.com,link_internal,https://www.thecurecompany.com/product?slug=sfv-og---3.5g-flower-the-cure-company-[web]-flower-3.5-30-40051&productId=40051,python-requests,"HTTP 200; found on 2 page(s); text ""The Cure Company SFV OG - 3.5g Flower $40.91 Check Availabil""",pass,,,,,,,,,,,,
C1072,linkcheck,www.thecurecompany.com,link_internal,https://www.thecurecompany.com/product?slug=skywalker-og---0.7g-prerolls-5-pack-the-cure-company-%5Bweb%5D-pre-rolls-3.5-39869&productId=39869,python-requests,"HTTP 200; found on 15 page(s); text ""The Cure Company Skywalker OG - 0.7g Prerolls 5 Pack $35 Che""",pass,,,,,,,,,,,,
C1073,linkcheck,www.thecurecompany.com,link_internal,https://www.thecurecompany.com/product?slug=skywalker-og---0.7g-prerolls-5-pack-the-cure-company-[web]-pre-rolls-3.5-39869&productId=39869,python-requests,"HTTP 200; found on 1 page(s); text ""The Cure Company Skywalker OG - 0.7g Prerolls 5 Pack $35 Che""",pass,,,,,,,,,,,,
C1074,linkcheck,www.thecurecompany.com,link_internal,https://www.thecurecompany.com/product?slug=skywalker-og---14g-minis-the-cure-company-%5Bweb%5D-flower-14-31-40050&productId=40050,python-requests,"HTTP 200; found on 10 page(s); text ""The Cure Company Skywalker OG - 14g Minis $102 Check Availab""",pass,,,,,,,,,,,,
C1075,linkcheck,www.thecurecompany.com,link_internal,https://www.thecurecompany.com/product?slug=skywalker-og---14g-minis-the-cure-company-[web]-flower-14-31-40050&productId=40050,python-requests,"HTTP 200; found on 2 page(s); text ""The Cure Company Skywalker OG - 14g Minis $102 Check Availab""",pass,,,,,,,,,,,,
C1076,linkcheck,www.thecurecompany.com,link_internal,https://www.thecurecompany.com/product?slug=skywalker-og---1g-aio-vape-the-cure-company-%5Bweb%5D-vaporizers-1-88.43-39842&productId=39842,python-requests,"HTTP 200; found on 13 page(s); text ""The Cure Company Skywalker OG - 1g AIO Vape $20.21 Check Ava""",pass,,,,,,,,,,,,
C1077,linkcheck,www.thecurecompany.com,link_internal,https://www.thecurecompany.com/product?slug=skywalker-og---1g-aio-vape-the-cure-company-[web]-vaporizers-1-88.43-39842&productId=39842,python-requests,"HTTP 200; found on 1 page(s); text ""The Cure Company Skywalker OG - 1g AIO Vape $20.21 Check Ava""",pass,,,,,,,,,,,,
C1078,linkcheck,www.thecurecompany.com,link_internal,https://www.thecurecompany.com/product?slug=skywalker-og---1g-preroll-the-cure-company-%5Bweb%5D-pre-rolls-1-30-39885&productId=39885,python-requests,"HTTP 200; found on 15 page(s); text ""The Cure Company Skywalker OG - 1g Preroll $14 Check Availab""",pass,,,,,,,,,,,,
C1079,linkcheck,www.thecurecompany.com,link_internal,https://www.thecurecompany.com/product?slug=skywalker-og---1g-preroll-the-cure-company-[web]-pre-rolls-1-30-39885&productId=39885,python-requests,"HTTP 200; found on 1 page(s); text ""The Cure Company Skywalker OG - 1g Preroll $14 Check Availab""",pass,,,,,,,,,,,,
C1080,linkcheck,www.thecurecompany.com,link_internal,https://www.thecurecompany.com/product?slug=skywalker-og---1g-vape-cartridge-the-cure-company-%5Bweb%5D-vaporizers-1-94.1-39823&productId=39823,python-requests,"HTTP 200; found on 13 page(s); text ""The Cure Company Skywalker OG - 1g Vape Cartridge $14.44 Che""",pass,,,,,,,,,,,,
C1081,linkcheck,www.thecurecompany.com,link_internal,https://www.thecurecompany.com/product?slug=skywalker-og---1g-vape-cartridge-the-cure-company-[web]-vaporizers-1-94.1-39823&productId=39823,python-requests,"HTTP 200; found on 1 page(s); text ""The Cure Company Skywalker OG - 1g Vape Cartridge $14.44 Che""",pass,,,,,,,,,,,,
C1082,linkcheck,www.thecurecompany.com,link_internal,https://www.thecurecompany.com/product?slug=skywalker-og---3.5g-flower-the-cure-company-%5Bweb%5D-flower-3.5-31-40048&productId=40048,python-requests,"HTTP 200; found on 10 page(s); text ""The Cure Company Skywalker OG - 3.5g Flower $40.91 Check Ava""",pass,,,,,,,,,,,,
C1083,linkcheck,www.thecurecompany.com,link_internal,https://www.thecurecompany.com/product?slug=skywalker-og---3.5g-flower-the-cure-company-[web]-flower-3.5-31-40048&productId=40048,python-requests,"HTTP 200; found on 2 page(s); text ""The Cure Company Skywalker OG - 3.5g Flower $40.91 Check Ava""",pass,,,,,,,,,,,,
C1084,linkcheck,www.thecurecompany.com,link_internal,https://www.thecurecompany.com/product?slug=skywalker-og---5g-smalls-the-cure-company-%5Bweb%5D-flower-5-31-40049&productId=40049,python-requests,"HTTP 200; found on 10 page(s); text ""The Cure Company Skywalker OG - 5g Smalls $55 Check Availabi""",pass,,,,,,,,,,,,
C1085,linkcheck,www.thecurecompany.com,link_internal,https://www.thecurecompany.com/product?slug=skywalker-og---5g-smalls-the-cure-company-[web]-flower-5-31-40049&productId=40049,python-requests,"HTTP 200; found on 2 page(s); text ""The Cure Company Skywalker OG - 5g Smalls $55 Check Availabi""",pass,,,,,,,,,,,,
C1086,linkcheck,www.thecurecompany.com,link_internal,https://www.thecurecompany.com/product?slug=sleep-rest-bath-bomb-1%3A1-50mg-kush-queen-topicals-196-35492&productId=35492,python-requests,"HTTP 200; found on 1 page(s); text ""Kush Queen Sleep Rest Bath Bomb 1:1 50mg $12.71 Check Availa""",pass,,,,,,,,,,,,
C1087,linkcheck,www.thecurecompany.com,link_internal,https://www.thecurecompany.com/product?slug=slid3-classic---grape-ape-x-northern-lights-eureka-vape-pens-3-32947,python-requests,"HTTP 200; found on 1 page(s); text ""Add To Cart | Check Availability | Get Notified | cart""",pass,,,,,,,,,,,,
C1088,linkcheck,www.thecurecompany.com,link_internal,https://www.thecurecompany.com/product?slug=sluggers-hit---fire-og-pre-roll---.7-g-sluggers-hit-flower-0.7-51349&productId=51349,python-requests,"HTTP 200; found on 1 page(s); text ""Sluggers Hit Sluggers Hit - Fire OG Pre-roll - .7 g $7.92 Ch""",pass,,,,,,,,,,,,
C1089,linkcheck,www.thecurecompany.com,link_internal,https://www.thecurecompany.com/product?slug=sluggers-hit---hurricane-szn-%7C-1pk---.7-g-sluggers-hit-pre-rolls-0.7-51356&productId=51356,python-requests,"HTTP 200; found on 1 page(s); text ""Sluggers Hit Sluggers Hit - Hurricane SZN | 1pk - .7 g $7.92""",pass,,,,,,,,,,,,
C1090,linkcheck,www.thecurecompany.com,link_internal,https://www.thecurecompany.com/product?slug=sluggers-hit---hurricane-szn-pre-roll---1.5-g-sluggers-hit-flower-1.5-51359&productId=51359,python-requests,"HTTP 200; found on 1 page(s); text ""Sluggers Hit Sluggers Hit - Hurricane SZN Pre-roll - 1.5 g $""",pass,,,,,,,,,,,,
C1091,linkcheck,www.thecurecompany.com,link_internal,https://www.thecurecompany.com/product?slug=sluggers-hit---infused-pre-rolls-5pk-baby-griselda---3.5-g-sluggers-hit-pre-rolls-3.5-51357&productId=51357,python-requests,"HTTP 200; found on 1 page(s); text ""Sluggers Hit Sluggers Hit - Infused Pre-Rolls-5pk-Baby Grise""",pass,,,,,,,,,,,,
C1092,linkcheck,www.thecurecompany.com,link_internal,https://www.thecurecompany.com/product?slug=sluggers-hit---laura-charles-5-pack-infused-pre-rolls---3.5-g-sluggers-hit-pre-rolls-3.5-51350&productId=51350,python-requests,"HTTP 200; found on 1 page(s); text ""Sluggers Hit Sluggers Hit - Laura Charles 5 Pack Infused Pre""",pass,,,,,,,,,,,,
C1093,linkcheck,www.thecurecompany.com,link_internal,https://www.thecurecompany.com/product?slug=sluggers-hit---lemon-cherry-gelato-pre-roll---.7-g-sluggers-hit-pre-rolls-0.7-51360&productId=51360,python-requests,"HTTP 200; found on 1 page(s); text ""Sluggers Hit Sluggers Hit - Lemon Cherry Gelato Pre-roll - .""",pass,,,,,,,,,,,,
C1094,linkcheck,www.thecurecompany.com,link_internal,https://www.thecurecompany.com/product?slug=sluggers-hit---nyc-diesel-%7C-5pk---3.5-g-sluggers-hit-pre-rolls-3.5-51362&productId=51362,python-requests,"HTTP 200; found on 1 page(s); text ""Sluggers Hit Sluggers Hit - NYC Diesel | 5pk - 3.5 g $35.65 """,pass,,,,,,,,,,,,
C1095,linkcheck,www.thecurecompany.com,link_internal,https://www.thecurecompany.com/product?slug=sluggers-hit---temptation-%7C-infused-5pk---3.5-g-sluggers-hit-pre-rolls-3.5-51358&productId=51358,python-requests,"HTTP 200; found on 1 page(s); text ""Sluggers Hit Sluggers Hit - Temptation | Infused 5pk - 3.5 g""",pass,,,,,,,,,,,,
C1096,linkcheck,www.thecurecompany.com,link_internal,https://www.thecurecompany.com/product?slug=sluggers-hit---x-cookies-%7C-adios-mf-%7C-blunt---2-g-sluggers-hit-pre-rolls-2-51354&productId=51354,python-requests,"HTTP 200; found on 1 page(s); text ""Sluggers Hit Sluggers Hit - X Cookies | Adios MF | Blunt - 2""",pass,,,,,,,,,,,,
C1097,linkcheck,www.thecurecompany.com,link_internal,https://www.thecurecompany.com/product?slug=sluggers-hit---x-cookies-%7C-adios-mf-%7C-infused-5pk---3.5-g-sluggers-hit-pre-rolls-3.5-51420&productId=51420,python-requests,"HTTP 200; found on 1 page(s); text ""Sluggers Hit Sluggers Hit - X Cookies | Adios MF | Infused 5""",pass,,,,,,,,,,,,
C1098,linkcheck,www.thecurecompany.com,link_internal,https://www.thecurecompany.com/product?slug=stiiizy---infused-preroll-5pk---pink-acai---2.5g-custom-brand-pre-rolls-2.5-39440,python-requests,"HTTP 200; found on 1 page(s); text ""Add To Cart | Check Availability | Get Notified | cart""",pass,,,,,,,,,,,,
C1099,linkcheck,www.thecurecompany.com,link_internal,https://www.thecurecompany.com/product?slug=stoned-ninja-og---1g-preroll-the-cure-company-%5Bweb%5D-pre-rolls-1-39874&productId=39874,python-requests,"HTTP 200; found on 15 page(s); text ""The Cure Company Stoned Ninja OG - 1g Preroll $11 Check Avai""",pass,,,,,,,,,,,,
C1100,linkcheck,www.thecurecompany.com,link_internal,https://www.thecurecompany.com/product?slug=stoned-ninja-og---1g-preroll-the-cure-company-[web]-pre-rolls-1-39874&productId=39874,python-requests,"HTTP 200; found on 1 page(s); text ""The Cure Company Stoned Ninja OG - 1g Preroll $11 Check Avai""",pass,,,,,,,,,,,,
C1101,linkcheck,www.thecurecompany.com,link_internal,https://www.thecurecompany.com/product?slug=strawberry-delights-gummies-liquid-diamond-infused-delights-gummies-candy-50-34841,python-requests,"HTTP 200; found on 1 page(s); text ""Add To Cart | Check Availability | Get Notified | cart""",pass,,,,,,,,,,,,
C1102,linkcheck,www.thecurecompany.com,link_internal,https://www.thecurecompany.com/product?slug=strawberry-jam---1g-aio-vape-the-cure-company-%5Bweb%5D-vaporizers-1-39833&productId=39833,python-requests,"HTTP 200; found on 13 page(s); text ""The Cure Company Strawberry Jam - 1g AIO Vape $20.21 Check A""",pass,,,,,,,,,,,,
C1103,linkcheck,www.thecurecompany.com,link_internal,https://www.thecurecompany.com/product?slug=strawberry-jam---1g-aio-vape-the-cure-company-[web]-vaporizers-1-39833&productId=39833,python-requests,"HTTP 200; found on 1 page(s); text ""The Cure Company Strawberry Jam - 1g AIO Vape $20.21 Check A""",pass,,,,,,,,,,,,
C1104,linkcheck,www.thecurecompany.com,link_internal,https://www.thecurecompany.com/product?slug=strawberry-jam-gummies---1000mg-the-cure-company-%5Bweb%5D-edibles-1000-39843&productId=39843,python-requests,"HTTP 200; found on 4 page(s); text ""The Cure Company Strawberry Jam Gummies - 1000mg $10 Check A""",pass,,,,,,,,,,,,
C1105,linkcheck,www.thecurecompany.com,link_internal,https://www.thecurecompany.com/product?slug=strawberry-jam-gummies---1000mg-the-cure-company-[web]-edibles-1000-39843&productId=39843,python-requests,"HTTP 200; found on 1 page(s); text ""The Cure Company Strawberry Jam Gummies - 1000mg $10 Check A""",pass,,,,,,,,,,,,
C1106,linkcheck,www.thecurecompany.com,link_internal,https://www.thecurecompany.com/product?slug=strawberry-jam-the-cure-company-root-category-39.7-39365&productId=39365,python-requests,"HTTP 200; found on 1 page(s); text ""The Cure Company Strawberry Jam $7.94 Check Availability""",pass,,,,,,,,,,,,
C1107,linkcheck,www.thecurecompany.com,link_internal,https://www.thecurecompany.com/product?slug=sunny-c---0.7g-prerolls-5-pack-the-cure-company-%5Bweb%5D-pre-rolls-3.5-39868&productId=39868,python-requests,"HTTP 200; found on 15 page(s); text ""The Cure Company Sunny C - 0.7g Prerolls 5 Pack $35 Check Av""",pass,,,,,,,,,,,,
C1108,linkcheck,www.thecurecompany.com,link_internal,https://www.thecurecompany.com/product?slug=sunny-c---0.7g-prerolls-5-pack-the-cure-company-[web]-pre-rolls-3.5-39868&productId=39868,python-requests,"HTTP 200; found on 1 page(s); text ""The Cure Company Sunny C - 0.7g Prerolls 5 Pack $35 Check Av""",pass,,,,,,,,,,,,
C1109,linkcheck,www.thecurecompany.com,link_internal,https://www.thecurecompany.com/product?slug=sunny-c---1g-aio-vape-the-cure-company-%5Bweb%5D-vaporizers-1-90.67-39837&productId=39837,python-requests,"HTTP 200; found on 13 page(s); text ""The Cure Company Sunny C - 1g AIO Vape $20.21 Check Availabi""",pass,,,,,,,,,,,,
C1110,linkcheck,www.thecurecompany.com,link_internal,https://www.thecurecompany.com/product?slug=sunny-c---1g-aio-vape-the-cure-company-[web]-vaporizers-1-90.67-39837&productId=39837,python-requests,"HTTP 200; found on 1 page(s); text ""The Cure Company Sunny C - 1g AIO Vape $20.21 Check Availabi""",pass,,,,,,,,,,,,
C1111,linkcheck,www.thecurecompany.com,link_internal,https://www.thecurecompany.com/product?slug=sunny-c---1g-preroll-the-cure-company-%5Bweb%5D-pre-rolls-1-29-39884&productId=39884,python-requests,"HTTP 200; found on 15 page(s); text ""The Cure Company Sunny C - 1g Preroll $14 Check Availability""",pass,,,,,,,,,,,,
C1112,linkcheck,www.thecurecompany.com,link_internal,https://www.thecurecompany.com/product?slug=sunny-c---1g-preroll-the-cure-company-[web]-pre-rolls-1-29-39884&productId=39884,python-requests,"HTTP 200; found on 1 page(s); text ""The Cure Company Sunny C - 1g Preroll $14 Check Availability""",pass,,,,,,,,,,,,
C1113,linkcheck,www.thecurecompany.com,link_internal,https://www.thecurecompany.com/product?slug=tags---blackberry-punch---100mg-custom-brand-root-category-40-37511,python-requests,"HTTP 200; found on 1 page(s); text ""Add To Cart | Check Availability | Get Notified | cart""",pass,,,,,,,,,,,,
C1114,linkcheck,www.thecurecompany.com,link_internal,https://www.thecurecompany.com/product?slug=tgr-infused-prerolls---pineapple-jack-14pk-7g-custom-brand-pre-rolls-7-50479,python-requests,"HTTP 200; found on 1 page(s); text ""Add To Cart | Check Availability | Get Notified | cart""",pass,,,,,,,,,,,,
C1115,linkcheck,www.thecurecompany.com,link_internal,https://www.thecurecompany.com/product?slug=the-cure-co.-curelato-runtz-14g-(big-nugs)-custom-brand-root-category-14-39003,python-requests,"HTTP 200; found on 1 page(s); text ""Add To Cart | Check Availability | Get Notified | cart""",pass,,,,,,,,,,,,
C1116,linkcheck,www.thecurecompany.com,link_internal,https://www.thecurecompany.com/product?slug=the-cure-company---badder---sunny-c---1g-custom-brand-root-category-1-39260,python-requests,"HTTP 200; found on 1 page(s); text ""Add To Cart | Check Availability | Get Notified | cart""",pass,,,,,,,,,,,,
C1117,linkcheck,www.thecurecompany.com,link_internal,https://www.thecurecompany.com/product?slug=the-cure-company---real-og---smalls-3.5g-custom-brand-root-category-3.5-49762,python-requests,"HTTP 200; found on 1 page(s); text ""Add To Cart | Check Availability | Get Notified | cart""",pass,,,,,,,,,,,,
C1118,linkcheck,www.thecurecompany.com,link_internal,https://www.thecurecompany.com/product?slug=the-real-og---1g-aio-vape-the-cure-company-%5Bweb%5D-vaporizers-1-39841&productId=39841,python-requests,"HTTP 200; found on 13 page(s); text ""The Cure Company The Real OG - 1g AIO Vape $20.21 Check Avai""",pass,,,,,,,,,,,,
C1119,linkcheck,www.thecurecompany.com,link_internal,https://www.thecurecompany.com/product?slug=the-real-og---1g-aio-vape-the-cure-company-[web]-vaporizers-1-39841&productId=39841,python-requests,"HTTP 200; found on 1 page(s); text ""The Cure Company The Real OG - 1g AIO Vape $20.21 Check Avai""",pass,,,,,,,,,,,,
C1120,linkcheck,www.thecurecompany.com,link_internal,https://www.thecurecompany.com/product?slug=top-shelf-cultivation---blue-dream---3.5-g-top-shelf-cultivation-flower-3.5-51229&productId=51229,python-requests,"HTTP 200; found on 1 page(s); text ""Top Shelf Cultivation Top Shelf Cultivation - Blue Dream - 3""",pass,,,,,,,,,,,,
C1121,linkcheck,www.thecurecompany.com,link_internal,https://www.thecurecompany.com/product?slug=top-shelf-cultivation---preroll---whoa-si-whoa---1g-custom-brand-flower-1-50617,python-requests,"HTTP 200; found on 1 page(s); text ""Add To Cart | Check Availability | Get Notified | cart""",pass,,,,,,,,,,,,
C1122,linkcheck,www.thecurecompany.com,link_internal,https://www.thecurecompany.com/product?slug=top-shelf-cultivation---rremix-preroll---1-g-top-shelf-cultivation-flower-1-51221&productId=51221,python-requests,"HTTP 200; found on 1 page(s); text ""Top Shelf Cultivation Top Shelf Cultivation - Rremix Preroll""",pass,,,,,,,,,,,,
C1123,linkcheck,www.thecurecompany.com,link_internal,https://www.thecurecompany.com/product?slug=top-shelf-cultivation---whoa-si-whoa-preroll---1-g-top-shelf-cultivation-flower-1-51217&productId=51217,python-requests,"HTTP 200; found on 1 page(s); text ""Top Shelf Cultivation Top Shelf Cultivation - Whoa Si Whoa P""",pass,,,,,,,,,,,,
C1124,linkcheck,www.thecurecompany.com,link_internal,https://www.thecurecompany.com/product?slug=unflavored---syrup-tincture-st-ides-edible-oils-60-37566&productId=37566,python-requests,"HTTP 200; found on 1 page(s); text ""ST Ides Unflavored - Syrup Tincture $31.76 Check Availabilit""",pass,,,,,,,,,,,,
C1125,linkcheck,www.thecurecompany.com,link_internal,https://www.thecurecompany.com/product?slug=unflavored---syrup-tincture-st-ides-edible-oils-60-38710&productId=38710,python-requests,"HTTP 200; found on 1 page(s); text ""ST Ides Unflavored - Syrup Tincture $30.63 Check Availabilit""",pass,,,,,,,,,,,,
C1126,linkcheck,www.thecurecompany.com,link_internal,https://www.thecurecompany.com/product?slug=watermelon-con-chile-gummy---bite-(100mg)-whoa-candy-8.75-39281&productId=39281,python-requests,"HTTP 200; found on 1 page(s); text ""Whoa Watermelon Con Chile Gummy - Bite (100mg) $5.56 Check A""",pass,,,,,,,,,,,,
C1127,linkcheck,www.thecurecompany.com,link_internal,https://www.thecurecompany.com/product?slug=watermelon-splash---1g-aio-vape-the-cure-company-%5Bweb%5D-vaporizers-1-39832&productId=39832,python-requests,"HTTP 200; found on 13 page(s); text ""The Cure Company Watermelon Splash - 1g AIO Vape $20.21 Chec""",pass,,,,,,,,,,,,
C1128,linkcheck,www.thecurecompany.com,link_internal,https://www.thecurecompany.com/product?slug=watermelon-splash---1g-aio-vape-the-cure-company-[web]-vaporizers-1-39832&productId=39832,python-requests,"HTTP 200; found on 1 page(s); text ""The Cure Company Watermelon Splash - 1g AIO Vape $20.21 Chec""",pass,,,,,,,,,,,,
C1129,linkcheck,www.thecurecompany.com,link_internal,https://www.thecurecompany.com/product?slug=watermelon-splash---1g-vape-cartridge-the-cure-company-%5Bweb%5D-vaporizers-1-90-39824&productId=39824,python-requests,"HTTP 200; found on 13 page(s); text ""The Cure Company Watermelon Splash - 1g Vape Cartridge $27 C""",pass,,,,,,,,,,,,
C1130,linkcheck,www.thecurecompany.com,link_internal,https://www.thecurecompany.com/product?slug=watermelon-splash---1g-vape-cartridge-the-cure-company-[web]-vaporizers-1-90-39824&productId=39824,python-requests,"HTTP 200; found on 1 page(s); text ""The Cure Company Watermelon Splash - 1g Vape Cartridge $27 C""",pass,,,,,,,,,,,,
C1131,linkcheck,www.thecurecompany.com,link_internal,https://www.thecurecompany.com/product?slug=watermelon-zkittlez---1.2g-jefferey-infused-joint-west-coast-cure-pre-rolls-1.2-36373,python-requests,"HTTP 200; found on 1 page(s); text ""Add To Cart | Check Availability | Get Notified | cart""",pass,,,,,,,,,,,,
C1132,linkcheck,www.thecurecompany.com,link_internal,https://www.thecurecompany.com/product?slug=wedding-cake-x-blackberry-kush-kingroll-pre-rolls-1.3-32859,python-requests,"HTTP 200; found on 1 page(s); text ""Add To Cart | Check Availability | Get Notified | cart""",pass,,,,,,,,,,,,
C1133,linkcheck,www.thecurecompany.com,link_internal,https://www.thecurecompany.com/product?slug=west-coast-cure---grape-biscotti---live-resin-badder-1g-custom-brand-root-category-1-38060,python-requests,"HTTP 200; found on 1 page(s); text ""Add To Cart | Check Availability | Get Notified | cart""",pass,,,,,,,,,,,,
C1134,linkcheck,www.thecurecompany.com,link_internal,https://www.thecurecompany.com/product?slug=west-coast-cure---honey-bananas---live-resin-badder---1-g-west-coast-cure-root-category-1-50887,python-requests,"HTTP 200; found on 1 page(s); text ""Add To Cart | Check Availability | Get Notified | cart""",pass,,,,,,,,,,,,
C1135,linkcheck,www.thecurecompany.com,link_internal,https://www.thecurecompany.com/product?slug=west-coast-cure---lemon-burst---1g-aio-curebar-2.0---1-g-west-coast-cure-vape-pens-1-50000,python-requests,"HTTP 200; found on 1 page(s); text ""Add To Cart | Check Availability | Get Notified | cart""",pass,,,,,,,,,,,,
C1136,linkcheck,www.thecurecompany.com,link_internal,https://www.thecurecompany.com/product?slug=yesca---1g-preroll-the-cure-company-%5Bweb%5D-pre-rolls-1-39873&productId=39873,python-requests,"HTTP 200; found on 15 page(s); text ""The Cure Company Yesca - 1g Preroll $11 Check Availability""",pass,,,,,,,,,,,,
C1137,linkcheck,www.thecurecompany.com,link_internal,https://www.thecurecompany.com/product?slug=yesca---1g-preroll-the-cure-company-[web]-pre-rolls-1-39873&productId=39873,python-requests,"HTTP 200; found on 1 page(s); text ""The Cure Company Yesca - 1g Preroll $11 Check Availability""",pass,,,,,,,,,,,,
C1138,linkcheck,www.thecurecompany.com,link_internal,https://www.thecurecompany.com/profile,python-requests,"HTTP 200; found on 95 page(s); text ""Open this option""",pass,,,,,,,,,,,,
C1139,linkcheck,www.thecurecompany.com,link_internal,https://www.thecurecompany.com/query,python-requests,"HTTP 200; found on 95 page(s); text ""Brand NameProduct Name - X Strain - Y.ZW Size$10.00Add To Ca""",pass,,,,,,,,,,,,
C1140,linkcheck,www.thecurecompany.com,link_internal,https://www.thecurecompany.com/query?search=alien+og,python-requests,"HTTP 200; found on 1 page(s); text ""Brand NameProduct Name - X Strain - Y.ZW Size$10.00Add To Ca""",pass,,,,,,,,,,,,
C1141,linkcheck,www.thecurecompany.com,link_internal,https://www.thecurecompany.com/shop,python-requests,"HTTP 200; found on 95 page(s); text ""Continue Shopping | Open this option | Shop | Shop Now | car""",pass,,,,,,,,,,,,
C1142,linkcheck,www.thecurecompany.com,link_internal,https://www.thecurecompany.com/signup,python-requests,"HTTP 200; found on 8 page(s); text ""REGISTER | SUBMIT OTP | Sign In | Sign up | cart""",pass,,,,,,,,,,,,
C1143,linkcheck,www.thecurecompany.com,link_internal,https://www.thecurecompany.com/strain?slug=banana-cream,python-requests,"HTTP 200; found on 1 page(s); text ""Banana Cream""",pass,,,,,,,,,,,,
C1144,linkcheck,www.thecurecompany.com,link_internal,https://www.thecurecompany.com/strain?slug=blue-runtz,python-requests,"HTTP 200; found on 1 page(s); text ""Blue Runtz""",pass,,,,,,,,,,,,
C1145,linkcheck,www.thecurecompany.com,link_internal,https://www.thecurecompany.com/strain?slug=bolo-runtz,python-requests,"HTTP 200; found on 1 page(s); text ""Bolo Runtz""",pass,,,,,,,,,,,,
C1146,linkcheck,www.thecurecompany.com,link_internal,https://www.thecurecompany.com/strain?slug=breakfast-for-champs,python-requests,"HTTP 200; found on 1 page(s); text ""Breakfast for Champs""",pass,,,,,,,,,,,,
C1147,linkcheck,www.thecurecompany.com,link_internal,https://www.thecurecompany.com/strain?slug=burst,python-requests,"HTTP 200; found on 1 page(s); text ""Burst""",pass,,,,,,,,,,,,
C1148,linkcheck,www.thecurecompany.com,link_internal,https://www.thecurecompany.com/strain?slug=cactus-kooler,python-requests,"HTTP 200; found on 1 page(s); text ""Cactus Kooler""",pass,,,,,,,,,,,,
C1149,linkcheck,www.thecurecompany.com,link_internal,https://www.thecurecompany.com/strain?slug=candy-apple,python-requests,"HTTP 200; found on 1 page(s); text ""Candy Apple""",pass,,,,,,,,,,,,
C1150,linkcheck,www.thecurecompany.com,link_internal,https://www.thecurecompany.com/strain?slug=cereal-milk,python-requests,"HTTP 200; found on 1 page(s); text ""Cereal Milk""",pass,,,,,,,,,,,,
C1151,linkcheck,www.thecurecompany.com,link_internal,https://www.thecurecompany.com/strain?slug=marathon-og,python-requests,"HTTP 200; found on 1 page(s); text ""Marathon OG""",pass,,,,,,,,,,,,
C1152,linkcheck,www.thecurecompany.com,link_internal,https://www.thecurecompany.com/strain?slug=mars-og,python-requests,"HTTP 200; found on 1 page(s); text ""Mars OG""",pass,,,,,,,,,,,,
C1153,linkcheck,www.thecurecompany.com,link_internal,https://www.thecurecompany.com/strain?slug=masters-mistress,python-requests,"HTTP 200; found on 1 page(s); text ""Masters Mistress""",pass,,,,,,,,,,,,
C1154,linkcheck,www.thecurecompany.com,link_internal,https://www.thecurecompany.com/strain?slug=papaya,python-requests,"HTTP 200; found on 1 page(s); text ""Papaya""",pass,,,,,,,,,,,,
C1155,linkcheck,www.thecurecompany.com,link_internal,https://www.thecurecompany.com/strain?slug=paris-og,python-requests,"HTTP 200; found on 1 page(s); text ""Paris OG""",pass,,,,,,,,,,,,
C1156,linkcheck,www.thecurecompany.com,link_internal,https://www.thecurecompany.com/strain?slug=sfv-og,python-requests,"HTTP 200; found on 1 page(s); text ""SFV OG""",pass,,,,,,,,,,,,
C1157,linkcheck,www.thecurecompany.com,link_internal,https://www.thecurecompany.com/strain?slug=skywalker-og,python-requests,"HTTP 200; found on 1 page(s); text ""Skywalker OG""",pass,,,,,,,,,,,,
C1158,linkcheck,www.thecurecompany.com,link_internal,https://www.thecurecompany.com/strain?slug=sweet-thang,python-requests,"HTTP 200; found on 1 page(s); text ""Sweet Thang""",pass,,,,,,,,,,,,
C1159,linkcheck,www.thecurecompany.com,link_internal,https://www.thecurecompany.com/strain?slug=the-cure-og,python-requests,"HTTP 200; found on 1 page(s); text ""The Cure OG""",pass,,,,,,,,,,,,
C1160,linkcheck,www.thecurecompany.com,link_internal,https://www.thecurecompany.com/strain?slug=tripple-cherries,python-requests,"HTTP 200; found on 1 page(s); text ""Tripple Cherries""",pass,,,,,,,,,,,,
C1161,linkcheck,www.thecurecompany.com,link_internal,https://www.thecurecompany.com/strain?slug=white-runtz,python-requests,"HTTP 200; found on 1 page(s); text ""White Runtz""",pass,,,,,,,,,,,,
C1162,linkcheck,www.thecurecompany.com,link_internal,https://www.thecurecompany.com/strain?slug=zahiti,python-requests,"HTTP 200; found on 1 page(s); text ""Zahti""",pass,,,,,,,,,,,,
C1163,linkcheck,www.thecurecompany.com,link_internal,https://www.thecurecompany.com/strains,python-requests,"HTTP 200; found on 2 page(s); text ""Alien OG | Brand NameProduct Name - X Strain - Y.ZW Size$10.""",pass,,,,,,,,,,,,
C1164,linkcheck,www.thecurecompany.com,link_internal,https://www.thecurecompany.com/terms,python-requests,"HTTP 200; found on 95 page(s); text ""Terms & Conditions | cart""",pass,,,,,,,,,,,,
C1165,linkcheck,www.thecurecompany.com,link_internal,https://www.thecurecompany.com/wholesale,python-requests,"HTTP 200; found on 95 page(s); text ""Submit | Wholesale | cart""",pass,,,,,,,,,,,,
C1166,linkcheck,www.thecurecompany.com,link_external,https://www.yelp.com/biz/the-cure-company-los-angeles,python-requests,"HTTP 403; found on 1 page(s); text ""yelp.com - opens in a new tab""; blocked for automated clients (bot protection), not a site fault",not_tested,,,,,,,,,,,,
C1167,linkcheck,www.thecurecompany.com,link_external,https://www.yelp.com/biz/the-cure-company-los-angeles-2,python-requests,"HTTP 403; found on 1 page(s); text ""yelp.com - opens in a new tab""; blocked for automated clients (bot protection), not a site fault",not_tested,,,,,,,,,,,,
C1168,linkcheck,www.thecurecompany.com,link_external,https://www.yelp.com/biz/the-cure-company-los-angeles-7,python-requests,"HTTP 403; found on 1 page(s); text ""yelp.com - opens in a new tab""; blocked for automated clients (bot protection), not a site fault",not_tested,,,,,,,,,,,,
C1169,linkcheck,www.thecurecompany.com,link_external,https://www.yelp.com/biz/the-cure-company-los-angeles-8?osq=The+Cure+Company,python-requests,"HTTP 403; found on 1 page(s); text ""yelp.com - opens in a new tab""; blocked for automated clients (bot protection), not a site fault",not_tested,,,,,,,,,,,,
C1170,linkcheck,www.thecurecompany.com,link_external,https://www.youtube.com/channel/UCH8w5sbg6dXUjSYHfmwajRw,python-requests,"HTTP 200; found on 95 page(s); text ""youtube - opens in a new tab""",pass,,,,,,,,,,,,
C1171,linkcheck,www.thecurecompany.com,link_external,https://yelp.com/biz/dtpg-by-the-cure-company-los-angeles,python-requests,"HTTP 403; found on 1 page(s); text ""yelp.com - opens in a new tab""; blocked for automated clients (bot protection), not a site fault",not_tested,,,,,,,,,,,,
C1172,buttons,www.thecurecompany.com,button_click,https://www.thecurecompany.com/,desktop 1366x900 Chromium (Playwright),"Hamburger menu (desktop): DOM changed (len 79814->79846, visible els 192->222)",pass,,,,,,,button.menu_button >> visible=true,"Failed to load resource: the server responded with a status of 429 () | Error fetching data: ApiError: 123 exceeds 10/req per hour, wait 32m44s
    at sV (https://lab.alpineiq.com/static/js/index-vuyIkR-5.js:114:325006)
    at async lV (https://lab.alpineiq.com/static/js/",,screenshots/buttons/home_Hamburger_menu_desktop_.png,,
C1173,buttons,www.thecurecompany.com,button_click,https://www.thecurecompany.com/,mobile 390x844 Chromium (Playwright),"Hamburger menu (mobile): DOM changed (len 72720->72752, visible els 152->182)",pass,,,,,,,button.menu_button >> visible=true,"Failed to load resource: the server responded with a status of 429 () | Error fetching data: ApiError: 127 exceeds 10/req per hour, wait 32m22s
    at sV (https://lab.alpineiq.com/static/js/index-vuyIkR-5.js:114:325006)
    at async lV (https://lab.alpineiq.com/static/js/",,screenshots/buttons/home_Hamburger_menu_mobile_.png,,
C1174,buttons,www.thecurecompany.com,button_click,https://www.thecurecompany.com/,desktop 1366x900 Chromium (Playwright),"Header ""Choose Your Location"": DOM changed (len 79622->79619, visible els 192->257); 7 network requests e.g. https://cdn.prod.website-files.com/68ef4a0c65500cafbe219bfc/68fa3007d951ad2b829eaa0d_Frame%20(1).svg",pass,,,,,,,text=Choose Your Location >> nth=0,"Failed to load resource: the server responded with a status of 429 () | Error fetching data: ApiError: 129 exceeds 10/req per hour, wait 32m1s
    at sV (https://lab.alpineiq.com/static/js/index-vuyIkR-5.js:114:325006)
    at async lV (https://lab.alpineiq.com/static/js/i",,screenshots/buttons/home_Header_Choose_Your_Location_.png,,
C1175,buttons,www.thecurecompany.com,button_click,https://www.thecurecompany.com/,desktop 1366x900 Chromium (Playwright),"Header profile icon: navigated to https://www.thecurecompany.com/login?from=%2Fprofile; DOM changed (len 79622->44365, visible els 192->125); 154 network requests e.g. https://www.thecurecompany.com/profile",pass,,,,,,,"a.navbar_button[href=""/profile""]","Failed to load resource: the server responded with a status of 429 () | Error fetching data: ApiError: 132 exceeds 10/req per hour, wait 31m39s
    at sV (https://lab.alpineiq.com/static/js/index-vuyIkR-5.js:114:325006)
    at async lV (https://lab.alpineiq.com/static/js/",,screenshots/buttons/home_Header_profile_icon.png,,
C1176,buttons,www.thecurecompany.com,button_click,https://www.thecurecompany.com/,desktop 1366x900 Chromium (Playwright),"Header bag icon (empty bag): DOM changed (len 79622->79619, visible els 192->202)",pass,,,,,,,"a.navbar_button[href=""#""]","Failed to load resource: the server responded with a status of 429 () | Error fetching data: ApiError: 134 exceeds 10/req per hour, wait 31m18s
    at sV (https://lab.alpineiq.com/static/js/index-vuyIkR-5.js:114:325006)
    at async lV (https://lab.alpineiq.com/static/js/",,screenshots/buttons/home_Header_bag_icon_empty_bag_.png,,
C1177,buttons,www.thecurecompany.com,button_click,https://www.thecurecompany.com/,desktop 1366x900 Chromium (Playwright),"Location card ""The Cure Company CCC"": navigated to https://www.thecurecompany.com/locations/ccc; DOM changed (len 79622->40357, visible els 192->154); 88 network requests e.g. https://www.thecurecompany.com/locations/ccc",pass,,,,,,,.dispensary_title >> nth=0,"Failed to load resource: the server responded with a status of 429 () | Error fetching data: ApiError: 139 exceeds 10/req per hour, wait 30m55s
    at sV (https://lab.alpineiq.com/static/js/index-vuyIkR-5.js:114:325006)
    at async lV (https://lab.alpineiq.com/static/js/",,screenshots/buttons/home_Location_card_The_Cure_Company_CCC_.png,,
C1178,buttons,www.thecurecompany.com,button_click,https://www.thecurecompany.com/,desktop 1366x900 Chromium (Playwright),"""Explore"" CTA: navigated to https://www.thecurecompany.com/genetics; DOM changed (len 79622->50085, visible els 192->182); 102 network requests e.g. https://www.thecurecompany.com/genetics",pass,,,,,,,"a:has-text(""Explore"") >> nth=0","Failed to load resource: the server responded with a status of 429 () | Error fetching data: ApiError: 144 exceeds 10/req per hour, wait 30m23s
    at sV (https://lab.alpineiq.com/static/js/index-vuyIkR-5.js:114:325006)
    at async lV (https://lab.alpineiq.com/static/js/",,screenshots/buttons/home_Explore_CTA.png,,
C1179,buttons,www.thecurecompany.com,button_click,https://www.thecurecompany.com/,desktop 1366x900 Chromium (Playwright),"Signature strain ""Alien OG"": navigated to https://www.thecurecompany.com/strain?slug=alien-og&_gl=1*1343khb*_ga*MTg5NzU5MTc0MS4xNzkwNTM4NTcy*_ga_T5N9XP3NQT*czE3OTA1Mzg1NzIkbzEkZzEkdDE3OTA1Mzg1NzIkajYwJGwwJGg2MTIyNjQ5MTc.; DOM changed (len 79622->47728, visible els 192->110); 92 network requests e.g. https://thecurecompany.com/strain?slug=alien-og&_gl=1*1343khb*_ga*MTg5NzU5MTc0MS4xNzkwNTM4NTcy*_ga_T",pass,,,,,,,"a:has-text(""Alien OG"") >> nth=0","Failed to load resource: the server responded with a status of 429 () | Error fetching data: ApiError: 150 exceeds 10/req per hour, wait 29m50s
    at sV (https://lab.alpineiq.com/static/js/index-vuyIkR-5.js:114:325006)
    at async lV (https://lab.alpineiq.com/static/js/",,screenshots/buttons/home_Signature_strain_Alien_OG_.png,,
C1180,buttons,www.thecurecompany.com,button_click,https://www.thecurecompany.com/,desktop 1366x900 Chromium (Playwright),"""Learn More"" CTA: navigated to https://www.thecurecompany.com/about; DOM changed (len 79622->46976, visible els 192->139); 95 network requests e.g. https://cdn.prod.website-files.com/68ef4a0c65500cafbe219bfc%2F68eff4322da45bbb41d2ec84_3-28-2024_Gro",pass,,,,,,,"a:has-text(""Learn More"") >> nth=0","Failed to load resource: the server responded with a status of 429 () | Error fetching data: ApiError: 155 exceeds 10/req per hour, wait 29m16s
    at sV (https://lab.alpineiq.com/static/js/index-vuyIkR-5.js:114:325006)
    at async lV (https://lab.alpineiq.com/static/js/",,screenshots/buttons/home_Learn_More_CTA.png,,
C1181,buttons,www.thecurecompany.com,button_click,https://www.thecurecompany.com/,desktop 1366x900 Chromium (Playwright),"Footer ""JOIN VIP LIST"": opened new tab: https://lab.alpineiq.com/join/c/4413/109731; DOM changed (len 79622->79615, visible els 192->192)",pass,,,,,,,"a:has-text(""JOIN VIP LIST"") >> visible=true",,,screenshots/buttons/home_Footer_JOIN_VIP_LIST_.png,,
C1182,buttons,www.thecurecompany.com,button_click,https://www.thecurecompany.com/,desktop 1366x900 Chromium (Playwright),"Age gate ""NO"": DOM changed (len 79619->79643, visible els 206->207)",pass,,,,,,,#under-age,"Failed to load resource: the server responded with a status of 429 () | Error fetching data: ApiError: 161 exceeds 10/req per hour, wait 28m6s
    at sV (https://lab.alpineiq.com/static/js/index-vuyIkR-5.js:114:325006)
    at async lV (https://lab.alpineiq.com/static/js/i",,screenshots/buttons/age_gate_Age_gate_NO_.png,,
C1183,buttons,www.thecurecompany.com,button_click,https://www.thecurecompany.com/shop,desktop 1366x900 Chromium (Playwright),"""View All"" (Flower): navigated to https://www.thecurecompany.com/category?name=flower; DOM changed (len 333232->109384, visible els 1260->396); 118 network requests e.g. https://www.thecurecompany.com/category?name=flower",pass,,,,,,,"a:has-text(""View All"") >> nth=0",,,screenshots/buttons/shop_View_All_Flower_.png,,
C1184,buttons,www.thecurecompany.com,button_click,https://www.thecurecompany.com/shop,desktop 1366x900 Chromium (Playwright),"Carousel ""Next slide"": DOM changed (len 317615->333218, visible els 1260->1260)",pass,,,,,,,"[aria-label=""Next slide""] >> visible=true",,,screenshots/buttons/shop_Carousel_Next_slide_.png,,
C1185,buttons,www.thecurecompany.com,button_click,https://www.thecurecompany.com/shop,desktop 1366x900 Chromium (Playwright),"Card ""Check Availability"" (no store): DOM changed (len 333220->349215, visible els 1260->1325); 7 network requests e.g. https://cdn.prod.website-files.com/68ef4a0c65500cafbe219bfc/68fa3007d951ad2b829eaa0d_Frame%20(1).svg",pass,,,,,,,text=Check Availability >> visible=true,,,screenshots/buttons/shop_Card_Check_Availability_no_store_.png,,
C1186,buttons,www.thecurecompany.com,button_click,https://www.thecurecompany.com/shop,mobile 390x844 Chromium (Playwright),"Card ""Check Availability"" (mobile, no store): DOM changed (len 310722->326327, visible els 1208->1273); 7 network requests e.g. https://cdn.prod.website-files.com/68ef4a0c65500cafbe219bfc/68fa3007d951ad2b829eaa0d_Frame%20(1).svg",pass,,,,,,,text=Check Availability >> visible=true,,,screenshots/buttons/shop_Card_Check_Availability_mobile_no_store_.png,,
C1187,buttons,www.thecurecompany.com,button_click,https://www.thecurecompany.com/shop,desktop 1366x900 Chromium (Playwright),"Card ""Add To Cart"" (store chosen): DOM changed (len 297095->316107, visible els 1129->1183); 5 network requests e.g. https://customer-backend-production.batchsys.com/api/v1/syncBag",pass,,,,,,,text=Add To Cart >> visible=true,,,screenshots/buttons/shop_Card_Add_To_Cart_store_chosen_.png,,
C1188,buttons,www.thecurecompany.com,button_click,https://www.thecurecompany.com/shop,mobile 390x844 Chromium (Playwright),"Card ""Add To Cart"" (mobile, store chosen): DOM changed (len 282336->301361, visible els 1079->1133); 5 network requests e.g. https://customer-backend-production.batchsys.com/api/v1/syncBag",pass,,,,,,,text=Add To Cart >> visible=true,,,screenshots/buttons/shop_Card_Add_To_Cart_mobile_store_chosen_.png,,
C1189,buttons,www.thecurecompany.com,button_click,https://www.thecurecompany.com/category?name=flower,desktop 1366x900 Chromium (Playwright),"Filter checkbox ""Indica"": DOM changed (len 141880->139866, visible els 396->396); 21 network requests e.g. https://customer-backend-production.batchsys.com/api/v1/brand/search?query=*",pass,,,,,,,".filter-value:has-text(""Indica"") input",,,screenshots/buttons/category_Filter_checkbox_Indica_.png,,
C1190,buttons,www.thecurecompany.com,button_click,https://www.thecurecompany.com/locations/melrose-dispensary,desktop 1366x900 Chromium (Playwright),"""Shop Now"": navigated to https://www.thecurecompany.com/shop; DOM changed (len 52224->249766, visible els 149->1129); 140 network requests e.g. https://www.thecurecompany.com/query",pass,,,,,,,text=Shop Now >> nth=0,,,screenshots/buttons/location_Shop_Now_.png,,
C1191,buttons,www.thecurecompany.com,button_click,https://www.thecurecompany.com/locations/melrose-dispensary,mobile 390x844 Chromium (Playwright),"""Shop Now"" (mobile): navigated to https://www.thecurecompany.com/shop; DOM changed (len 44922->242863, visible els 109->1079); 118 network requests e.g. https://www.thecurecompany.com/query",pass,,,,,,,text=Shop Now >> visible=true,,,screenshots/buttons/location_Shop_Now_mobile_.png,,
C1192,buttons,www.thecurecompany.com,button_click,https://www.thecurecompany.com/genetics,desktop 1366x900 Chromium (Playwright),"""View All Strains"": navigated to https://www.thecurecompany.com/strains; DOM changed (len 63511->56966, visible els 182->160); 111 network requests e.g. https://www.thecurecompany.com/strains",pass,,,,,,,text=View All Strains >> nth=0,,,screenshots/buttons/genetics_View_All_Strains_.png,,
C1193,buttons,www.thecurecompany.com,button_click,https://www.thecurecompany.com/genetics,desktop 1366x900 Chromium (Playwright),"""Contact Us"": navigated to https://www.thecurecompany.com/contact; DOM changed (len 63509->46950, visible els 182->110); 89 network requests e.g. https://www.thecurecompany.com/contact",pass,,,,,,,text=Contact Us >> visible=true,,,screenshots/buttons/genetics_Contact_Us_.png,,
C1194,buttons,www.thecurecompany.com,button_click,https://www.thecurecompany.com/about,desktop 1366x900 Chromium (Playwright),"""Contact Us"": navigated to https://www.thecurecompany.com/contact; DOM changed (len 58727->46950, visible els 139->110); 89 network requests e.g. https://www.thecurecompany.com/contact",pass,,,,,,,text=Contact Us >> visible=true,"Failed to load resource: the server responded with a status of 429 () | Error fetching data: ApiError: 164 exceeds 10/req per hour, wait 22m53s
    at sV (https://lab.alpineiq.com/static/js/index-vuyIkR-5.js:114:325006)
    at async lV (https://lab.alpineiq.com/static/js/",,screenshots/buttons/about_Contact_Us_.png,,
C1195,buttons,www.thecurecompany.com,button_click,https://www.thecurecompany.com/strains,desktop 1366x900 Chromium (Playwright),"Strain card ""Banana Cream"": navigated to https://www.thecurecompany.com/strain?slug=banana-cream; DOM changed (len 74106->47322, visible els 160->109); 92 network requests e.g. https://www.thecurecompany.com/strain?slug=banana-cream",pass,,,,,,,text=Banana Cream >> nth=0,,,screenshots/buttons/strains_Strain_card_Banana_Cream_.png,,
C1196,buttons,www.thecurecompany.com,button_click,https://www.thecurecompany.com/login,desktop 1366x900 Chromium (Playwright),"Tab ""Phone"": DOM changed (len 56909->56865, visible els 125->128)",pass,,,,,,,text=Phone >> visible=true,,,screenshots/buttons/account_login_Tab_Phone_.png,,
C1197,buttons,www.thecurecompany.com,button_click,https://www.thecurecompany.com/login,desktop 1366x900 Chromium (Playwright),"""Forgot Password?"": navigated to https://www.thecurecompany.com/forgot-password; DOM changed (len 56907->43219, visible els 125->114); 89 network requests e.g. https://www.thecurecompany.com/forgot-password",pass,,,,,,,text=Forgot Password? >> nth=0,,,screenshots/buttons/account_login_Forgot_Password_.png,,
C1198,buttons,www.thecurecompany.com,button_click,https://www.thecurecompany.com/login,desktop 1366x900 Chromium (Playwright),"""Login using one time code"": DOM changed (len 56909->56859, visible els 125->123)",pass,,,,,,,text=Login using one time code,,,screenshots/buttons/account_login_Login_using_one_time_code_.png,,
C1199,buttons,www.thecurecompany.com,button_click,https://www.thecurecompany.com/login,desktop 1366x900 Chromium (Playwright),"""Sign up"" link: navigated to https://www.thecurecompany.com/signup; DOM changed (len 56909->46248, visible els 125->130); 89 network requests e.g. https://www.thecurecompany.com/signup",pass,,,,,,,"a:has-text(""Sign up"") >> visible=true",,,screenshots/buttons/account_login_Sign_up_link.png,,
C1200,buttons,www.thecurecompany.com,button_click,https://www.thecurecompany.com/login,desktop 1366x900 Chromium (Playwright),"Empty ""LOGIN"" submit: DOM changed (len 56907->56993, visible els 125->125); 1 network requests e.g. https://customer-backend-production.batchsys.com/api/v1/login",pass,,,,,,,#login-submit-button,,,screenshots/buttons/account_login_Empty_LOGIN_submit.png,,
C1201,buttons,www.thecurecompany.com,button_click,https://www.thecurecompany.com/signup,desktop 1366x900 Chromium (Playwright),"""Sign In"" link: navigated to https://www.thecurecompany.com/login; DOM changed (len 58705->44575, visible els 130->125); 91 network requests e.g. https://www.thecurecompany.com/login",pass,,,,,,,"a:has-text(""Sign In"") >> visible=true",,,screenshots/buttons/account_signup_Sign_In_link.png,,
C1202,buttons,www.thecurecompany.com,button_click,https://www.thecurecompany.com/forgot-password,desktop 1366x900 Chromium (Playwright),"Empty ""Reset Password"" submit: DOM changed (len 55154->55249, visible els 114->114)",pass,,,,,,,#forgot-password-button,,,screenshots/buttons/account_forgot_Empty_Reset_Password_submit.png,,
C1203,buttons,www.thecurecompany.com,button_click,https://www.thecurecompany.com/this-page-does-not-exist-qa,desktop 1366x900 Chromium (Playwright),"""Go Home"": navigated to https://www.thecurecompany.com/; DOM changed (len 17867->61830, visible els 51->206); 97 network requests e.g. https://www.thecurecompany.com/",pass,,,,,,,text=Go Home,Failed to load resource: the server responded with a status of 404 (),,screenshots/buttons/404_Go_Home_.png,,
C1204,buttons,www.thecurecompany.com,button_click,https://www.thecurecompany.com/wholesale,desktop 1366x900 Chromium (Playwright),"""Drag & drop or click to upload"" (file chooser only): native file chooser opened (no file selected)",pass,,,,,,,__FILE__,,,,,
C1205,buttons,www.thecurecompany.com,button_click,https://www.thecurecompany.com/product?slug=alien-og---smalls-the-cure-company-root-category-14-36924&productId=36924,desktop 1366x900 Chromium (Playwright),"PDP ""Add To Cart"": DOM changed (len 110135->113180, visible els 294->351); 5 network requests e.g. https://customer-backend-production.batchsys.com/api/v1/syncBag",pass,,,,,,,#product-add-to-cart-button,,,screenshots/buttons/pdp_PDP_Add_To_Cart_.png,,
C1206,buttons,www.thecurecompany.com,button_click,https://www.thecurecompany.com/product?slug=alien-og---smalls-the-cure-company-root-category-14-36924&productId=36924,mobile 390x844 Chromium (Playwright),"PDP ""Add To Cart"" (mobile): DOM changed (len 103225->106270, visible els 252->309); 5 network requests e.g. https://customer-backend-production.batchsys.com/api/v1/syncBag",pass,,,,,,,#product-add-to-cart-button,,,screenshots/buttons/pdp_PDP_Add_To_Cart_mobile_.png,,
C1207,buttons,www.thecurecompany.com,button_click,https://www.thecurecompany.com/,desktop 1366x900 Chromium (Playwright),"""Move to top"" button: DOM changed (len 79622->79654, visible els 192->222)",pass,,,,,,,"[aria-label=""Move to top""]","Failed to load resource: the server responded with a status of 429 () | Error fetching data: ApiError: 163 exceeds 10/req per hour, wait 23m19s
    at sV (https://lab.alpineiq.com/static/js/index-vuyIkR-5.js:114:325006)
    at async lV (https://lab.alpineiq.com/static/js/",,screenshots/buttons/home_Move_to_top_button.png,,
C1208,buttons,www.thecurecompany.com,button_click,https://www.thecurecompany.com/dispensaries,desktop 1366x900 Chromium (Playwright),"Store card ""Melrose"" (visible): navigated to https://www.thecurecompany.com/locations/melrose-dispensary; DOM changed (len 71979->40892, visible els 154->149); 89 network requests e.g. https://www.thecurecompany.com/locations/melrose-dispensary",pass,,,,,,,text=/Melrose/i >> visible=true,,,screenshots/buttons/dispensaries_Store_card_Melrose_visible_.png,,
C1209,buttons,www.thecurecompany.com,button_click,https://www.thecurecompany.com/product?slug=alien-og---smalls-the-cure-company-root-category-14-36924&productId=36924,desktop 1366x900 Chromium (Playwright),"PDP ""Check Availability"" text button (no store): navigated to https://www.thecurecompany.com/product?slug=alien-og---smalls-the-cure-company-root-category-14-36924&productId=36924#; 7 network requests e.g. https://cdn.prod.website-files.com/68ef4a0c65500cafbe219bfc/68fa3007d951ad2b829eaa0d_Frame%20(1).svg",pass,,,,,,,text=/Check Availability/i >> visible=true,,,screenshots/buttons/pdp_PDP_Check_Availability_text_button_no_store_.png,,
C1210,buttons,www.thecurecompany.com,button_click,https://www.thecurecompany.com/category?name=flower,mobile 390x844 Chromium (Playwright),"Mobile filter: tap checkbox ""Indica"" (after opening img.filter-open): Results 167 -> 81 after tapping the checkbox and closing the panel (raw/mfilter_cb.json)",pass,,,,,,,input[value=Indica] >> visible=true,,,screenshots/buttons/mobile_filter_indica_cb_after.png,,
C1211,buttons,www.thecurecompany.com,button_click,https://www.thecurecompany.com/category?name=flower,mobile 390x844 Chromium (Playwright),"Mobile filter: tap the label text ""Indica"": Label text has cursor:pointer but is not a <label>; tapping it leaves the checkbox unticked and results stay 167 (raw/mfilter.json)",fail,Low,L-7,,,,,".filter-value-mobile span (text Indica, cursor:pointer)",,,screenshots/buttons/mobile_filter_indica_panel.png,,
C1212,crawl,www.thecurecompany.com,sitemap_url_with_hash,https://www.thecurecompany.com/product?slug=community-cannabis---dosi-cake-#10---rosin--1g-custom-brand-root-category-34738,desktop 1366x900 Chromium (Playwright),browser drops everything after '#'; API called for truncated slug community-cannabis---dosi-cake-; page shows only: Choose Your Location | Related Products | Quick Links | Shop | Products,fail,Medium,M-9,,,,,,,https://customer-backend-production.batchsys.com/api/v1/getproduct/community-cannabis---dosi-cake-,screenshots/sitemap_hash_url_example.png,,
C1213,crawl,www.thecurecompany.com,sitemap_url_with_hash,https://www.thecurecompany.com/product?slug=xl-infused---gelato-#33-jeeter-pre-rolls-2-37606,desktop 1366x900 Chromium (Playwright),browser drops everything after '#'; API called for truncated slug xl-infused---gelato-; page shows only: Choose Your Location | Related Products | Quick Links | Shop | Products,fail,Medium,M-9,,,,,,,https://customer-backend-production.batchsys.com/api/v1/getproduct/xl-infused---gelato-,screenshots/sitemap_hash_url_example.png,,
C1214,crawl,www.thecurecompany.com,sitemap_url_with_hash,https://www.thecurecompany.com/product?slug=biscotti-#2---14g-bigs-the-cure-company-[web]-flower-14-39921,desktop 1366x900 Chromium (Playwright),browser drops everything after '#'; API called for truncated slug biscotti-; page shows only: Choose Your Location | Related Products | Quick Links | Shop | Products,fail,Medium,M-9,,,,,,,https://customer-backend-production.batchsys.com/api/v1/getproduct/biscotti-,screenshots/sitemap_hash_url_example.png,,
C1215,crawl,www.thecurecompany.com,sitemap_url_with_hash,https://www.thecurecompany.com/product?slug=raw-garden™---orange-juice-jones-#6-sauce-cartridge---1-g-raw-garden™-vape-pens-1-50994,desktop 1366x900 Chromium (Playwright),browser drops everything after '#'; API called for truncated slug raw-garden%E2%84%A2---orange-juice-jones-; page shows only: Choose Your Location | Related Products | Quick Links | Shop | Products,fail,Medium,M-9,,,,,,,https://customer-backend-production.batchsys.com/api/v1/getproduct/raw-garden%E2%84%A2---orange-juice-jones-,screenshots/sitemap_hash_url_example.png,,
C1216,crawl,www.thecurecompany.com,sitemap_url_with_hash,https://www.thecurecompany.com/product?slug=kingroll---indica-variety-mix-#6---infused-pre-rolls-.75g-(4pck)-custom-brand-pre-rolls-3-49775,desktop 1366x900 Chromium (Playwright),browser drops everything after '#'; API called for truncated slug kingroll---indica-variety-mix-; page shows only: Choose Your Location | Related Products | Quick Links | Shop | Products,fail,Medium,M-9,,,,,,,https://customer-backend-production.batchsys.com/api/v1/getproduct/kingroll---indica-variety-mix-,screenshots/sitemap_hash_url_example.png,,
C1217,crawl,www.thecurecompany.com,sitemap_url_with_hash,https://www.thecurecompany.com/product?slug=kingroll:-hybrid-variety-mix-#8-.75g-(4pck)-infused-pre-rolls-custom-brand-pre-rolls-3-33049,desktop 1366x900 Chromium (Playwright),browser drops everything after '#'; API called for truncated slug kingroll%3A-hybrid-variety-mix-; page shows only: Choose Your Location | Related Products | Quick Links | Shop | Products,fail,Medium,M-9,,,,,,,https://customer-backend-production.batchsys.com/api/v1/getproduct/kingroll%3A-hybrid-variety-mix-,screenshots/sitemap_hash_url_example.png,,
C1218,crawl,www.thecurecompany.com,sitemap_url_with_hash,https://www.thecurecompany.com/product?slug=strawberry-jack-#13-sauce-cartridge-raw-garden™-vape-pens-1-33258,desktop 1366x900 Chromium (Playwright),browser drops everything after '#'; API called for truncated slug strawberry-jack-; page shows only: Choose Your Location | Related Products | Quick Links | Shop | Products,fail,Medium,M-9,,,,,,,https://customer-backend-production.batchsys.com/api/v1/getproduct/strawberry-jack-,screenshots/sitemap_hash_url_example.png,,
C1219,crawl,www.thecurecompany.com,sitemap_url_with_hash,https://www.thecurecompany.com/product?slug=kingroll---sativa-mix-variety-pack-#5---4pk-kingroll-jr.'s-3g-custom-brand-pre-rolls-3-49959,desktop 1366x900 Chromium (Playwright),browser drops everything after '#'; API called for truncated slug kingroll---sativa-mix-variety-pack-; page shows only: Choose Your Location | Related Products | Quick Links | Shop | Products,fail,Medium,M-9,,,,,,,https://customer-backend-production.batchsys.com/api/v1/getproduct/kingroll---sativa-mix-variety-pack-,screenshots/sitemap_hash_url_example.png,,
C1220,crawl,www.thecurecompany.com,sitemap_url_with_hash,https://www.thecurecompany.com/product?slug=3.5g-biscotti-#50-the-marathon-cultivation-root-category-3.5-38276,desktop 1366x900 Chromium (Playwright),browser drops everything after '#'; API called for truncated slug 3.5g-biscotti-; page shows only: Choose Your Location | Related Products | Quick Links | Shop | Products,fail,Medium,M-9,,,,,,,https://customer-backend-production.batchsys.com/api/v1/getproduct/3.5g-biscotti-,screenshots/sitemap_hash_url_example.png,,
C1221,crawl,www.thecurecompany.com,sitemap_url_with_hash,https://www.thecurecompany.com/product?slug=kingroll:-variety-mix-#7-.75g-(4-pack)-pre-rolls-custom-brand-pre-rolls-49637,desktop 1366x900 Chromium (Playwright),browser drops everything after '#'; API called for truncated slug kingroll%3A-variety-mix-; page shows only: Choose Your Location | Related Products | Quick Links | Shop | Products,fail,Medium,M-9,,,,,,,https://customer-backend-production.batchsys.com/api/v1/getproduct/kingroll%3A-variety-mix-,screenshots/sitemap_hash_url_example.png,,
C1222,crawl,www.thecurecompany.com,price_before_vs_after_store,https://www.thecurecompany.com/product?slug=top-shelf-cultivation---whoa-si-whoa-preroll---1-g-top-shelf-cultivation-flower-1-50991&productId=50991,desktop 1366x900 Chromium (Playwright),"Top Shelf Cultivation - Whoa Si Whoa Preroll - 1 g: $8.71 before choosing a store, $8.74 after choosing Melrose",fail,Medium,M-1,,,"same price, or a note that prices depend on the store",$8.71 -> $8.74,,,,journeys/P02_shop_after_store_melrose.png,,
C1223,crawl,www.thecurecompany.com,price_before_vs_after_store,https://www.thecurecompany.com/product?slug=kingroll---4-pack-zoap-x-permanent-marker-hybrid---3-g-kingroll-pre-rolls-3-51145&productId=51145,desktop 1366x900 Chromium (Playwright),"Kingroll - 4-Pack Zoap x Permanent Marker Hybrid - 3 g: $29.31 before choosing a store, $31.76 after choosing Melrose",fail,Medium,M-1,,,"same price, or a note that prices depend on the store",$29.31 -> $31.76,,,,journeys/P02_shop_after_store_melrose.png,,
C1224,crawl,www.thecurecompany.com,price_before_vs_after_store,https://www.thecurecompany.com/product?slug=kingroll---single-grandi-guava-x-grapefruit-romulan---1.3-g-kingroll-pre-rolls-1.3-51162&productId=51162,desktop 1366x900 Chromium (Playwright),"Kingroll - Single Grandi Guava x Grapefruit Romulan - 1.3 g: $14.29 before choosing a store, $15.88 after choosing Melrose",fail,Medium,M-1,,,"same price, or a note that prices depend on the store",$14.29 -> $15.88,,,,journeys/P02_shop_after_store_melrose.png,,
C1225,crawl,www.thecurecompany.com,price_before_vs_after_store,https://www.thecurecompany.com/product?slug=sluggers-hit---nyc-diesel-%7C-5pk---3.5-g-sluggers-hit-pre-rolls-3.5-51150&productId=51150,desktop 1366x900 Chromium (Playwright),"Sluggers Hit - NYC Diesel | 5pk - 3.5 g: $35.65 before choosing a store, $35.73 after choosing Melrose",fail,Medium,M-1,,,"same price, or a note that prices depend on the store",$35.65 -> $35.73,,,,journeys/P02_shop_after_store_melrose.png,,
C1226,crawl,www.thecurecompany.com,price_before_vs_after_store,https://www.thecurecompany.com/product?slug=raw-garden%E2%84%A2---pb-souffle-live-badder---1-g-raw-garden%E2%84%A2-concentrates-1-51080&productId=51080,desktop 1366x900 Chromium (Playwright),"Raw Garden™ - PB Souffle Live Badder - 1 g: $18.26 before choosing a store, $17.47 after choosing Melrose",fail,Medium,M-1,,,"same price, or a note that prices depend on the store",$18.26 -> $17.47,,,,journeys/P02_shop_after_store_melrose.png,,
C1227,crawl,www.thecurecompany.com,price_before_vs_after_store,https://www.thecurecompany.com/product?slug=cannabiotix---jet-lag-og-terp-sugar---1-g-cannabiotix-concentrates-1-51098&productId=51098,desktop 1366x900 Chromium (Playwright),"Cannabiotix - Jet Lag OG Terp Sugar - 1 g: $22.24 before choosing a store, $22.24 after choosing Melrose",pass,,,,,"same price, or a note that prices depend on the store",$22.24 -> $22.24,,,,journeys/P02_shop_after_store_melrose.png,,
C1228,crawl,www.thecurecompany.com,price_before_vs_after_store,https://www.thecurecompany.com/product?slug=cannabiotix---grape-gasby-terp-sugar---1-g-cannabiotix-concentrates-1-51101&productId=51101,desktop 1366x900 Chromium (Playwright),"Cannabiotix - Grape Gasby Terp Sugar - 1 g: $22.24 before choosing a store, $22.24 after choosing Melrose",pass,,,,,"same price, or a note that prices depend on the store",$22.24 -> $22.24,,,,journeys/P02_shop_after_store_melrose.png,,
C1229,crawl,www.thecurecompany.com,price_before_vs_after_store,https://www.thecurecompany.com/product?slug=cannabiotix---blue-milk-og-terp-sugar---1-g-cannabiotix-concentrates-1-51106&productId=51106,desktop 1366x900 Chromium (Playwright),"Cannabiotix - Blue Milk OG Terp Sugar - 1 g: $22.24 before choosing a store, $22.24 after choosing Melrose",pass,,,,,"same price, or a note that prices depend on the store",$22.24 -> $22.24,,,,journeys/P02_shop_after_store_melrose.png,,
C1230,crawl,www.thecurecompany.com,price_before_vs_after_store,https://www.thecurecompany.com/product?slug=raw-garden%E2%84%A2---virgin-purps-refined-live-resin%E2%84%A2-crushed-diamonds---1-g-raw-garden%E2%84%A2-concentrates-1-51089&productId=51089,desktop 1366x900 Chromium (Playwright),"Raw Garden™ - Virgin Purps Refined Live Resin™ Crushed Diamonds - 1 g: $30.80 before choosing a store, $31.76 after choosing Melrose",fail,Medium,M-1,,,"same price, or a note that prices depend on the store",$30.80 -> $31.76,,,,journeys/P02_shop_after_store_melrose.png,,
C1231,crawl,www.thecurecompany.com,price_before_vs_after_store,https://www.thecurecompany.com/product?slug=raw-garden%E2%84%A2---pink-drink-live-rosin---1-g-raw-garden%E2%84%A2-concentrates-1-51085&productId=51085,desktop 1366x900 Chromium (Playwright),"Raw Garden™ - Pink Drink Live Rosin - 1 g: $31.69 before choosing a store, $31.76 after choosing Melrose",fail,Medium,M-1,,,"same price, or a note that prices depend on the store",$31.69 -> $31.76,,,,journeys/P02_shop_after_store_melrose.png,,
C1232,crawl,www.thecurecompany.com,price_before_vs_after_store,https://www.thecurecompany.com/product?slug=raw-garden%E2%84%A2---tropicana-cherry-live-rosin---1-g-raw-garden%E2%84%A2-concentrates-1-51079&productId=51079,desktop 1366x900 Chromium (Playwright),"Raw Garden™ - Tropicana Cherry Live Rosin - 1 g: $31.69 before choosing a store, $31.76 after choosing Melrose",fail,Medium,M-1,,,"same price, or a note that prices depend on the store",$31.69 -> $31.76,,,,journeys/P02_shop_after_store_melrose.png,,
C1233,crawl,www.thecurecompany.com,price_before_vs_after_store,https://www.thecurecompany.com/product?slug=raw-garden%E2%84%A2---jealous-runtz-live-rosin---1-g-raw-garden%E2%84%A2-concentrates-1-51074&productId=51074,desktop 1366x900 Chromium (Playwright),"Raw Garden™ - Jealous Runtz Live Rosin - 1 g: $31.69 before choosing a store, $31.76 after choosing Melrose",fail,Medium,M-1,,,"same price, or a note that prices depend on the store",$31.69 -> $31.76,,,,journeys/P02_shop_after_store_melrose.png,,
C1234,crawl,www.thecurecompany.com,price_before_vs_after_store,https://www.thecurecompany.com/product?slug=strawberry-jam-the-cure-company-root-category-39.7-37278&productId=37278,desktop 1366x900 Chromium (Playwright),"Strawberry Jam: $7.94 before choosing a store, $11.91 after choosing Melrose",fail,Medium,M-1,,,"same price, or a note that prices depend on the store",$7.94 -> $11.91,,,,journeys/P02_shop_after_store_melrose.png,,
C1235,crawl,www.thecurecompany.com,price_before_vs_after_store,https://www.thecurecompany.com/product?slug=indica-watermelon---individuals-kushy-punch-candy-30-36826&productId=36826,desktop 1366x900 Chromium (Playwright),"Indica Watermelon - Individuals: $11.12 before choosing a store, $12.71 after choosing Melrose",fail,Medium,M-1,,,"same price, or a note that prices depend on the store",$11.12 -> $12.71,,,,journeys/P02_shop_after_store_melrose.png,,
C1236,crawl,www.thecurecompany.com,price_before_vs_after_store,https://www.thecurecompany.com/product?slug=releaf%E2%84%A2-tincture-30%3A1-cbd%3Athc-450mg-papa-and-barkley-edible-oils-15-36862&productId=36862,desktop 1366x900 Chromium (Playwright),"Releaf™ Tincture 30:1 CBD:THC 450mg: $51.62 before choosing a store, $51.62 after choosing Melrose",pass,,,,,"same price, or a note that prices depend on the store",$51.62 -> $51.62,,,,journeys/P02_shop_after_store_melrose.png,,
C1237,crawl,www.thecurecompany.com,price_before_vs_after_store,https://www.thecurecompany.com/product?slug=releaf-balm---3%3A1-cbd-rich-papa-and-barkley-root-category-50-36858&productId=36858,desktop 1366x900 Chromium (Playwright),"RELEAF BALM - 3:1 CBD RICH: $87.35 before choosing a store, $87.35 after choosing Melrose",pass,,,,,"same price, or a note that prices depend on the store",$87.35 -> $87.35,,,,journeys/P02_shop_after_store_melrose.png,,
C1238,crawl,www.thecurecompany.com,price_before_vs_after_store,https://www.thecurecompany.com/product?slug=releaf%E2%84%A2-balm-1%3A3-cbd%3Athc-400mg-papa-and-barkley-topicals-50-36848&productId=36848,desktop 1366x900 Chromium (Playwright),"Releaf™ Balm 1:3 CBD:THC 400mg: $59.56 before choosing a store, $59.56 after choosing Melrose",pass,,,,,"same price, or a note that prices depend on the store",$59.56 -> $59.56,,,,journeys/P02_shop_after_store_melrose.png,,
C1239,journey,www.thecurecompany.com,journey,https://www.thecurecompany.com/,"desktop Chromium (Playwright), 2026-09-27 12:33 PM PT","J01 Arrive on home page, pass age gate: pass with friction",pass,Medium,M-6,,Opened https://www.thecurecompany.com/ in a fresh session; closed VIP pop-up; clicked YES.,"Age gate first, no marketing pop-up stacked on top of it.","Age gate + cookie notice shown; AlpineIQ 'Sign Up For VIP Deals' pop-up opens on top of the age gate first. YES dismisses the gate. YES/NO are divs, not buttons.",,,,raw/recon/ag_0_arrival.png,,
C1240,journey,www.thecurecompany.com,journey,https://www.thecurecompany.com/,"desktop Chromium (Playwright), 2026-09-27 12:33 PM PT",J02 Choose pickup location: pass with friction,pass,Low,L-2,,Clicked 'Choose Your Location' and picked Melrose.,Readable store names; clear that a store must be picked to buy.,"Picker lists stores by slug (e.g. 'The-Cure-Company-Melrose'); after choosing, header shows 'PICKUP | 4316 Melrose Avenue...' and cards switch from 'Check Availability' to 'Add To Cart'.",,,,raw/recon/loc_0_picker.png,,
C1241,journey,www.thecurecompany.com,journey,https://www.thecurecompany.com/,"desktop Chromium (Playwright), 2026-09-27 12:33 PM PT",J03 Browse category (Flower): pass with friction,pass,Medium,M-10,,Shop > Flower 'View All' (/category?name=flower).,Only flower products; all images load.,315 results with infinite scroll (20 -> 280 after scrolling). Flower list contains pre-rolls; first card image broken.,,,,raw/recon/cat_0_flower.png,,
C1242,journey,www.thecurecompany.com,journey,https://www.thecurecompany.com/,"desktop Chromium (Playwright), 2026-09-27 12:33 PM PT",J04 Filter: pass,pass,,,,Ticked TYPE = Indica on /category?name=flower.,Filter narrows results.,"Result count 315 -> 62; cards updated. Filter lists contain duplicates/placeholders (Pre-Rolls vs Pre-rolls, Root category, Custom Brand) and sizes are not in numeric order.",,,,raw/recon/cat_2_indica.png,,
C1243,journey,www.thecurecompany.com,journey,https://www.thecurecompany.com/,"desktop Chromium (Playwright), 2026-09-27 12:33 PM PT",J05 Sort: fail,fail,Medium,M-3,,Looked for a sort control on /category?name=flower and /query.,Sort by price / name / newest.,No sort control exists (no select or sort UI).,,,,raw/recon/cat_0_flower.png,,
C1244,journey,www.thecurecompany.com,journey,https://www.thecurecompany.com/,"desktop Chromium (Playwright), 2026-09-27 12:33 PM PT",J06 Search: pass,pass,,,,Typed 'alien og' in the shop search; then searched 'zzqqxxnotaproduct'.,Relevant results; clear empty state.,10 results for 'alien og'; nonsense query shows 'No Products Found' (filter panel still lists 4 brands).,,,,raw/recon/search_1_alien.png ; raw/recon/search_2_noresults.png,,
C1245,journey,www.thecurecompany.com,journey,https://www.thecurecompany.com/,"desktop Chromium (Playwright), 2026-09-27 12:33 PM PT",J07 Product page: pass with friction,pass,Medium,M-11,,Opened 'Alien OG - Smalls' from search.,"Size, potency and quantity visible before adding.","Name, brand, category, price $79.41, description, Add To Cart. No size/weight, THC/CBD or quantity selector; 'Related Products' is the generic flower list with broken images.",,,,raw/recon/pdp_0.png,,
C1246,journey,www.thecurecompany.com,journey,https://www.thecurecompany.com/,"desktop Chromium (Playwright), 2026-09-27 12:33 PM PT",J08 Variants: not testable,not_tested,Medium,M-10,,Looked for size/weight variants on product pages.,Variant picker or size shown on each card.,Products have no variant selector; each size is a separate product card with the same name (e.g. 'Alien OG - Smalls' $79.41 and $142.94).,,,,raw/recon/search_1_alien.png,,
C1247,journey,www.thecurecompany.com,journey,https://www.thecurecompany.com/,"desktop Chromium (Playwright), 2026-09-27 12:33 PM PT",J09 Add to cart: pass,pass,,,,Clicked Add To Cart on product page.,Item added with confirmation.,"Button turns into a trash/qty/+ control; bottom cart bar shows 1 item and $99.99 (tax-inclusive, unlabeled).",,,,raw/recon/cart_0_after_add.png,,
C1248,journey,www.thecurecompany.com,journey,https://www.thecurecompany.com/,"desktop Chromium (Playwright), 2026-09-27 12:33 PM PT",J10 Change quantity: pass,pass,,,,In My Bag clicked + then -.,Line and total update.,"qty 2: line $158.82, To Pay $200.00; back to qty 1: $79.41 / $99.99.",,,,raw/recon/cart_2_qty2.png,,
C1249,journey,www.thecurecompany.com,journey,https://www.thecurecompany.com/,"desktop Chromium (Playwright), 2026-09-27 12:36 PM PT",J11 Invalid promo code: pass with friction,pass,Medium,M-4,,Guest bag/checkout: looked for a promo field (none). Logged-in checkout: entered QA-INVALID-0000 in 'Enter a promo' and clicked Apply.,Invalid code rejected with a message that stays next to the field; promo field visible to all shoppers.,"Guest: no promo field in bag or checkout step 1. Logged in: PUT /explicitDiscount 200; toast 'Invalid or expired promo code' shows for ~2 s then disappears; totals unchanged ($99.99); pageerror ""Cannot read properties of null (reading 'classList')"".",,,,journeys/C05_invalid_promo.png ; journeys/C05b_invalid_promo_after.png,videos/checkout_price_promo_placeorder.mp4,
C1250,journey,www.thecurecompany.com,journey,https://www.thecurecompany.com/,"desktop Chromium (Playwright), 2026-09-27 12:33 PM PT",J12 Create account: pass with friction,pass,Low,L-6,,"Filled /signup (phone 213-555-0147 fictional, test inbox email). Tested empty submit and password mismatch first.",Account created; clear next step.,"Empty: 'Please fill in all fields'. Mismatch: 'Passwords do not match' (shown twice). Valid: POST /register 200, then an OTP field ('SUBMIT OTP'); welcome email and 'one time code to login' email arrive in ~1 min.",,,,journeys/A01_signup_empty_submit.png ; journeys/A02_signup_password_mismatch.png ; journeys/A04_signup_after_register.png,,
C1251,journey,www.thecurecompany.com,journey,https://www.thecurecompany.com/,"desktop Chromium (Playwright), 2026-09-27 12:33 PM PT",J13 Verify email via test inbox (OTP): pass with friction,pass,High,H-4,,Password login before verifying; then 'Login using one time code' -> Send OTP -> code from test inbox -> Login.,Clear 'verify your account' message; OTP verifies.,Unverified password login: API says 'Please verify your account first. Use OTP login' but UI shows 'Invalid email or password' for ~2 s. OTP email arrived in ~5 s; OTP login succeeded and account became usable. Console error 'Error syncing bag ... totalItemsInCart' after login.,,,,journeys/A07b_login_unverified_invalid_msg.png ; journeys/A09_otp_sent.png ; journeys/A11_after_otp_login.png,videos/unverified_login_shows_invalid_password.mp4,
C1252,journey,www.thecurecompany.com,journey,https://www.thecurecompany.com/,"desktop Chromium (Playwright), 2026-09-27 12:36 PM PT",J14 Loyalty sign-up / points: fail,fail,High,H-3,,"Logged in as the new member; opened /profile; tried /rewards, /loyalty.","Member can see points balance, tier and how to earn/redeem.","API: isLoyaltyUser true, program active with tiers (Tier 1: 'Earn scan points to redeem coupons'). UI shows no points, tier or rewards anywhere; console 'Tiers container not found'; wallet-pass request 404; /rewards and /loyalty 404.",,,,journeys/A12_profile.png,,
C1253,journey,www.thecurecompany.com,journey,https://www.thecurecompany.com/,"desktop Chromium (Playwright), 2026-09-27 12:36 PM PT",J15 Checkout up to payment/order step: pass with friction (stopped before Place Order),pass,Medium,M-5,,"Logged in, added Alien OG - Smalls, /checkout: step 1 User Details (prefilled) -> Continue -> step 2 Identification.","Clear pickup time, payment method and what ID is required before placing the order.","Step 2 asks for Government ID and Patient ID uploads; 'Place Order' is enabled even with no ID uploaded. No payment step, pickup time, or payment method is shown before Place Order. Stopped here (did not upload ID or click Place Order). Guest checkout requires an email OTP first.",,,,journeys/C04_checkout_step1.png ; journeys/C06_checkout_step2.png,videos/checkout_price_promo_placeorder.mp4,
C1254,journey,www.thecurecompany.com,journey,https://www.thecurecompany.com/,"desktop Chromium (Playwright), 2026-09-27 12:36 PM PT",J16 Price consistency product -> bag -> checkout: pass with friction,pass,Medium,M-2,,"Compared Alien OG - Smalls prices on search card, product page, bag and checkout.",Consistent prices and clear tax labeling before the bag.,Card $79.41 = PDP $79.41 = bag line $79.41 = checkout line $79.41 = checkout subtotal $79.41; taxes 7.54+13.04 -> To Pay $99.99 in bag and checkout (math correct). But the sticky bag bar shows $99.99 right after adding a $79.41 item with no 'incl. tax' label; the PDP/cards never mention that ~26% tax is added.,,,,journeys/C02_pdp_price.png ; journeys/C03_added_bottom_bar.png ; journeys/C04_checkout_step1.png,videos/checkout_price_promo_placeorder.mp4,
C1255,journey,www.thecurecompany.com,journey,https://www.thecurecompany.com/,"desktop Chromium (Playwright), 2026-09-27 12:36 PM PT",J17 Remove item from bag: pass,pass,,,,My Bag -> Delete on the only line.,"Item removed, empty state.",Line removed; bag empty; /checkout shows 'Your cart is empty' (with 2 JS errors in console on the empty checkout page).,,,,journeys/C07_bag_before_delete.png ; journeys/C08_bag_after_delete.png,,
C1256,journey,www.thecurecompany.com,journey,https://www.thecurecompany.com/,"desktop Chromium (Playwright), 2026-09-27 12:37 PM PT",J18 Log out / log in: pass,pass,,,,Profile -> Log out; opened /profile logged out; logged in with email + password.,Logout/login work.,Logout clears session and returns home; /profile redirects to /login?from=%2Fprofile; password login succeeds and returns to home (not back to the page I came from).,,,,journeys/A13_after_logout.png ; journeys/A14_password_login.png,,
C1257,journey,www.thecurecompany.com,journey,https://www.thecurecompany.com/,"desktop Chromium (Playwright), 2026-09-27 12:39 PM PT",J19 Password reset via test inbox: pass with friction,pass,Critical,SEC-1,,"/forgot-password (empty submit, then test email) -> email 'Request to reset password' -> opened link -> saved new password -> logged in with new, old rejected.",Working clickable https link; link single-use and expiring.,"Empty: 'Please enter email or phone number'. Request: 'Instructions for reset password sent to ...' + 'Reset link sent successfully'. Email arrived in <30 s from info@curecompany.com. The link's href has no https:// scheme (www.thecurecompany.com/reset-password?passwordToken=...), so it had to be opened manually. New password worked, old rejected. The same link then accepted a second new password (link not single-use; token has no exp claim).",,,,journeys/A16_forgot_submitted.png ; journeys/A17_reset_link_opened.png ; journeys/A19_old_password_rejected.png ; journeys/A21_used_reset_link_reopened.png ; journeys/A23_login_with_password_from_reused_link.png,videos/reset_link_reusable.mp4,
C1258,journey,www.thecurecompany.com,journey,https://www.thecurecompany.com/,"desktop Chromium (Playwright), 2026-09-27 12:40 PM PT",J20 Newsletter / VIP list signup: blocked,not_tested,Medium,M-6,,Footer 'JOIN VIP LIST' (opens lab.alpineiq.com/join/c/4413/109731 in a new tab) and the auto pop-up; submitted empty to see validation only.,Email-only newsletter option that the test inbox can confirm.,"Only newsletter on the site is AlpineIQ 'Sign Up For VIP Deals': Mobile Phone, Favorite Store and a drawn Signature are required, email optional, and the consent covers autodialed texts/calls. No email-only option; account profile has no newsletter toggle. Empty submit: 'This field is required' x5 and a 'You must agree to the terms and conditions' toast (consent checkbox sits below the Sign Up button). Not submitted: needs a real mobile number + SMS consent; no test phone was provided.",,,,journeys/N01_vip_form.png ; journeys/N03_vip_empty_submit.png,,
C1259,journey,www.thecurecompany.com,journey,https://www.thecurecompany.com/,"desktop Chromium (Playwright), 2026-09-27 12:42 PM PT",J21 Guest bag kept after logging in: fail,fail,High,H-1,,"Fresh session: passed gate, chose Melrose, added Alien OG - Smalls (guest checkout shows it), then logged in with email + password and reopened /checkout.",Guest bag merged into the account bag on login.,Bag is emptied on login: /checkout shows 'Your cart is empty'; localStorage cart removed; console 'Error syncing bag: TypeError: Cannot read properties of undefined (reading totalItemsInCart)' (global.js:3930).,,,,journeys/R1_guest_checkout_has_item.png ; journeys/R1_after_login_cart_empty.png,videos/guest_bag_emptied_on_login.mp4,
C1260,journey,www.thecurecompany.com,journey,https://www.thecurecompany.com/,"mobile 390x844 Chromium (Playwright), 2026-09-27 12:44 PM PT",J22 Mobile (390x844) shop -> bag -> checkout: pass with friction,pass,Medium,M-7,,"iPhone 13 emulation: arrival, age gate, hamburger menu, location, product, add to cart, bag, checkout step 1.",Shop link in the menu; nothing covering the Checkout button.,"VIP pop-up covers the age gate on arrival. Hamburger menu has no Shop/Products link (BRAND, LOCATIONS, GENETICS, WHOLESALE, ABOUT US, CONTACT US, Log In); BRAND goes to the apex domain (thecurecompany.com/brand?...) and 301s back. The UserWay accessibility button sits on top of the sticky 'Checkout' button (text reads 'Check'). No horizontal overflow on bag/checkout.",,,,journeys/M01_mobile_arrival.png ; journeys/M03_mobile_menu_open.png ; journeys/M07_mobile_added.png ; journeys/M09_mobile_checkout.png,videos/mobile_menu_userway_overlap.mp4,
C1261,probe,www.thecurecompany.com,reverify_M-14,https://www.thecurecompany.com,"desktop 1366x900 Chromium (Playwright), 2026-09-27 01:07 PM PT","Home page HTML references 29 script URLs on webflow-plugin-stage-api.batchsys.com, e.g. https://webflow-plugin-stage-api.batchsys.com/scripts/UIComponents.js; data API is customer-backend-production.batchsys.com.",fail,Medium,M-14,,,,,,,https://webflow-plugin-stage-api.batchsys.com/scripts/UIComponents.js | https://webflow-plugin-stage-api.batchsys.com/scripts/addressModal.js | https://webflow-plugin-stage-api.batchsys.com/scripts/addressPage.js,screenshots/evidence/staging_scripts.png,,
C1262,probe,www.thecurecompany.com,reverify_M-13,https://www.thecurecompany.com,"desktop 1366x900 Chromium (Playwright), 2026-09-27 01:07 PM PT","GET of the 6 product image URLs from the crawl: HTTP [403, 403, 403, 403, 403, 403] (AccessDenied XML).",fail,Medium,M-13,,,,,,,39a41a2580cba2e7618d27c22a8f6640.png -> 403 | 3b6d7e2403d92d2de6f7ebfcc491dae5.png -> 403 | fac93e50c305498099856c062a92d7cc56b769de.png -> 403 | 57e5906793bab60eab1dae35bd263415.jpg -> 403 | 633c48a4953489a3c2e36ff78551a6d8.png -> 403 | 8c6968e7fe54e9549ccc29eed6e8e20d.png -> 403,screenshots/pages/desktop_product_slug_.5g_pod---do-si-dos-stiiizy-root-category-0.5-33839.png,,
C1263,probe,www.thecurecompany.com,reverify_L-3,https://www.thecurecompany.com,"desktop 1366x900 Chromium (Playwright), 2026-09-27 01:07 PM PT",Last-updated dates in page HTML: /privacy: 2023-13-03; /terms: 2023-21-04 (month 13 and 21 do not exist; likely YYYY-DD-MM).,fail,Low,L-3,,,,,,,,screenshots/pages/desktop_privacy.png,,
C1264,probe,www.thecurecompany.com,reverify_L-4,https://www.thecurecompany.com/framework,"desktop 1366x900 Chromium (Playwright), 2026-09-27 01:07 PM PT","/framework -> HTTP 200, title ""Framework - Mochakk Hollywood Takeover""; page listed in sitemap.xml.",fail,Low,L-4,,,,,,,,screenshots/pages/desktop_framework.png,,
C1265,probe,www.thecurecompany.com,reverify_L-5,https://www.thecurecompany.com,"desktop 1366x900 Chromium (Playwright), 2026-09-27 01:07 PM PT","robots.txt is only: ""Sitemap: https://www.thecurecompany.com/sitemap.xml"". Titles: /login = ""Login""; /signup = ""Sign Up""; /forgot-password = ""Forgot Password""; /category?name=flower = ""Category""; /query?search=alien = ""Query"". 92/96 crawled pages have no H1.",fail,Low,L-5,,,,,,,,screenshots/evidence/robots_titles.png,,
C1266,probe,www.thecurecompany.com,reverify_L-6,https://www.thecurecompany.com,"desktop 1366x900 Chromium (Playwright), 2026-09-27 01:07 PM PT","Test inbox: sender(s) ['info@curecompany.com'] (site domain is thecurecompany.com); subjects {'Request to reset password for The Cure Company': 2, 'The Cure Company: one time code to login': 2, 'Welcome to The Cure Company': 1}; sign-up code email subject says 'one time code to login'; welcome email arrived at the same second as the first code (2026-09-27T19:31:09+00:00 UTC), i.e. before verification; latest email loads images from a Cloudinary '/test/' folder: True.",fail,Low,L-6,,,,,,,,screenshots/evidence/email_facts.png,,
C1267,probe,www.thecurecompany.com,reverify_M-11,https://www.thecurecompany.com/product?slug=alien-og---smalls-the-cure-company-root-category-14-36924&productId=36924,"desktop 1366x900 Chromium (Playwright), 2026-09-27 01:09 PM PT","PDP 'Alien OG - Smalls': 0 visible size/variant selects, THC/potency value shown: False, quantity control before adding: False. Related products section present: True.",fail,Medium,M-11,,,,,,,,screenshots/reverify/M11_pdp.png,,
C1268,probe,www.thecurecompany.com,reverify_L-1,https://www.thecurecompany.com/checkout,"desktop 1366x900 Chromium (Playwright), 2026-09-27 01:09 PM PT","Checkout Prop 65 link ""p65warnings.ca.gov"": text colour rgb(0, 0, 0) on background rgb(0, 0, 0) (link outlined in blue in the screenshot).",fail,Low,L-1,,,,,,,,screenshots/reverify/L1_prop65_link.png,,
C1269,probe,www.thecurecompany.com,reverify_H-3,https://www.thecurecompany.com/profile,"desktop 1366x900 Chromium (Playwright), 2026-09-27 01:13 PM PT","Logged-in /profile shows the word points or tier: False; loyalty/tier requests: [(404, 'omer-backend-production.batchsys.com/api/v1/brand/loyalty/pass/loyalty'), (200, 's://customer-backend-production.batchsys.com/api/v1/user/loyalty/brand'), (200, 'rway.org/api/img-dscr/v2/VdlzZw6aXL/3797231/C3K0vTzgAYVHh0GQ/alts.json'), (200, 'rway.org/api/img-dscr/v2/VdlzZw6aXL/3797231/C3K0vTzgAYVHh0GQ/alts.json')]; console: ['Tiers container not found']; [('/rewards', 404), ('/loyalty', 404)].",fail,High,H-3,,,,,,,404 omer-backend-production.batchsys.com/api/v1/brand/loyalty/pass/loyalty | 200 s://customer-backend-production.batchsys.com/api/v1/user/loyalty/brand | 200 rway.org/api/img-dscr/v2/VdlzZw6aXL/3797231/C3K0vTzgAYVHh0GQ/alts.json | 200 rway.org/api/img-dscr/v2/VdlzZw6aXL/3797231/C3K0vTzgAYVHh0GQ/alts.json,screenshots/reverify/H3_profile_no_loyalty.png,,
C1270,probe,www.thecurecompany.com,reverify_M-2,https://www.thecurecompany.com/product?slug=strawberry-jam-the-cure-company-root-category-39.7-37278&productId=37278,"desktop 1366x900 Chromium (Playwright), 2026-09-27 01:13 PM PT","Strawberry Jam product page (first price on page $11.91); after Add To Cart the bottom bar reads ""1 | $15 | View Cart | Checkout"" with no label. Product page mentions tax above Related Products: False.",fail,Medium,M-2,,,,,,,,screenshots/reverify/M2_bar_after_add.png,,
C1271,probe,www.thecurecompany.com,reverify_H-1,https://www.thecurecompany.com/checkout,"desktop 1366x900 Chromium (Playwright), 2026-09-27 01:14 PM PT","Guest added Strawberry Jam (not in the account's saved bag) and it was listed at checkout: True. After logging in (success=True) checkout lists Strawberry Jam: False; Alien OG (the account's saved bag): False. Console: [""Error syncing bag: TypeError: Cannot read properties of undefined (reading 'totalItemsInCart')\n    at https://webflow-plugin-stage-api.batchsys.com/scripts/global.js:3930:21\n    at https://webflow-plu""].",fail,High,H-1,,,,,,,,screenshots/reverify/H1_after_login_checkout.png,,
C1272,probe,www.thecurecompany.com,reverify_L-9,https://www.thecurecompany.com/login,"desktop 1366x900 Chromium (Playwright), 2026-09-27 01:14 PM PT","Console errors right after login: [""Error syncing bag: TypeError: Cannot read properties of undefined (reading 'totalItemsInCart')\n    at https://webflow-plugin-stage-api.batchsys.com/scripts/global.js:3930:21\n    at https://webflow-plu""]. Empty guest /checkout logged 0 errors at re-check.",fail,Low,L-9,,,,,,,,,,
C1273,probe,www.thecurecompany.com,reverify_M-15,https://www.thecurecompany.com,"desktop 1366x900 Chromium (Playwright), 2026-09-27 01:17 PM PT","Before pressing YES (age gate still showing: True): 14 cookies set, 10 of them from ad-tech domains ['.crwdcntrl.net', '.doubleclick.net', '.exelator.com', '.quantserve.com', '.sitescout.com']. The notice says 'we never collect any personal data'. There is no accept/decline choice.",fail,Medium,M-15,,,,,,,,screenshots/reverify/M6_popup_over_age_gate.png,,
C1274,probe,www.thecurecompany.com,reverify_M-3,https://www.thecurecompany.com/category?name=flower,"desktop 1366x900 Chromium (Playwright), 2026-09-27 01:17 PM PT","/category?name=flower: visible selects 0, the word 'sort' on the page: False.",fail,Medium,M-3,,,,,,,,screenshots/reverify/M3_category_no_sort.png,,
C1275,probe,www.thecurecompany.com,reverify_L-10,https://www.thecurecompany.com/shop,"desktop 1366x900 Chromium (Playwright), 2026-09-27 01:17 PM PT","/shop: 120 of 120 visible product card images have no alt text. Crawl total: 82/1111 visible non-decorative images without alt (67 shop cards, 10 location thumbnails, 4 footer icons, 1 footer logo).",fail,Low,L-10,,,,,,,,,,
C1276,probe,www.thecurecompany.com,reverify_L-2,https://www.thecurecompany.com,"desktop 1366x900 Chromium (Playwright), 2026-09-27 01:17 PM PT","Location picker shows slug-style names: ['CCC-by-The-Cure-Company', 'The-Cure-Company-Crenshaw', 'The-Cure-Company-DTPG', 'The-Cure-Company-Melrose', 'The-Cure-Company-Pico', 'The-Cure-Company-South-LA'].",fail,Low,L-2,,,,,,,,screenshots/reverify/L2_location_picker_slugs.png,,
C1277,probe,www.thecurecompany.com,reverify_M-1,https://www.thecurecompany.com/shop,"desktop 1366x900 Chromium (Playwright), 2026-09-27 01:17 PM PT","/shop re-check: 17 product names appear once before and once after choosing Melrose; 6 keep the same price, 11 change, e.g. [('Top Shelf Cultivation - Whoa Si Whoa Preroll - 1 g', '$8.71', '$8.74'), ('Kingroll - 4-Pack Zoap x Permanent Marker Hybrid - 3 g', '$29.31', '$31.76'), ('Kingroll - Single Grandi Guava x Grapefruit Romulan - 1.3 g', '$14.29', '$15.88')].",fail,Medium,M-1,,,,,,,,screenshots/reverify/M1_shop_after_store.png,,
C1278,probe,www.thecurecompany.com,reverify_M-9,https://www.thecurecompany.com/product?slug=community-cannabis---dosi-cake-#10---rosin--1g-custom-brand-root-category-34738,"desktop 1366x900 Chromium (Playwright), 2026-09-27 01:17 PM PT",Sitemap URL with an unencoded '#' (https://www.thecurecompany.com/product?slug=community-cannabis---dosi-cake-#10---rosin--1g...) opens with no product name or price above Related Products: True. 98 of 8554 sitemap product URLs contain '#'.,fail,Medium,M-9,,,,,,,,screenshots/reverify/M9_hash_url_empty.png,,
C1279,probe,www.thecurecompany.com,reverify_M-12,https://www.thecurecompany.com,"desktop 1366x900 Chromium (Playwright), 2026-09-27 01:18 PM PT","Second, sequential load sample (96 URLs, one fresh context each): 7/96 under 3 s, median 3170 ms, max 3850 ms. First sample: 10/96 under 3 s, median 3203 ms.",fail,Medium,M-12,,,,,,,,,,
C1280,probe,www.thecurecompany.com,reverify_H-4,https://www.thecurecompany.com,"desktop 1366x900 Chromium (Playwright), 2026-09-27 01:18 PM PT",Needs an unverified account; the only test account is now verified and a second account would need another phone number. Evidence is the 12:3x PM PT video (unverified_login_shows_invalid_password): the UI said 'Invalid email or password' while the API answered 'Please verify your account first'.,not_tested,,,,,,,,,,journeys/A07b_login_unverified_invalid_msg.png,,
C1281,probe,www.thecurecompany.com,reverify_M-7,https://www.thecurecompany.com/,"mobile 390x844 Chromium (Playwright), 2026-09-27 01:09 PM PT","Mobile 390x844 hamburger menu links: BRAND, LOCATIONS, GENETICS, WHOLESALE, ABOUT US, CONTACT US, Log In; a Shop link present: False; BRAND -> https://thecurecompany.com/brand?name=the%20cure%20company (apex domain, 301 to www).",fail,Medium,M-7,,,,,,,,screenshots/reverify/RV_mobile_menu.png,,
C1282,probe,www.thecurecompany.com,reverify_M-8,https://www.thecurecompany.com/product?slug=alien-og---smalls-the-cure-company-root-category-14-36924&productId=36924,"mobile 390x844 Chromium (Playwright), 2026-09-27 01:19 PM PT","Mobile 390x844 PDP after Add To Cart: sticky Checkout button at x=254 y=786 w=126 h=38. document.elementFromPoint at its centre and right edge returns the UserWay widget (SPAN.usr), not the button: [(286, 'A.primarybutton w-button'), (317, 'SPAN.usr'), (372, 'SPAN.usr')].",fail,Medium,M-8,,,,,,,,screenshots/reverify/M8_userway_over_checkout_live.png,,
C1283,probe,www.thecurecompany.com,reverify_L-7,https://www.thecurecompany.com/category?name=flower,"mobile 390x844 Chromium (Playwright), 2026-09-27 01:17 PM PT","Mobile 390x844 /category?name=flower filter panel: the text 'Indica' is a SPAN with cursor:pointer, inside a <label>: False; after tapping it the Indica checkbox is checked: [False]. Age gate YES is a DIV, not a button; the gate has no checkbox: True; Tab reaches YES: False.",fail,Low,L-7,,,,,,,,screenshots/reverify/L7_mobile_label_tap.png,,
C1284,probe,www.thecurecompany.com,reverify_M-4,https://www.thecurecompany.com/checkout,"desktop 1366x900 Chromium (Playwright), 2026-09-27 01:25 PM PT","Guest checkout promo fields: 0. Logged in: promo field present (1); entered QA-INVALID-0000 and pressed Apply: 'Invalid or expired promo code' visible from 0.75 s to 3.75 s after the click, then gone; no message next to the field; page error: [""pageerror: Cannot read properties of null (reading 'classList')""]. PUT explicitDiscount -> 200.",fail,Medium,M-4,,,,,,,,screenshots/reverify/M4_promo_message_live.png,,
C1285,probe,www.thecurecompany.com,reverify_M-5,https://www.thecurecompany.com/checkout,"desktop 1366x900 Chromium (Playwright), 2026-09-27 01:25 PM PT","Logged-in checkout (Place Order never clicked): #place-order disabled at step 1: True; at step 2 (Identification) with no Government ID or Patient ID uploaded, disabled: False (i.e. enabled). Step 2 mentions a pickup time: False; a payment method: False.",fail,Medium,M-5,,,,,,,,screenshots/reverify/RV_step2_place_order.png,,
C1286,probe,www.thecurecompany.com,reverify_L-8,https://www.thecurecompany.com/checkout,"desktop 1366x900 Chromium (Playwright), 2026-09-27 01:25 PM PT","Logged-in checkout: the one country-code <select> (#countryCode-checkout) has 227 options; 25 entries appear twice, e.g. US (+1), JP (+81), RU (+7), ES (+34), NL (+31), NO (+47), SE (+46), CH (+41) (also CZ, MY, NZ).",fail,Low,L-8,,,,,,,,,,
C1287,probe,www.thecurecompany.com,reverify_SEC-1,https://www.thecurecompany.com,"desktop 1366x900 Chromium (Playwright), 2026-09-27 01:25 PM PT","Fresh reset requested 2026-09-27 01:17 PM PT (email received 2026-09-27T20:17:17+00:00 UTC). Link opened, password A saved (HTTP 200); the SAME link opened again and password B saved: HTTP 200, success=True. Login with A: False; login with B: True. Token claims ['data', 'iat'], exp present: False. Also: a link already used twice at ~12:50 PM PT set a third password at 1:09 PM PT.",fail,Critical,SEC-1,,Request reset; open link; save A; open same link; save B; log in with B,Second use rejected; token expires,Second use accepted; login with B works,,,POST .../api/v1/changePassword/<token> -> 200 on both submits (token redacted),screenshots/reverify/RV_reset_second_save.png,,
C1288,probe,www.thecurecompany.com,reverify_H-2,https://www.thecurecompany.com,"desktop 1366x900 Chromium (Playwright), 2026-09-27 01:25 PM PT","Fresh reset email (2026-09-27T20:17:17+00:00 UTC, from info@curecompany.com): link href starts ""www.thecurecompany.com/reset-password"" with no https:// scheme. Opened from a web page it resolves relative to that page (demo 12:53 PM PT: localhost/www.thecurecompany.com/reset-password -> 404).",fail,High,H-2,,,,,,,,screenshots/reset_email_link_click_result.png,,
C1289,probe,www.thecurecompany.com,reverify_M-10,https://www.thecurecompany.com/category?name=flower,"desktop 1366x900 Chromium (Playwright), 2026-09-27 01:25 PM PT","/category?name=flower filters (2026-09-27 01:08 PM PT): CATEGORIES include 'Pre-Rolls' and 'Pre-rolls' and 'Root category'; BRANDNAMES include 'Custom Brand': True; SIZE list in text order (0.35g, 0.5g, 0.75g, 0.7g, 1.25g, 1.2g...). Search 'alien og' after choosing Melrose shows two cards named 'Alien OG - Smalls' at ['$142.94', '$79.41'] with no size. Crawl: 6/60 sampled product pages show category 'Root category'.",fail,Medium,M-10,,,,,,,,screenshots/reverify/RV_category_flower.png,,
C1290,probe,www.thecurecompany.com,reverify_M-6,https://www.thecurecompany.com,"desktop 1366x900 Chromium (Playwright), 2026-09-27 01:25 PM PT","Fresh session: the AlpineIQ 'Sign Up For VIP Deals' iframe (https://lab.alpineiq.com/join/c/4413/109731) is visible on arrival while the age gate is showing; document.elementFromPoint at the YES button returns the IFRAME, so the pop-up must be closed before YES can be pressed. Required fields per the form: First Name*, Last Name*, Mobile Phone*, Favorite Store*, Signature*.",fail,Medium,M-6,,,,,,,,screenshots/reverify/RV_arrival_vip_over_gate.png,,
